Mean endogenous RPM,Mean Reporter RPM*Mean Reporter Edit fraction
178.9402,71.75334
208.283,68.25835
594.0642,331.2989
474.7876,52.19779
1141.9,186.8567
189.0702,150.4628
155.1261,112.2921
22.98928,25.66405
266.5913,249.0358
387.9595,374.7028
191.0254,110.4577
298.3244,359.6274
935.21,293.2037
47.4617,148.1628
858.9643,4.791059
210.6977,187.2432
182.4739,32.56464
389.4123,321.2972
303.3866,236.5752
192.1097,161.8675
179.7801,207.5356
0,0
0,37.21166
0,0
0,0.735919
0,0
0,0
0,0
0,0
0.144943,0
2.24275,0
0,0
0,0
0,0
0.675621,26.37892
0,0
4.628813,8.359654
104.4135,2.49693
1.616294,2.07942
0.566149,0
14.08286,0
0.175261,0
601.8582,0
187.1484,5.27515
1206.228,22.10154
665.6176,1.2897
600.6553,12.57403
1286.378,12.24935
920.592,8.276683
721.7994,2.731766
532.1946,0
640.9197,0
834.2075,3.357289
442.5348,123.772
659.2831,0
584.54,0
888.3967,24.87045
700.5608,206.7387
687.9108,1.849345
399.343,4.812256
767.6105,36.62496
1052.87,0.343344
373.4017,0.915173
459.9514,27.86391
1381.791,189.3438
625.0842,7.216019
837.6005,16.74332
862.8188,19.48255
1409.78,53.1384
856.4734,56.60272
889.9429,2.645664
1510.591,9.790407
652.2731,68.71576
1131.742,8.704847
639.5166,7.8509
1455.75,10.65462
116.9159,2.995764
1008.307,6.231478
1299.792,14.77656
50.97537,0
803.3687,9.526233
2033.995,11.897
852.0285,21.98315
1705.816,88.2197
681.2691,495.4522
1108.821,153.4837
178.0473,0
1627.584,42.4553
372.4011,61.73508
1119.696,699.0336
863.7938,346.8326
2207.962,102.7049
430.7032,119.159
30.46577,0
1345.801,144.3314
344.8654,173.0321
1148.675,81.73142
1195.348,116.5368
2141.001,91.63132
762.5005,309.7413
1487.29,518.9089
1720.127,543.4849
1557.7,388.847
1053.11,73.78058
955.1303,534.4454
112.1628,77.08475
2860.947,261.5629
771.3192,136.002
2429.349,110.8161
2420.878,149.1001
2556.28,309.7482
3731.953,383.8435
1546.014,4.985325
1781.195,245.6594
1371.747,206.6771
2028.846,112.8819
3025.169,386.1904
2439.221,550.4444
876.5984,229.4926
4615.805,462.2364
4918.168,784.7952
344.5895,21.60796
2307.974,343.4855
4357.13,129.9428
4530.279,84.14599
1111.473,261.5257
239.9362,52.87134
389.7974,28.91937
689.7493,217.6075
2219.267,0
534.2568,12.88408
465.846,2.596547
1001.78,43.07334
177.0266,11.24209
653.7028,108.1021
356.4853,54.30073
4065.208,24.33507
727.216,117.5379
573.7464,33.31931
591.2942,66.06439
267.7331,9.758837
672.1161,64.78387
1257.982,162.9998
692.2663,15.39249
779.2169,172.5532
1115.05,183.3833
562.4555,30.52845
1786.668,275.3458
643.164,62.46199
85.3337,15.97994
1974.786,95.97159
813.4745,53.64243
922.3435,72.6711
1709.087,102.7912
2478.369,193.5459
238.5503,12.46043
316.2927,38.51021
2240.648,151.1067
1492.254,79.48114
1111.128,123.9721
161.3983,60.58454
2147.506,484.8084
1232.457,83.10652
737.3565,248.5492
573.5951,60.5384
1782.752,59.64017
1845.453,107.2635
1050.639,38.80504
281.2807,159.0204
304.3279,7.201019
110.1617,0
253.6315,14.816
662.3547,47.7033
304.8946,41.56483
17.80102,0
638.2428,32.21203
30.82034,4.075517
27.47055,90.7948
76.51627,0
1144.307,8.096341
1107.103,9.43906
1521.581,72.46782
1217.015,67.89734
51.77773,0
328.5922,24.18459
304.3879,35.333
225.5088,1.98272
368.2815,28.25932
127.4295,50.06163
890.701,59.34858
338.9375,21.22631
55.54422,0
355.8398,15.47472
22.24402,0
88.91586,72.2209
541.8532,23.14993
487.7336,157.5251
625.4543,174.0261
444.2242,274.2333
529.4263,158.6836
381.0781,17.99091
43.06234,7.66683
62.86644,0
28.47579,0
398.3429,11.15554
228.7331,26.59519
15.74069,20.71993
40.78933,0
197.903,2.804938
56.96417,70.68443
948.3462,217.4861
1118.163,46.93969
1558.482,90.89577
1028.913,96.21929
2970.413,5.367332
653.3842,88.74286
1127.421,496.3772
1738.505,350.9453
549.7044,198.4229
65.11624,56.74499
1611.075,373.2177
1396.954,115.7857
1407.388,432.0164
48.55092,0.43995
1890.651,388.5076
464.1961,15.59337
2006.307,406.5318
2429.379,395.5799
1685.236,644.1575
1662.232,247.045
1091.525,251.4378
405.1205,103.5033
474.0524,267.0918
473.7068,243.4518
477.5674,153.466
912.5177,344.6969
2043.908,22.19461
1056.155,157.9166
913.0069,453.9923
4111.754,39.59481
740.9877,198.6832
1478.414,76.66486
444.5857,93.68287
431.3245,53.71343
1331.626,372.8188
3823.375,107.9173
426.9825,52.80478
1226.675,329.3987
2060.169,37.50389
0,77.29493
1123.908,226.6191
698.9601,62.67383
751.5515,65.94846
253.0528,123.1325
409.7505,99.39035
2127.745,40.24881
820.5041,82.60376
204.9865,32.70155
548.3451,107.6458
872.6384,22.85175
841.4889,33.12654
341.5358,53.69864
562.5851,39.1095
1559.508,155.3771
971.1333,8.925711
487.0306,24.50869
1703.321,54.17182
603.888,37.07407
904.8771,35.62669
679.1277,103.2581
895.8991,87.55061
695.7269,9.604602
166.0802,85.89282
1302.892,448.304
232.9422,13.99665
408.1355,78.76344
1575.391,51.46599
1944.771,313.1466
543.1771,14.95454
1309.127,154.2551
1957.99,318.8067
1007.839,83.79512
2152.752,2.407572
2420.299,77.76354
610.1901,34.31042
263.4688,12.54629
383.8383,49.90607
1056.346,90.23563
1464.615,203.4979
988.1704,392.9809
164.8484,54.98427
309.1413,37.89232
1420.025,200.0283
317.1455,14.68351
536.1762,1.489967
1145.476,0
1873.246,38.10139
589.5284,0
919.0321,0
931.8199,0
1142.011,4.276078
1329.975,6.918822
1257.175,1.966128
1888.03,104.9062
342.8888,10.56728
675.8024,21.07866
1766.517,89.00211
1658.262,34.99387
5495.923,237.3798
1262.097,5.585522
890.2671,0.945368
705.7335,9.625731
1483.532,1.283152
2873.653,20.44911
739.0723,0.482243
4168.565,0
2344.913,0
723.351,0
3601.779,0
1208.768,0
2123.082,0
4008.74,0
4314.486,146.6048
2195.389,0
2750.669,4.530873
3886.763,0
5052.771,2.044359
815.7172,0
652.401,0
1169.866,0
5004.673,0
4048.249,0
2776.501,0
926.6733,15.51402
5858.336,0
1947.882,0
333.7665,123.0557
6.557485,0
132.8862,5.235884
421.4575,69.39876
247.6106,39.02244
6.814641,0
637.6068,84.16184
360.9576,94.37748
593.0392,231.355
188.0463,106.5325
423.5763,28.50862
301.8304,132.6974
432.9051,220.1516
267.7514,90.82354
636.9573,112.9828
613.9418,118.1986
312.1359,113.3933
585.8668,0
544.0849,9.364819
235.1404,64.51192
153.6333,128.8443
418.7191,70.47603
1561.795,53.32716
138.4205,74.39033
94.217,1.433408
57.57637,17.35944
269.6848,0
84.12985,0
197.8173,6.589605
201.3217,0
149.6237,2.929224
88.89245,166.716
248.3172,55.54491
340.7353,0
128.5826,105.7331
169.9948,0
144.0989,0
267.1513,0
330.1343,0
179.9208,95.67461
143.1757,0
114.5036,1.36397
97.59726,0
217.3527,85.45314
110.2079,6.953597
429.1882,93.83087
621.9443,76.22283
499.3486,24.00466
86.08505,7.267874
852.9298,120.2357
606.4515,20.1044
453.9287,129.2553
83.23546,0
208.4982,43.76142
226.9155,28.82613
138.6758,64.24775
58.49236,38.93028
170.4656,50.50549
180.2746,36.02
43.8566,142.0085
63.82798,48.27762
417.3727,262.583
1034.96,270.046
157.1051,27.69005
95.46418,17.53814
430.5886,113.1485
727.2641,239.0808
1190.808,293.4851
993.2321,0
334.1575,30.26025
655.1983,29.86633
528.2948,70.71586
451.0405,6.251004
154.2378,57.76729
709.372,118.4932
534.5853,29.39553
199.9674,144.637
270.3666,139.2905
427.9296,108.1516
982.2986,231.3105
811.6875,227.1215
104.8014,104.8485
157.5434,37.79562
387.8691,119.2721
744.2753,286.6232
148.0031,170.6569
715.2333,219.2734
916.4796,510.2389
1999.947,798.1574
405.6354,0
1103.56,16.15898
3419.737,833.7035
1308.736,297.789
867.1424,483.5226
866.317,350.5283
2708.819,772.2765
258.6423,0
1406.212,307.4559
1026.426,166.5563
1166.468,369.2772
647.2698,41.97454
737.9317,306.6347
2571.687,1042.32
2599.861,739.7642
3705.028,550.2807
4421.149,580.631
2353.628,476.9937
4542.104,186.4077
5081.164,1068.059
2576.779,228.3517
4112.879,718.3987
4919.069,686.6938
3096.313,817.2382
3222.457,228.2576
3045.376,563.5392
2974.96,446.7713
3061.153,776.1394
2371.266,442.179
5330.724,567.4466
2395.92,513.7863
2513.969,912.0837
2221.683,1022.972
3441.478,16.14591
1934.6,156.0325
3139.06,480.3643
2115.393,544.4309
3160.709,556.6777
4512.631,835.6649
2198.384,716.0491
3818.074,29.82604
3898.566,218.3572
3383.111,27.64982
5027.782,276.6483
2343.619,37.52273
3106.522,458.2971
5825.223,36.80883
3921.826,17.07273
5027.383,199.5623
2982.561,77.04229
4092.493,245.7609
2837.178,80.76311
3770.963,34.96735
3309.986,12.31833
3115.639,50.47262
3989.751,432.5082
4613.712,140.0809
3836.394,35.47348
6641.197,3.029293
3222.833,0
3028.688,218.7097
219.6551,0.911893
14.67427,0
10.87314,6.231832
0,0
0.519466,3.739917
53.62382,74.10606
3.048527,0
26.89289,17.76461
7.978203,0
0,1.190454
44.01633,0
65.54678,38.16997
0.257156,0
25.22944,0
4.493246,0
23.75815,0
122.9431,48.34762
17.97298,0
0,0
23.12832,0
13.8982,0
170.1839,236.3688
192.5843,75.1667
28.83753,0
148.049,28.99612
210.8834,23.30618
217.8097,27.29256
204.7897,72.54002
90.82042,152.7574
22.86486,0
68.97605,41.19934
132.3239,86.71959
97.93148,30.89872
207.079,11.97867
13.27333,0
729.7506,0
349.9953,103.0546
136.7884,33.15856
261.7821,46.516
464.4538,84.04513
111.498,53.3321
294.329,143.6605
88.5742,0
254.8099,31.80439
65.35272,0
771.5247,99.41848
217.4079,167.203
109.4179,30.73501
45.2908,96.47856
133.5248,85.15759
451.5674,0
364.9659,17.6072
907.3853,41.94255
419.4062,0
402.7973,207.7959
943.4204,7.274426
117.9027,3.676042
190.8231,68.67347
238.2352,131.3417
350.3603,105.6994
108.4063,79.72812
282.8345,73.61587
270.2732,140.634
119.1746,0.702454
57.34932,0
57.20347,2.525904
140.6993,3.509021
13.22488,0
78.77899,0
81.08435,0
92.9477,2.643015
151.9872,0
146.5191,0
203.6851,11.07124
60.75809,0
131.1221,0
36.53949,0
50.06609,0
99.96092,0
55.78482,7.25261
75.47799,0
44.98273,0
78.30813,0
65.49578,0
184.4498,25.10389
1341.039,174.8155
990.375,61.65306
1651.233,0
717.156,53.06094
548.2998,129.7816
1174.201,0
1090.549,0
1151.752,96.57929
1066.286,67.56718
18.15564,9.424591
1877.438,0
1786.603,75.79447
1535.641,134.4476
1309.411,45.91095
806.7208,0
1049.751,10.65137
682.4255,120.3468
1474.825,86.96109
1496.198,57.14537
258.1043,173.8209
241.1638,75.76058
1508.216,0
729.8396,2.209428
262.8981,115.4196
271.689,227.0446
366.4572,179.0897
178.1514,89.05323
474.9578,43.27903
642.0265,0.897766
554.3076,147.7307
548.406,145.0648
781.6811,99.91378
1205.698,50.77175
1485.595,131.5207
475.6354,139.7201
510.1295,169.2911
509.8585,162.1768
495.6888,189.892
543.3021,66.64113
358.339,199.2938
898.8957,361.7896
320.09,146.0041
286.5399,80.25147
1910.497,10.37463
143.7754,84.79494
693.1914,91.94864
1269.759,315.1746
869.8558,91.50939
392.4525,62.20161
415.4328,1.161056
1802.681,51.63017
855.0632,393.464
312.2614,28.49574
219.0595,20.75999
288.5676,97.49412
1452.133,258.7692
1052.888,219.2518
544.474,237.4578
1244.966,256.1058
1293.184,84.17098
729.3343,91.66773
74.13349,0
35.18111,0
17.60592,0
97.49061,0
50.6434,0
32.55969,0
41.7898,0
35.1348,0
0.320205,3.708923
0.144943,0
7.762576,0.696052
7.553957,0
17.56995,0
29.99597,0
5.033683,0
26.09088,0
5.07302,3.035609
6.795794,0
21.27875,0
52.17235,0
8.19383,0
16.39256,0
0.607679,0
46.70659,4.526974
75.85744,0
26.35486,0
51.45774,0
0.350522,0
52.00529,0
108.9974,1.08922
20.79759,0
0,0
23.14834,0
58.98373,0.996913
25.64021,3.138788
11.08346,5.279747
0,0
8.357579,1.643824
24.61561,7.608342
63.38007,0
15.55795,32.41667
32.29802,0
247.5072,170.8756
444.6523,2.987946
176.7957,1.060686
34.69743,0
161.4964,0
65.69456,0
73.26767,145.6813
135.6757,43.59385
221.5343,0
328.5853,0
40.6338,1.466975
1780.887,68.80203
3124.149,217.5893
707.3875,7.860162
835.1857,7.307332
74.91014,37.26693
265.702,194.871
91.58293,0
139.2716,0
12.07512,0
155.3601,0
1318.489,127.0673
81.04366,31.9456
171.03,11.71627
1275.018,98.30765
160.6894,32.54738
1693.163,359.0922
972.3709,39.26794
1899.13,180.8747
204.5572,3.789438
0,33.25971
2298.312,119.2873
126.3226,42.50669
113.4434,13.17551
202.8028,17.23412
194.0313,9.520822
308.4285,4.502016
161.7256,6.534495
146.92,24.54516
289.6973,0
118.2774,0.725171
128.5539,17.75443
693.9787,59.24618
878.5016,58.03909
652.6489,43.40369
269.319,11.19919
558.8103,0.884113
239.9013,132.4129
3104.295,186.1388
491.212,17.14512
2349.939,211.8231
462.4513,55.71503
332.6781,67.3391
2081.112,132.0966
2061.729,38.2638
337.3861,48.62043
469.2513,18.7754
476.8387,104.7286
511.4762,36.70403
2956.721,199.0393
1855.859,66.79447
3963.074,279.4595
941.0088,19.31236
2.126961,0
144.55,3.789062
287.8291,2.735137
113.8155,1.167753
193.5251,2.647137
54.39598,0
186.2818,4.909657
106.5932,0
28.3136,0
99.41551,36.60933
51.72874,0
14.21605,0
125.0969,1.8367
195.6244,2.34863
0,23.01889
43.45017,2.721654
82.22202,6.400054
71.95901,0
82.21515,9.190572
0.923979,0
20.69469,98.43343
58.58745,6.937843
49.9871,0
153.4542,38.06316
214.996,68.62827
52.93353,0
119.5342,1.609182
73.36087,0
135.7291,105.7139
86.70392,22.85018
25.51089,28.19976
157.5358,25.58461
146.17,29.73031
1.561975,15.89555
368.232,130.1398
441.1168,90.77961
8.062293,0
275.7577,66.83921
157.7626,45.33582
24.90236,0
360.8651,202.0114
797.1173,201.5701
27.48478,0
242.1041,54.23238
584.9276,164.936
206.0038,2.718552
162.3231,163.8464
282.5251,216.8345
135.18,60.19408
486.7129,0
150.0631,73.27918
7021.485,49.96009
1642.728,22.64996
231.1049,12.6043
517.2981,42.02606
255.8606,68.57632
300.7532,24.15519
405.2656,35.96769
344.7423,411.7853
289.9197,66.89507
211.027,105.6551
241.2424,100.1483
2264.262,0
872.0007,59.82912
438.5572,0
126.5579,0
357.4535,0
1014.195,24.39827
244.3157,14.60117
123.2031,39.11928
118.22,2.28985
208.2774,120.8082
218.1769,100.3213
233.6365,0.681733
1027.77,12.8316
403.6337,0
388.2342,3.773334
18.8671,12.92185
147.4673,8.804012
112.8132,15.85218
177.6538,41.31446
43.5406,0
16.40951,4.192355
2120.931,20.41633
192.0133,0
995.8628,8.965412
4006.553,6.426026
178.2524,4.636523
106.0688,17.9701
49.12872,6.482835
20.83729,15.04393
22.64639,13.20344
11.15361,19.65419
514.0959,0
354.9646,74.17791
423.0637,107.0915
703.0091,20.16671
520.3929,15.11841
375.5893,9.595535
475.173,4.291733
1857.753,85.24168
654.304,258.8683
91.09125,47.00712
1555.141,110.6836
243.6591,4.793439
290.9118,190.9934
323.9163,228.8566
493.2441,148.9297
401.9214,8.131294
2197.675,145.2404
682.0749,181.7087
2344.296,178.9526
129.4623,57.33527
4.623292,9.243993
0,1.719006
55.20897,1.182701
119.4965,1.924098
11.14428,0
8.743313,0.997311
64.76587,0
121.9815,0
43.5707,0
69.58189,0.670977
175.2788,0
7.909845,0
0,0
0.431254,2.082687
0,0
2.730736,4.27753
66.44682,2.163846
29.58284,0
88.32342,4.328681
29.2782,0
18.24881,2.271211
282.1435,0
73.53476,1.371816
74.51658,1.157928
55.47914,0
122.654,3.443396
257.6485,3.132888
98.42926,36.24568
106.2698,5.003157
56.68188,69.77589
106.3265,1.47231
69.07883,1.065158
197.2178,2.019575
109.8549,0
66.23277,0
14.37141,0
85.86868,0
154.0439,3.046766
578.229,1.924843
37.2659,0
21.79052,0
176.9893,2.369381
6.345848,0
18.88194,0
65.20907,0
38.90705,0
30.32222,0
15.50895,0
11.44345,21.46712
138.4758,0
64.05608,0
110.8536,48.61892
48.45886,0
56.3119,0
27.59277,0
48.65694,0
39.86245,2.902887
98.66819,0
20.43698,0
23.4464,0
40.50196,0
75.77022,0
61.91323,0
16.62323,30.07732
51.61965,0
59.0213,104.268
113.255,0
52.08973,0
167.9097,0
111.8939,3.201894
161.8074,80.38874
138.3902,61.16401
127.7772,0
61.57378,90.20999
46.87582,0
79.23154,48.77577
69.07994,6.493856
102.148,163.2792
51.95959,59.27288
62.13294,0
5.618404,0
33.75485,0
39.72677,0
46.66745,64.32658
936.0746,31.38873
768.888,82.93218
1142.05,225.5196
1530.858,115.6558
430.1758,94.80246
850.4221,125.343
1483.942,67.47708
1258.698,81.93029
1144.319,55.17681
907.1566,144.4277
617.2493,171.4919
861.1316,241.3113
426.6818,133.0618
463.8654,165.5042
554.413,141.8961
1327.04,132.7769
1287.332,327.2769
363.5081,124.3522
487.5779,55.46751
116.6831,51.49917
251.1705,101.998
407.1719,167.6717
119.1977,70.5537
54.35563,33.25226
103.8787,2.629936
62.23968,55.43483
103.9297,92.99823
126.3128,142.8529
42.42232,22.18894
104.8991,3.18578
276.9086,4.129097
473.4136,4.125539
446.2122,289.594
414.7187,93.76264
212.8249,96.16508
0,151.0826
685.2428,7.397011
494.1903,16.89282
376.4886,10.31534
588.0551,15.95281
34.11322,20.48095
277.9927,37.35123
15.20392,2.230268
34.38651,0
17.2365,0
7.118481,0
44.28992,6.10834
17.22003,0
0.144943,2.405375
7.200376,0
33.45623,4.21653
32.5185,6.128393
32.87871,4.918426
0,0
27.24936,0
17.44226,46.38291
96.28565,0
0,0
5.271704,0.949288
27.22546,0
40.7378,1.981107
0,0
31.15999,4.978765
0,0
3.188755,0
0,0
0,0
0,0
0,0
0,0
0,0
6.686063,0
0,0
43.96572,13.29583
0,0
0,0
0,34.33278
0,0
5.883996,2.442788
0.215627,0
0,0
2.733217,0
0,0
0,0
0,0
0,0
6.686063,0
0,0
0.559832,0
0,16.82979
0,0
6.043172,0
0.144943,0
0,0
0,0
0,0
0.128578,0
0,0
0,0
0,0
0,0
0,0
0,0
69.54835,69.97441
4.348303,1.518901
9.552808,3.002001
6.866478,2.05586
72.50919,2.218164
13.88644,0
11.0255,5.274817
15.27918,0
32.82855,0
27.31174,0
46.31291,0
10.87756,13.4609
57.99949,5.578182
17.8023,13.54937
88.23126,17.93327
0,0
97.04145,0
8.840711,5.093117
60.36686,25.72166
118.5456,0
7.039258,0
24.30414,35.73328
4.735176,7.895456
137.2615,3.864265
48.13994,13.6595
26.79467,7.512083
89.28745,48.97069
130.6241,35.2701
13.49511,0
37.51725,2.76481
5.96938,0
0,0
58.39325,12.93057
97.63907,1.982491
1.288454,5.481818
240.1631,12.7497
56.72404,0
109.6525,0
28.41484,46.85698
3.388673,3.060011
15.24042,24.17246
90.25597,45.03759
78.45839,26.97854
11.30058,0
73.09093,11.15583
76.84717,60.67225
970.0599,16.55188
124.4205,14.11907
25.82963,6.979967
9.010777,0
594.0754,19.28529
107.5846,13.60016
925.8992,45.24591
562.0287,6.028821
292.9352,0.879656
668.5412,45.44121
436.9885,29.77047
547.0864,54.97039
117.379,8.173635
99.68452,17.20107
159.5922,22.42786
335.7298,8.284539
358.2853,3.508289
180.4468,11.97414
688.3531,46.06771
345.8494,1.823442
604.7591,45.6508
320.6028,14.68833
497.4787,24.1399
431.9835,10.24374
111.2497,13.01889
157.3945,26.79778
86.75231,0.436168
18.25818,0
53.30963,0
37.0217,0
32.84077,0
38.91041,0
31.6343,0
19.54624,0
73.26891,1.461773
13.67037,0
98.70742,0
183.5753,2.108437
51.51317,0
69.89552,0
62.87471,0
135.8268,0
51.44943,0
44.82797,0
29.6768,0
203.3979,2.645238
19.90161,0
2159.238,168.9548
256.3553,68.91307
103.5965,2.748333
2623.65,153.1758
6720.726,383.0302
155.5562,23.57399
2100.897,402.4971
2909.466,300.1235
82.83134,0
4.638189,0
2482.375,253.07
2746.17,598.0934
127.0171,3.697298
21.82847,0
12.50517,0
3260.424,486.3636
3033.669,420.8193
46.76297,1.591393
64.3357,0
2048.775,196.2355
90.80094,9.583076
427.5684,71.65674
431.9034,186.0138
0,0
13.3306,1.529105
321.1913,14.85947
483.5716,7.75703
2057.136,4.808465
277.8561,59.55418
79.30731,0
0,496.0233
184.5584,21.5873
66.63505,6.977385
460.531,134.481
0,0
28.4835,0.592432
176.285,0
4690.227,520.3351
916.7815,426.7387
540.0411,101.2673
95.04227,1.804639
560.5658,235.2312
447.3888,0
283.9238,3.490006
232.1835,32.37735
70.75037,17.94109
530.9956,62.01481
123.6723,48.24161
456.5679,0
262.6706,20.63087
810.3189,27.27376
157.5511,17.63908
433.2011,12.45896
5.94268,0
211.504,26.86748
134.5148,12.59071
456.3818,16.43872
385.7966,15.86105
368.6862,0
322.2253,147.8638
278.9933,0
191.5295,3.938679
150.4348,6.500392
47.02631,0
10.0011,1.745462
0.4021,0
205.5452,9.023196
14.54667,0
9.385562,0
152.094,14.39868
163.131,0
0.128578,0
4.638189,0
5.972998,0
49.76982,0
24.46015,0.323465
0.344205,0
6.428907,0
41.22297,0
5.795324,3.151341
7.501733,1.258351
0.489149,0
123.5593,5.776768
12.97817,1.309118
23.94125,0
78.03441,10.11861
0.128578,0
397.2027,31.89869
55.31079,27.67916
96.92361,49.63312
0,0
12.93763,0
101.2,3.570805
1.72618,0
8.261775,0
53.1112,25.2878
43.39308,0
0.273522,0
100.2052,0
121.2045,45.64377
36.38297,19.43144
67.23728,0
93.46888,56.62025
280.9842,8.753657
99.78597,46.9229
165.5143,58.33149
60.10932,30.44025
54.48253,37.55294
77.11239,2.263591
133.7254,42.08648
388.6477,172.1183
242.8389,39.58044
75.14182,4.044137
659.2742,35.2525
95.20558,0
72.12324,2.977216
135.8995,17.9931
93.67241,7.836562
61.25858,0
214.2275,2.80416
169.8511,57.79966
124.1776,103.8715
81.43073,52.09379
84.62388,8.589948
263.0606,15.99809
106.6395,18.89244
69.27448,5.538046
156.549,0
245.6995,0
243.4083,0
225.8638,3.743481
83.82124,0.526867
173.4183,0
254.0615,0
91.7867,0
240.564,3.235803
72.80101,0
145.8482,25.46777
399.6007,0.876689
348.57,0
334.4647,1.182622
187.9601,0
62.89654,0
56.10233,0
276.2741,3.507493
318.3146,0
4.762545,0
57.86271,2.44954
21.06346,0
17.34682,0
152.3613,0
5.578534,0
0,0
302.8499,68.24264
181.2016,5.682385
0.128578,0
214.7248,36.94219
229.7851,19.22526
40.72663,9.337201
8.625084,0
116.8022,0
503.0737,0
408.6136,33.60087
600.4324,144.243
22.01977,0
17.42982,0
505.6828,0
48.17392,3.793345
803.3486,21.49755
12.37623,0
155.5014,4.415704
4.928076,0
345.4711,17.4548
353.3481,15.06826
488.8498,16.65963
10.86619,0
517.5492,0
7.22723,0
42.41909,0
419.8234,0
26.19634,0
154.4429,0
324.2675,16.09606
372.4746,0
364.0366,0
6.951295,0
396.7891,39.71146
768.9779,0
288.4648,152.8334
427.6598,26.00823
80.17127,0
176.9859,0
426.952,2.928813
40.42053,0
67.80008,0
278.3044,20.03587
366.1994,4.392867
38.46079,0
5.786016,0
351.611,5.713099
267.1963,2.106908
33.18128,0
0,0
0,0
298.9476,1.980321
367.5142,0
469.2797,24.33579
146.3327,60.58726
277.9653,0
0,0
809.9396,32.99745
303.9518,12.97019
988.8214,0
275.009,6.753484
1138.057,21.77382
876.6878,20.77662
987.3595,66.50446
651.8018,33.8907
372.2692,66.35577
25.20605,0
890.3011,12.95559
912.4869,41.71928
319.3193,32.60971
604.0674,11.69025
697.376,4.257938
882.4084,8.681111
1117.555,21.38783
0,0.965787
22.87803,0
0,0.497591
22.81688,3.295864
0.175261,0
0,0
0,0
28.35977,0
12.50637,0
0,0
0,4.273635
0.175261,0
6.943219,0
0,0
4.783133,0
0,0
0,0
19.37558,16.88928
229.6758,54.58938
789.8968,631.4072
65.54506,3.342816
0,0
112.5316,65.46723
75.14624,33.9661
132.7927,0.932297
393.4691,3.902078
625.9655,256.4132
46.91112,0
45.2101,0
78.46426,31.24711
109.5376,16.12209
81.80419,96.30163
42.83004,4.988076
48.18817,12.06849
277.2986,0
704.2492,34.33164
5.103337,8.756924
164.538,44.09862
19.62925,0
0,0
0,0
15.00788,0
5.07302,0
0,0
0,0
0,0
0,0
4.638189,0
0,0
0,0
14.54667,0
27.52958,0
23.40132,0
13.37213,0
23.88455,0
0,0
17.53815,0
106.6133,0
11.30559,0
14.57643,0
58.96048,1.938792
47.3662,2.607844
66.15004,1.50546
24.09518,6.109884
10.56573,0
6.943219,1.590562
33.39144,3.648551
6.522454,0.280915
38.86829,0
9.276379,1.67448
18.0519,0
13.84563,2.801647
0,0
0.320205,0
0,0
24.43891,10.61218
11.49245,0
94.96266,0.7725
89.83369,17.84515
74.48539,0
106.7808,55.00643
0.175261,0
7.930315,1.524285
5.217963,2.580816
15.79883,2.685638
7.328954,0
38.39231,0
5.390677,0
47.39908,6.972764
26.7849,0
44.26942,2.994844
50.20279,23.61347
45.35151,4.466041
59.22261,4.749183
52.48037,4.505096
70.76845,37.08762
73.39057,14.63056
7.971844,0
39.29484,0.321146
0,0
0,0
211.5962,10.36444
117.5468,15.17455
161.0405,0
224.8597,0.886976
86.18602,7.21858
40.54554,7.3983
128.1785,3.768598
118.167,1.290271
172.5478,35.92256
78.08316,3.540821
297.3699,0.747983
113.4646,1.633279
68.94865,0
33.86387,0
31.94247,4.361386
157.4107,0
100.2118,29.2272
95.72361,3.475601
97.81414,39.41635
206.2249,9.44962
249.1248,5.888698
140.8752,4.619121
223.9395,45.03921
0,0
284.277,20.93084
21.30352,0.621207
113.6514,10.6038
138.2731,9.926898
273.8125,42.37198
16.21321,0
0,0
239.453,18.20814
459.8359,2.332073
148.3159,0
0,0
104.3378,0
231.4831,44.24456
408.9805,9.474052
880.5509,5.347811
1101.52,93.47334
155.4853,47.82964
2086.025,211.4126
415.1842,94.81974
1249.262,0
1312.084,11.76139
242.0702,156.5919
1587.872,30.15908
847.9413,22.61523
612.7451,192.1693
934.9922,0
525.2235,0
1722.431,126.8455
927.2222,88.60028
435.2206,13.37615
589.855,94.61428
675.2798,69.24047
650.5373,93.30543
946.9159,175.4909
1287.34,143.352
1047.565,12.66335
184.2784,24.45364
535.9278,48.41405
1977.552,153.1186
1305.133,82.16688
837.0996,60.8813
955.2977,162.292
375.5472,152.4867
847.533,105.9206
844.5069,61.68549
679.6273,50.46017
927.0647,207.9829
1450.746,199.615
767.1949,161.1921
920.4204,193.3018
1276.402,283.0625
597.7852,154.0569
910.6248,207.3263
60.04861,0
630.3769,35.11902
400.2477,5.146476
686.161,187.5263
697.842,18.66263
910.7969,40.07938
24.49539,0
53.97596,0
141.6468,0
28.90948,0
43.51544,6.124114
46.12299,1.838585
13.4789,0
45.76704,0
64.91078,0
114.4102,1.495982
57.11158,0
60.47648,0
127.3935,0
109.8943,2.055994
169.5371,70.83632
158.6053,0
9.409602,0
63.8691,2.472117
553.5513,80.43901
26.77957,0
41.55415,0.589062
63.1894,0
127.7168,4.382478
262.7072,11.39747
702.2101,21.0839
93.51821,21.87576
33.87793,5.163088
5.657438,0
573.0394,7.580121
316.7861,11.80152
450.2721,82.58921
335.7261,54.57994
260.3393,97.391
34.84807,1.514682
179.6231,74.75798
78.47059,6.440904
7.747419,0
4.549331,34.53474
72.44306,5.161416
53.8023,0
26.74216,0
56.61388,1.571995
828.2882,0
263.8164,0
1290.454,0
2145.041,2.224299
1208.406,8.591968
1176.372,17.23735
596.552,0
996.0496,163.063
374.5182,0
1358.078,0
1782.195,0.649868
237.0404,0
113.1857,0
1187.859,0
1067.636,241.7984
675.9711,49.75987
775.2898,210.6242
141.2323,0
1141.283,0
334.3249,0
1012.262,66.06175
1620.065,260.7471
203.0428,0
1527.178,28.64507
681.4687,41.89495
1342.043,17.65877
2139.451,5.858591
2213.262,33.20117
2408.959,0
2589.647,1.551731
2230.413,5.925599
878.351,19.48774
2824.324,42.03241
1746.271,0
3134.041,3.094974
107.9828,0
1019.88,1.890742
1225.416,3.233996
1820.456,133.3193
1189.812,61.73867
1019.637,2.725984
1277.114,0
362.6559,17.46859
1083.726,338.6266
312.9753,9.840681
866.7278,0.578183
858.1401,39.79143
353.9903,62.41862
900.5185,54.89878
463.0266,2.148094
413.1079,74.86743
59.8024,0
448.1393,63.85734
658.5703,39.19388
520.986,5.874603
121.663,0.486357
231.8977,139.3211
457.2783,114.9495
713.2778,12.01057
425.5849,100.5056
723.3871,18.70407
387.9947,0.881944
262.6236,4.258916