Endogenous BEAN mu_Z,Reporter BEAN mu_Z
-4.52367,-1.84975
-2.59404,-2.07751
-1.68221,-0.00499
-1.30189,-1.75381
-1.27353,-0.54228
-1.1743,
-1.06266,0.313855
-1.00601,
-0.59545,-2.0341
-0.57611,0.10246
-0.57046,0.03737
-0.54696,0.094608
-0.49128,-1.22997
-0.47631,
-0.45307,-0.27297
-0.39448,
-0.27625,
-0.25072,-0.8814
-0.23974,0.080561
-0.09693,-0.06504
-0.06758,2.817251
-0.06645,
-0.06205,
-0.04965,-0.04636
-0.03536,
-0.02366,
-0.02294,0.045277
-0.02119,0.026704
-0.01486,-0.03065
-0.00916,
-0.00601,0.506507
-0.0037,0.031936
-0.00279,0.079156
0.005462,
0.007804,0.04429
0.008313,0.045798
0.011836,
0.014298,0.026836
0.014511,
0.019256,
0.021389,
0.023035,0.048667
0.027467,-0.0352
0.028945,0.052583
0.042574,
0.051177,0.036408
0.05841,
0.146279,-0.19436
0.183434,
0.186167,
0.218982,-0.08327
0.301264,0.599232
0.392354,-0.14952
0.426261,-0.06637
0.501588,
0.547722,-0.93205
0.5813,-0.26624
0.796183,
0.984652,0.026494
1.020153,0.027439
1.112799,-0.27392
1.168655,
1.17995,
1.187319,0.235392
1.327103,
1.327657,0.646388
1.577396,0.003867
1.639141,0.274883
1.745529,0.097976
1.764625,-0.05521
1.954604,-0.67025
1.95975,0.040354
2.003389,-0.01263
2.216545,
3.033903,1.762485
,
,
-3.03121,
-2.51378,-1.75425
-2.07506,-0.82332
-1.97128,-0.14644
-1.8038,-2.02964
-1.77101,-0.25529
-1.63655,-1.35044
-1.61026,-1.96339
-1.45752,-0.40178
-1.45403,-0.37821
-1.1592,-1.12642
-0.94355,-0.13962
-0.93401,0.142134
-0.92948,-1.01072
-0.87315,-0.00659
-0.68485,0.415728
-0.66545,-2.08202
-0.58088,
-0.56016,-0.63408
-0.55961,-0.96882
-0.55715,0.249744
-0.48386,0.586426
-0.39137,0.012844
-0.29161,
-0.23302,0.07802
-0.10483,0.045965
-0.08086,-0.71386
-0.06769,0.574334
-0.03757,
-0.03076,
-0.01817,
-0.01491,
-0.0084,0.427165
-0.00814,0.042943
-0.006,0.043565
-0.00276,-0.00349
0.002278,
0.006191,
0.007029,
0.027303,
0.04461,
0.055779,1.868839
0.137319,
0.161418,0.116995
0.239655,0.131462
0.382862,0.218965
0.387807,-0.74105
0.41863,-0.20225
0.485126,-1.19473
0.48691,-0.21828
0.495549,-0.16937
0.517717,
0.520985,
0.521574,0.125684
0.553369,-0.86848
0.558088,0.017347
0.579425,0.232425
0.594354,-0.43434
0.628212,0.639418
0.740474,-0.1841
0.803001,0.326232
0.859254,0.141252
0.878228,0.296407
0.987901,0.913503
1.292305,-0.05726
1.304385,-0.03568
1.719635,
1.747124,0.028417
2.236371,0.065311
2.513156,1.960678
,
,0.089031
-3.56157,-1.57624
-2.80339,-0.67098
-1.64742,-0.22604
-1.47496,0.038447
-1.28058,0.171498
-1.15427,-0.00068
-1.08595,0.047624
-1.03516,-0.17763
-0.98548,-0.04931
-0.97664,-0.18924
-0.89581,0.539926
-0.87271,
-0.72112,0.039107
-0.63235,-2.4183
-0.62296,-0.06275
-0.58801,0.029473
-0.56135,0.009515
-0.51905,-0.17281
-0.47705,-0.11779
-0.45035,-0.33012
-0.41782,-0.06693
-0.28245,
-0.26731,0.008994
-0.23813,-0.21078
-0.19394,-0.83162
-0.10801,
-0.10778,-0.83454
-0.09543,
-0.06139,
-0.04313,-0.15158
-0.02243,
-0.00506,
0.00743,-0.02862
0.00865,-0.07028
0.009197,-0.08567
0.024977,
0.027472,
0.038968,0.021393
0.039744,
0.047195,
0.206452,1.099967
0.277533,-0.48958
0.295294,-0.60575
0.315056,
0.416038,0.2108
0.457985,-0.08317
0.476678,
0.486288,
0.495655,
0.50002,0.111955
0.628278,-0.3264
0.64398,0.025262
0.756854,-0.08993
0.795532,0.025211
0.813234,-0.0288
0.840422,
0.851401,-1.00095
0.875575,1.207526
0.957486,0.80654
1.059449,0.367465
1.11119,1.371613
1.142248,
1.293176,0.020634
1.416688,0.852766
1.455774,-0.01889
1.521804,-0.14701
1.663076,0.109655
1.664216,0.015041
1.768442,-0.6228
1.783059,0.677713
1.876742,0.329041
2.098053,-1.03546
2.377219,-0.20354
3.357581,-0.00637
,
-3.6449,-3.85715
-2.59259,
-1.61742,-1.4761
-1.56558,-0.0456
-1.46653,
-1.39399,0.527489
-1.3052,-0.99562
-1.17958,
-1.09128,0.216043
-1.04956,0.318168
-0.97262,
-0.96013,-2.71977
-0.93783,-0.05756
-0.85451,0.076891
-0.81002,-0.64609
-0.79638,
-0.58219,
-0.56849,0.030963
-0.25054,-0.81203
-0.23755,0.39368
-0.22611,0.62857
-0.09606,-0.72432
-0.07962,
-0.03225,0.025066
-0.02717,
-0.0253,-0.01362
-0.02131,-0.05192
-0.01571,-0.00364
-0.00094,
0.020462,
0.022608,0.072796
0.047215,0.066008
0.072715,-0.09517
0.093642,-1.98425
0.11773,0.022225
0.120286,-0.46797
0.132817,1.100762
0.151282,
0.157043,-0.13575
0.180438,
0.230522,-1.13972
0.257579,
0.27178,
0.383092,
0.46447,-0.08272
0.472726,
0.539135,0.62224
0.660889,
0.703115,
0.728009,-0.04713
0.730745,
0.762257,
0.804456,1.035754
0.817066,-0.37052
0.821001,0.055997
0.836048,0.42226
0.85153,
0.963275,
1.083988,0.5659
1.264225,1.583852
1.293379,
1.342122,-0.93738
1.382761,0.817303
1.402374,-0.00105
1.421654,-0.25661
1.457953,0.022821
1.502042,0.097044
1.530798,
1.613823,-0.05825
1.657124,-0.24739
1.823935,
1.849402,
2.020942,
2.213603,1.628724
2.442666,-0.05413
,
,
-3.31385,-3.27123
-2.45524,-0.16086
-2.17675,-0.40853
-2.07056,0.831445
-1.53354,0.023243
-1.22399,-0.01531
-1.1616,-0.25277
-0.9837,-0.09258
-0.95463,0.00975
-0.92445,-0.76387
-0.69661,0.11524
-0.67081,-0.16903
-0.56418,-0.74674
-0.54205,0.398262
-0.53546,-0.08868
-0.49574,-0.44342
-0.48542,-0.0664
-0.26042,-0.52935
-0.24838,-1.28261
-0.23153,0.202861
-0.14623,
-0.05335,0.09649
-0.04816,0.061076
-0.02779,
-0.02205,-0.08849
-0.00993,
-0.00587,-0.07391
0.006356,0.044817
0.007712,0.103332
0.014567,
0.021067,0.085529
0.023281,
0.02732,-0.02833
0.027953,
0.028955,0.23693
0.033218,
0.039188,
0.059172,-0.19004
0.120445,0.327551
0.144335,0.129915
0.145815,-0.0024
0.16696,
0.180966,0.00993
0.238982,0.056699
0.247015,-0.04205
0.261754,0.207717
0.26928,
0.287067,
0.397817,-0.03717
0.406975,0.090477
0.413969,-0.3285
0.444882,0.106752
0.448224,-0.03795
0.547962,0.178684
0.548223,0.257332
0.633243,
0.657242,-1.09587
0.673981,-0.16038
0.692174,0.719112
0.790579,1.435416
0.859132,0.662632
0.886586,0.492297
0.889345,0.017868
0.921189,-0.09622
1.205779,-0.18541
1.209942,-0.70947
1.250076,-1.28243
1.521901,-0.08648
1.567729,
1.610487,0.900936
1.633052,-0.01222
1.748226,0.452232
1.76432,-0.66453
1.781254,0.005372
2.116139,
2.132692,0.774863
2.639165,0.019621
4.933112,3.732914
,-0.03849
-3.95529,-3.10147
-3.05203,-0.15154
-2.80642,-1.80095
-2.55906,
-1.95371,
-1.81288,0.034488
-1.39343,0.159344
-1.32782,-0.06889
-1.2332,-0.04599
-1.17996,
-1.10106,0.261767
-0.94949,0.327295
-0.92626,-0.49511
-0.74751,-0.01166
-0.61312,-1.4999
-0.52996,0.217159
-0.50316,0.073017
-0.48704,
-0.45886,
-0.45242,0.008817
-0.44759,0.364063
-0.31941,
-0.24776,0.098711
-0.19606,0.816638
-0.15179,
-0.10698,0.163899
-0.08839,0.010488
-0.08287,-0.01955
-0.07155,-0.08645
-0.03826,0.029424
-0.03789,
-0.02747,0.108331
-0.02127,
-0.01641,0.058022
-0.00068,
0.002233,
0.005571,
0.01405,-0.02657
0.020125,0.113377
0.028218,
0.036433,
0.052964,
0.103994,0.268801
0.122688,
0.232674,-0.02368
0.288709,
0.305823,
0.365779,-0.80401
0.41352,0.020492
0.429817,0.013843
0.436083,-0.17143
0.589347,0.071242
0.752048,
0.819008,0.303256
0.824892,
0.832372,
0.842288,-0.49294
0.992046,
1.038573,-0.80765
1.042339,-0.11232
1.057258,-0.08653
1.064442,
1.180783,
1.342443,-0.32035
1.419962,0.253063
1.432343,-0.33833
1.515952,
1.627015,-1.31859
1.865046,0.811704
2.411126,0.044079
2.794197,0.095772
2.872188,0.395358
,0.079218
,-0.04296
-4.41866,-4.82046
-3.90117,-1.54978
-2.57033,-0.88219
-2.28923,-2.34725
-2.1419,
-1.58379,-1.28078
-1.40094,
-1.37243,
-1.25928,0.082534
-1.12982,-0.10099
-0.99492,0.42962
-0.99332,0.52328
-0.89551,-0.03738
-0.89002,-0.0244
-0.76903,
-0.70875,-1.23156
-0.67291,
-0.66602,-1.14065
-0.6169,0.062571
-0.60371,0.538533
-0.6022,-0.31644
-0.50239,0.143326
-0.50181,-0.31062
-0.32669,0.457025
-0.24921,
-0.20827,-0.18812
-0.17388,0.021092
-0.05742,
-0.03641,-0.24866
-0.01898,
-0.01806,0.240772
-0.01439,-0.43607
-0.00824,-0.13692
-0.00574,
-0.00221,0.04443
0.007945,0.006459
0.013207,0.058495
0.01492,
0.031369,
0.035014,
0.043048,
0.050847,
0.097706,
0.129016,
0.130085,-1.28512
0.154574,
0.268972,
0.310032,0.140824
0.383012,-0.03664
0.446763,
0.636997,-0.53728
0.664256,0.20983
0.681681,-0.03085
0.692177,-0.07849
0.705555,1.450848
0.770599,0.008917
0.778852,1.034922
0.898806,-0.0917
0.908651,-0.07653
0.936007,0.29784
0.941285,-0.591
0.964417,0.162959
0.992197,
1.019084,0.219788
1.045449,0.491008
1.094127,
1.114994,-0.07693
1.293402,0.015178
1.373036,-0.21339
1.375243,-0.05653
1.543501,1.309446
1.577678,-0.1464
1.605703,
1.684435,0.628961
1.688281,0.084614
1.723717,0.018303
1.899065,
1.934211,0.396152
2.318647,-0.00211
3.267887,
,0.003051
-3.35451,-3.88221
-2.38081,
-2.15011,-0.89656
-2.03266,0.688381
-1.33373,-0.14688
-1.2789,0.424779
-1.2006,-0.51876
-1.16108,-0.07285
-1.07291,-0.00452
-1.05439,-0.3721
-0.88453,-0.202
-0.87374,-0.05567
-0.83799,0.012012
-0.77193,
-0.75698,
-0.70576,0.005581
-0.65644,
-0.60469,-0.51435
-0.55426,0.029463
-0.44955,0.470094
-0.43434,0.218293
-0.42062,0.308199
-0.39833,-0.40662
-0.37922,0.47435
-0.37352,-0.17695
-0.2477,
-0.20873,0.064686
-0.18483,
-0.11125,-0.19989
-0.10492,-0.34154
-0.09903,0.735006
-0.08459,-0.12371
-0.0764,0.19417
-0.05492,0.1239
-0.0506,-0.67005
-0.04177,-0.01019
-0.03326,0.209756
-0.03213,-0.0085
-0.02597,0.122396
-0.02119,
-0.02029,
-0.01781,0.02704
-0.01204,
-0.00711,
0.020249,
0.024733,0.038068
0.054526,
0.06495,
0.105195,
0.116163,-0.88864
0.143136,-0.79684
0.228628,0.020038
0.274281,0.174732
0.309812,
0.326736,
0.63811,0.373646
0.703466,0.056953
0.754197,-0.39627
0.797942,-0.62316
0.814105,-0.36356
0.85278,0.171107
0.869516,0.815717
0.900725,-0.08527
0.920317,0.108255
0.965763,-0.39401
1.144809,0.397798
1.192273,
1.295176,-0.27593
1.330219,0.674033
1.477566,
1.538134,1.286105
1.617237,0.148493
1.627842,
1.671263,
1.708795,-0.55914
2.094636,-0.19846
2.128268,0.82914
2.577517,0.951167
,0.028549
,0.053123
,-0.02245
-4.61718,-2.45567
-3.28326,
-2.0277,
-1.91887,-0.95451
-1.64443,-0.18353
-1.62075,0.694803
-1.52102,-0.04658
-1.51431,-0.06653
-1.44385,-1.07839
-1.22852,-0.22722
-1.21222,1.174697
-0.93913,-0.51082
-0.8945,-0.39823
-0.85283,-0.02773
-0.84403,0.068504
-0.83416,
-0.82514,-0.00989
-0.73315,-0.32014
-0.71409,-0.00352
-0.5243,0.047759
-0.48176,-0.10202
-0.43705,-0.82195
-0.37953,0.314873
-0.35061,0.019951
-0.3463,
-0.29111,-0.09836
-0.27412,0.384251
-0.23425,0.016034
-0.20006,
-0.13112,0.394867
-0.07683,-0.27095
-0.05179,
-0.0482,1.045274
-0.0457,0.350221
-0.00535,0.081557
-0.00466,
0.006185,-0.18272
0.007249,-0.008
0.00952,
0.019102,
0.021268,-0.02459
0.023572,-0.01694
0.040766,0.485073
0.045639,1.229708
0.051339,0.088546
0.06894,0.384781
0.070726,0.056839
0.072628,-0.23507
0.07889,
0.085135,-0.92193
0.124767,-0.22362
0.159141,-1.93037
0.196393,0.376133
0.324874,-0.10879
0.325496,0.000631
0.365871,0.064205
0.401029,-0.03986
0.40607,
0.470801,
0.503895,
0.732277,0.536251
0.93242,1.613082
0.98448,0.812493
1.009141,0.431836
1.0495,-0.93945
1.201591,-0.26564
1.32876,-0.40328
1.368255,-0.09022
1.44407,0.10566
1.457699,-1.11933
1.465217,1.823234
1.472621,
1.670672,0.230418
1.688294,-0.2238
1.740213,0.06638
2.98316,1.486396
3.017601,0.143692
,
,-0.03535
,
,0.015111
,0.224329
-4.96624,
-3.27086,-1.97188
-3.03352,
-2.68445,-1.61468
-2.28176,
-2.00762,-0.55774
-1.40248,-0.53432
-1.35538,-0.13565
-1.23718,0.190915
-1.14361,0.043629
-1.13985,0.425666
-1.10273,-1.60952
-0.66734,1.414747
-0.62885,-0.18188
-0.61906,
-0.55521,
-0.51862,-0.78619
-0.48345,0.126062
-0.43534,0.677097
-0.42638,0.005038
-0.28373,-0.16911
-0.21896,-0.00368
-0.19176,-0.42388
-0.15945,-0.09062
-0.14478,-0.09562
-0.13308,
-0.07118,-0.06931
-0.05792,-0.12306
-0.04495,
-0.04149,0.242105
-0.03472,
-0.01006,
-0.00876,
-0.00252,
0.00954,-0.08918
0.011068,-0.00648
0.027518,0.077644
0.045533,
0.059595,0.023974
0.068297,-0.01413
0.072821,-0.04854
0.074515,0.052473
0.152715,0.392984
0.22188,
0.22216,0.048205
0.239477,-0.07181
0.327317,0.050352
0.374926,-0.04607
0.38364,-1.53475
0.393734,-1.19503
0.417146,
0.428528,
0.447702,0.304065
0.490044,1.803988
0.571239,0.015351
0.679959,-0.11455
0.733838,0.004591
0.762686,0.062736
0.781491,-0.21483
0.80924,0.330152
0.810928,0.319466
0.922494,-0.02294
0.96819,0.460781
1.060147,-0.28485
1.118755,0.002184
1.305284,-0.26839
1.316949,
1.323048,
1.432859,-0.00954
1.504033,-0.02517
1.513722,0.624084
1.538029,-0.17459
1.633221,0.492362
1.67725,0.275724
1.795383,0.007974
2.978841,0.175422
4.126288,0.070603
6.392523,
,
-3.88461,-2.60263
-2.81655,-2.94617
-2.07856,-0.52589
-1.96664,-0.60503
-1.94279,-0.4578
-1.83765,-0.98884
-1.62883,-0.6607
-1.48135,-0.0583
-1.28008,-0.73703
-1.24609,0.480208
-1.15405,
-0.98198,
-0.92434,0.653643
-0.47608,-0.35369
-0.36388,0.990957
-0.2615,0.282379
-0.23012,1.96451
-0.21757,-1.01747
-0.17793,-0.07728
-0.16015,-0.76653
-0.12855,-0.82622
-0.11452,0.005966
-0.10208,
-0.04792,
-0.0299,
-0.02767,
-0.02703,
-0.01474,
-0.01181,-0.00803
-0.00868,0.029058
-0.00558,
0.005328,0.035539
0.005708,0.041401
0.007837,0.064938
0.009928,
0.014302,-0.01524
0.016878,
0.02015,0.147074
0.021497,-0.4311
0.024604,0.002374
0.026111,
0.034099,0.002792
0.064157,
0.066467,-0.01173
0.067374,-0.00662
0.09003,0.352774
0.211547,0.359687
0.237042,
0.243903,
0.304252,-0.09088
0.363963,
0.477897,-0.09222
0.481673,-0.05235
0.557058,0.213864
0.587655,0.220382
0.597898,-0.08122
0.75536,-1.12193
0.829687,0.035175
0.949438,1.302307
0.953146,-0.07027
0.972042,
1.000509,-0.26725
1.038417,0.013921
1.096024,1.59652
1.185525,0.170645
1.185939,0.633699
1.321904,0.409187
1.342034,-0.47161
1.416808,0.012914
1.417781,0.506185
1.438616,1.900479
1.498978,0.109315
1.511734,-0.03096
1.573263,0.277392
1.889162,-0.56609
1.986759,-0.03958
2.452869,
2.474623,-0.04756
2.770779,
2.793666,0.550365
,
,-0.01452
-4.61784,-4.19272
-2.0914,-1.06637
-2.02712,0.8636
-2.01715,0.054086
-1.90099,-0.41044
-1.59135,
-1.35998,-0.95855
-1.11288,0.034705
-0.7464,-0.09001
-0.74215,
-0.68815,-0.5471
-0.58387,-0.02977
-0.46087,0.187472
-0.44887,0.265604
-0.39298,0.209818
-0.38537,-0.08064
-0.29819,-0.62546
-0.19437,0.649348
-0.1576,
-0.08255,0.125376
-0.06555,-0.38631
-0.03916,0.001576
-0.03543,
-0.0293,0.027302
-0.02684,
-0.026,
-0.00661,-0.00206
0.009417,
0.009928,
0.009959,0.218718
0.010335,1.040726
0.011782,0.030009
0.01396,
0.014699,0.041603
0.030094,
0.04562,
0.046898,
0.052578,
0.053809,
0.106997,
0.117541,1.200191
0.172635,
0.178603,-0.23944
0.201262,-0.30348
0.202234,1.204856
0.202373,-0.2908
0.262274,0.329841
0.26792,0.277335
0.270708,0.010878
0.380338,
0.406186,0.778942
0.442114,-0.54482
0.476559,-0.11134
0.498033,0.011449
0.512803,0.485242
0.530881,0.096092
0.563528,0.535408
0.607048,1.046305
0.857449,
0.889914,-1.02804
0.926905,-0.53428
1.000063,0.02656
1.128242,0.009776
1.234873,0.639917
1.243251,
1.291989,0.340513
1.325426,0.203324
1.556221,
1.601682,0.991428
1.670918,-0.17223
1.770995,0.035605
1.824414,0.240487
1.826432,2.067195
2.010918,0.899435
2.011519,-0.10472
2.039701,0.627052
2.176446,
2.25081,1.694765
,
,0.004484
,0.041266
-3.793,
-3.65061,-0.59839
-2.20766,-0.27602
-2.01017,
-1.91126,-2.15275
-1.68646,-2.51042
-1.6733,-0.6785
-1.65452,0.092326
-1.52002,-2.62003
-1.39282,-0.01592
-1.3808,-0.07939
-1.33094,-0.63228
-1.21019,-0.83799
-1.16686,-0.04629
-1.15785,-0.22268
-1.0629,
-1.01157,-0.02046
-0.98192,0.157348
-0.96903,-0.04257
-0.93324,
-0.89,
-0.82175,0.280417
-0.76237,
-0.75974,-0.45479
-0.43524,-0.18225
-0.27868,
-0.24145,-0.01212
-0.17929,0.399396
-0.12691,0.124219
-0.09698,0.091649
-0.07834,1.406749
-0.06648,0.032102
-0.05956,0.047387
-0.05951,
-0.05131,
-0.04916,0.033617
-0.04629,
-0.0456,-0.04451
-0.03252,
-0.03154,0.007504
-0.0293,-0.02656
-0.0262,-0.05359
-0.01485,
-0.01166,
-0.01048,
-0.00981,
-0.00664,
0.001857,-2.15003
0.008679,
0.010469,
0.011589,
0.030823,0.537068
0.062397,
0.063828,0.017914
0.072464,0.198149
0.24156,
0.244286,0.525954
0.296596,0.000905
0.30946,-0.00183
0.31451,0.273599
0.448447,0.146337
0.588171,0.058206
0.649887,
0.726005,0.839542
0.793567,0.081407
0.946994,1.10196
1.057792,
1.060347,0.790508
1.228097,0.124248
1.323669,-0.77833
1.753255,
1.974138,
2.197878,0.538354
,
,-0.02867
,
,0.083309
-4.27169,-1.22977
-3.2122,-1.77817
-3.00126,
-1.95752,0.625007
-1.90472,-1.5647
-1.64873,-0.24469
-1.6484,
-1.57421,-0.25854
-1.55593,-1.02462
-1.44518,-1.05352
-1.1904,0.06912
-1.18382,0.003945
-1.12018,0.902826
-1.01878,-0.08611
-0.97606,0.080987
-0.90031,-0.24057
-0.55053,
-0.5346,0.142062
-0.53303,0.013505
-0.52386,0.050632
-0.49151,0.143301
-0.35786,
-0.19248,
-0.06766,-1.38071
-0.06109,
-0.03167,
-0.02416,-0.03495
-0.01978,0.017331
-0.01579,
-0.01429,-0.58422
-0.01017,0.070278
-0.00443,
0.008464,
0.014011,0.068029
0.017794,
0.020122,0.015508
0.0253,0.064228
0.057804,0.004105
0.058062,-0.07536
0.098217,-0.39117
0.112813,-0.0158
0.140564,-0.24754
0.174949,-0.02281
0.198371,
0.286829,
0.287165,-2.32534
0.327542,-0.57635
0.359833,-0.08189
0.463425,
0.465139,0.765864
0.482674,0.111174
0.524955,0.133257
0.561296,-0.08988
0.615036,-0.54668
0.623971,-0.05518
0.632247,0.768704
0.694694,-0.08429
0.86876,0.132292
0.895582,
0.905253,-0.59817
0.949174,1.411063
0.962974,0.24127
1.152042,0.129208
1.250893,0.080032
1.434271,-0.03969
1.472656,-0.47625
1.477366,0.258477
1.48395,
1.568021,0.300718
1.746338,-0.61987
1.823525,
1.930112,0.109175
1.983553,0.910885
2.074272,-0.00965
2.328564,-0.01436
3.091337,
,
,0.156318
,0.031073
-4.45694,-4.85176
-4.24662,
-3.23741,-1.55176
-2.331,
-1.7339,
-1.6038,-0.15743
-1.39263,-0.05569
-1.05268,-0.13795
-1.0048,-0.28077
-0.78221,-0.49364
-0.76149,0.045494
-0.65349,
-0.54733,
-0.51708,-0.11098
-0.47041,0.273792
-0.45217,-0.03878
-0.43547,-0.05849
-0.42739,0.22989
-0.3895,0.018606
-0.33826,0.045986
-0.32585,-0.03729
-0.32508,-0.12792
-0.28228,0.385431
-0.27767,0.199422
-0.27292,-0.09618
-0.26786,-0.03316
-0.20866,0.01556
-0.16907,-0.56628
-0.16084,
-0.14218,
-0.12114,
-0.05413,
-0.03501,-0.02135
-0.03358,
-0.02221,0.013532
-0.00919,
0.002656,0.049013
0.002656,-0.58399
0.003653,-0.03244
0.010528,0.064636
0.011551,
0.014054,
0.016397,
0.031329,0.053004
0.09114,-0.14783
0.158793,
0.160476,0.021606
0.161426,-0.97934
0.220562,0.287024
0.221102,0.176714
0.286469,-1.76082
0.353106,-1.09323
0.367012,0.3606
0.380427,0.933965
0.475403,1.003678
0.528463,-0.05843
0.586778,-0.17806
0.78825,
0.8056,
0.819972,-0.30654
0.863599,0.148662
0.921367,0.451226
0.952217,0.18993
1.064346,-0.02562
1.072649,-0.30041
1.128426,0.200636
1.298031,-0.02618
1.588561,0.398571
1.6446,0.122574
1.691032,
1.751607,1.773119
1.837564,1.360674
2.409637,0.941082
2.539834,0.292768
2.595578,
2.985915,0.07101
,
,0.215391
,0.001969
,-0.00807
-3.69879,
-1.88889,-0.03467
-1.59262,
-1.43401,
-1.19875,0.342582
-1.15195,0.460237
-1.09029,0.211366
-1.07794,0.063882
-1.04701,-0.65238
-1.01943,-0.30485
-0.82143,-0.16104
-0.52754,
-0.47596,0.074223
-0.45367,-0.4108
-0.34743,-0.02363
-0.32649,-1.3546
-0.26377,0.067279
-0.20292,-0.19024
-0.1984,
-0.18164,-0.09477
-0.17057,-0.62167
-0.09732,
-0.04541,0.299307
-0.04028,0.415309
-0.03856,-1.32787
-0.02885,
-0.01964,
-0.01601,
-0.01591,0.040306
-0.01529,-0.13486
-0.00458,
-0.00127,
0.009382,-0.20454
0.025938,
0.038794,
0.052569,-0.04139
0.05718,-0.00829
0.270351,
0.311139,0.033563
0.36737,-0.32231
0.460894,0.057573
0.470987,
0.5451,
0.595468,-0.93443
0.634946,
0.649792,
0.671616,0.011452
0.736916,0.149738
0.754603,
0.80165,-0.18075
0.842179,-0.2909
0.865144,0.497514
0.92383,0.484666
0.964005,
1.016734,0.583579
1.060003,0.16329
1.0718,0.623937
1.303256,-0.56695
1.306509,
1.391804,1.30163
1.488578,-0.06415
1.644483,0.363534
1.666582,0.588509
1.668846,1.079776
1.677587,0.199583
1.795086,-0.25773
1.805088,0.342903
2.59385,-0.65716
,-0.01133
,-0.06538
-4.33205,
-3.06275,
-2.3167,-0.35426
-1.98596,-0.29772
-1.54015,0.268512
-1.17976,-2.41113
-1.17842,0.005556
-1.13996,0.297931
-1.12847,-0.0285
-1.12758,-0.16063
-1.10457,
-1.0798,0.365134
-0.90884,0.005799
-0.81878,0.387578
-0.72369,
-0.66669,-0.3627
-0.65837,-0.11618
-0.59903,-1.19779
-0.25943,-0.03687
-0.1958,0.189862
-0.12751,0.10813
-0.11608,-0.11042
-0.11044,0.085418
-0.10994,0.070604
-0.09389,-0.03939
-0.0828,
-0.0528,
-0.02687,
-0.02258,
-0.02144,
-0.01356,0.03823
-0.00526,-0.0234
-0.00477,
-0.00227,
0.001184,
0.009259,-0.01777
0.019297,0.148533
0.026501,
0.027515,
0.032537,0.006359
0.033354,-0.01805
0.052572,-0.04021
0.059832,0.186813
0.228264,2.09321
0.276991,
0.29635,-0.02326
0.401963,0.064291
0.426011,-0.4489
0.450018,-0.00397
0.453103,-0.54849
0.497827,0.243811
0.498693,0.40055
0.613689,0.385282
0.664733,
0.694808,0.107913
0.709178,
0.750048,-0.87679
0.76987,1.392627
0.808493,
0.866425,
0.903361,1.452076
0.913702,0.073712
0.97604,
1.095336,0.393924
1.110133,0.043356
1.14362,
1.164304,-0.0032
1.352685,-0.16058
1.432955,-0.08151
1.488309,0.061501
1.526313,-0.03645
1.650837,0.233133
1.689019,-0.06162
1.991452,0.874616
2.259371,0.087192
2.343847,
2.395459,-0.02136
,
,
,
,0.009365
-3.93638,
-1.93559,-2.61454
-1.9032,-0.15139
-1.64255,-1.04387
-1.51531,-1.35694
-1.41724,-0.23008
-0.99381,-0.79397
-0.73384,-0.02347
-0.71626,-1.12458
-0.67004,-0.40607
-0.63165,0.135187
-0.55912,
-0.5068,-0.00519
-0.48971,0.045501
-0.45367,-0.13578
-0.35246,0.388642
-0.30437,-0.10626
-0.3013,0.342132
-0.1826,-0.58926
-0.16558,-0.11189
-0.13119,
-0.06755,0.206703
-0.06755,-0.8743
-0.05888,-0.27648
-0.05596,0.125694
-0.02155,-0.01865
-0.00723,-0.01296
-0.00084,
-0.00077,-0.01184
0.001785,
0.011069,
0.015013,-0.01869
0.028731,
0.04206,
0.045414,0.077772
0.045716,1.019894
0.04731,
0.090262,-0.39504
0.130214,0.033862
0.294055,
0.296888,-0.49357
0.366082,
0.36716,
0.405898,0.525878
0.424309,
0.425991,-0.01112
0.469296,
0.495382,0.2376
0.583733,-1.88492
0.619519,0.208073
0.662481,0.208581
0.679944,
0.692526,
0.696237,0.060575
0.755073,0.193953
0.758191,-0.52355
0.878416,
0.882672,-0.25008
0.901887,0.573604
0.973842,
0.992141,-0.16107
1.018396,0.114166
1.020415,1.201108
1.021978,0.010271
1.027162,0.011628
1.079697,0.023477
1.108021,-0.01993
1.126769,-0.20153
1.139462,-0.43101
1.332226,-0.19173
1.347133,-0.53021
1.511119,0.484909
1.543415,1.248704
1.660533,0.301016
1.813729,
1.942361,-1.26607
2.207901,0.424795
2.281079,0.636302
2.434088,1.454829
,0.936398
-5.4156,
-2.86253,-0.92827
-2.74155,-3.07316
-2.52429,0.01318
-2.45785,-0.01844
-2.10115,-0.06564
-2.04205,-2.29352
-1.72354,-1.91564
-1.42021,0.027734
-1.31953,1.093057
-1.16147,
-0.83336,-0.03426
-0.74502,
-0.62474,-0.96435
-0.56913,0.024823
-0.46665,0.137884
-0.41226,-0.00447
-0.21656,
-0.10594,
-0.10199,0.074548
-0.03599,-0.02843
-0.03555,-0.15673
-0.03353,-0.00428
-0.03004,-0.07858
-0.02904,-0.50389
-0.02375,
-0.02345,
-0.02222,
-0.02006,-0.1607
-0.01541,
-0.00389,0.005755
-0.00365,0.024179
0.006238,
0.013721,-0.00707
0.017817,
0.022644,
0.034309,
0.042665,0.054924
0.13799,
0.139952,0.57415
0.20162,
0.211286,0.220998
0.236935,0.012394
0.292514,
0.307822,0.085703
0.318537,
0.320876,0.870323
0.342876,0.228289
0.374033,0.033083
0.438338,-1.14195
0.44575,
0.45253,0.131061
0.484675,0.225856
0.507877,
0.547276,0.420733
0.720528,1.092122
0.726486,0.168073
0.760345,
0.783211,
0.872452,0.065544
0.947818,0.032267
0.986923,0.444936
0.996458,0.044751
1.003365,-0.18163
1.027085,0.009547
1.102805,0.084513
1.153135,-0.46055
1.166298,
1.244271,0.488093
1.352226,0.585292
1.393012,
1.39486,1.639785
1.434484,-0.23711
1.49241,0.290221
1.8592,
2.68511,0.017562
3.468522,0.328924
3.47589,
,
,
-3.47465,-1.19796
-2.76525,-2.10111
-2.54917,-0.92474
-2.45546,0.473239
-2.177,-0.07391
-1.95111,-1.34902
-1.66846,-0.27442
-1.42359,-0.02816
-1.14833,
-1.13471,-0.58687
-0.76565,0.022853
-0.66799,0.389908
-0.65555,0.072619
-0.58613,1.695516
-0.54287,-2.3543
-0.49511,-0.16233
-0.47231,0.001923
-0.40779,0.02816
-0.35342,-0.09037
-0.33944,
-0.28142,-0.13962
-0.25621,1.751942
-0.20227,
-0.19653,0.047218
-0.19427,0.055516
-0.07982,0.135003
-0.06404,
-0.05819,0.038859
-0.04755,0.011097
-0.04616,0.874182
-0.0429,0.001755
-0.00689,
-0.00242,0.034427
-0.0022,
-0.00041,
0.000408,
0.001344,
0.001793,
0.021641,
0.029408,0.059312
0.030624,
0.05965,1.333531
0.204405,-0.31512
0.228514,
0.22916,
0.273793,
0.338231,0.072476
0.350854,
0.436983,0.69176
0.449867,0.022606
0.461973,1.409724
0.5336,
0.544034,
0.569486,0.169591
0.609505,
0.686861,1.578949
0.695842,0.036819
0.725538,-1.58252
0.731856,
0.736442,-0.2552
0.752315,-0.51545
0.902064,
0.906069,-1.42001
0.91186,-0.064
0.925719,-0.05989
0.976285,0.950361
1.091878,0.661879
1.103054,0.222356
1.10425,0.217361
1.166063,-0.08659
1.261601,0.774176
1.390361,0.002789
1.481641,-0.1465
1.527798,0.270748
1.557349,
1.691675,1.22196
1.739542,-0.01944
1.899127,0.128833
1.916786,-0.79668
1.923326,-0.61939
,0.007573
,0.048529
-0.01143,0.097595
1.383893,1.176314
1.424888,0.730189
1.994552,-0.92655
-0.27829,
-0.22672,0.067103
0.308999,
0.608672,0.361471
0.67735,-0.32701
0.807376,0.288102
0.982145,
1.022072,
1.55384,
1.830671,-0.19844
,-0.2149
-1.20382,
0.020506,
0.155794,-0.66372
0.590591,
0.95428,0.61983
1.673187,
1.713063,0.123337
2.564173,0.800315
-0.04729,0.045205
-0.026,
1.004991,0.145594
1.086709,0.470924
1.558703,0.114931
0.017448,
0.018841,
0.212314,0.721717
1.110799,
0.014837,0.080835
0.508672,
0.599288,-0.11609
0.804326,0.503485
0.993227,
1.159975,
2.128782,
,0.162906
1.50449,1.460274
1.769829,0.108188
0.021708,0.123328
0.339002,
-0.01218,-0.39472
0.796422,1.588152
1.761494,-0.16431
3.715588,0.37074
0.005881,-0.03778
0.652401,1.312814
-1.10375,
-0.89814,0.075935
1.018961,-0.06409
1.528725,0.002515
,0.573714
,-0.01812
-0.00312,-0.06657
0.086586,1.024808
1.095009,-0.33259
1.140523,0.955652
-0.06104,0.000545
0.894305,
1.786683,0.218948
-0.53805,-0.10401
-0.00665,0.020941
0.415634,-0.02451
0.56225,-0.08031
0.56892,0.005272
0.576316,-0.17571
0.580078,0.60782
1.863149,-0.10465
1.996921,-0.10216
2.139777,-0.84586
,
1.692887,0.314675
1.82224,-0.15748
-0.71766,
-0.02908,
-0.24556,
-4.75625,-3.90261
-4.72734,-5.16812
-4.34613,-3.58685
-4.18716,-4.36841
-4.0483,-0.27575
-3.76152,-2.12133
-3.63195,-0.70711
-3.28274,-3.34539
-3.17918,-4.01059
-3.16858,-1.28927
-3.05695,-1.61846
-2.99314,
-2.82308,-1.13234
-2.73243,-1.88314
-2.62655,-1.06173
-2.48095,-2.02582
-2.37568,
-2.18531,-2.45302
-2.17795,-0.18613
-1.97286,0.219939
-1.93864,-0.06716
-1.92708,-1.12287
-1.57577,
-1.55651,
-1.55084,-0.36775
-1.37932,-0.01106
-1.28565,0.156268
-1.20283,-0.00694
-1.18528,-0.57065
-1.16496,-0.09441
-1.00342,
-0.92191,-1.27322
-0.82569,-0.17403
-0.7977,0.166349
-0.76093,0.040112
-0.74424,0.135891
-0.62634,-0.09154
-0.60119,-1.09523
-0.59522,1.237358
-0.58722,-0.24797
-0.46686,-1.11787
-0.44315,-1.46825
-0.39503,0.395067
-0.31889,-0.27364
-0.29985,-0.00698
-0.27173,0.524749
-0.26406,0.303418
-0.18578,-0.26806
-0.1582,-0.07193
-0.10858,
-0.04857,0.042365
-0.04374,0.57036
-0.03375,0.004054
-0.02926,0.019774
-0.02447,0.033878
-0.02016,-0.1052
-0.01525,0.554845
-0.0105,
-0.00886,-0.01179
0.001911,
0.007557,-0.09309
0.014577,
0.0247,
0.059629,
0.06425,0.056815
0.076372,0.000763
0.076391,-0.08238
0.241004,
0.298411,0.166709
0.342537,0.022749
0.384774,0.007328
0.401984,0.51041
0.544895,
0.598293,1.111498
0.639198,0.821171
0.877386,1.396961
1.449217,-0.02768
1.484652,
2.039604,0.303207
,
,0.052769
,-0.01358