FUSE_score,Differential PFAM
,
,
,
,0.37333
,
,3.7256
,
,0
,2.61176
,1.7455
,
,
,
,
,
,
,2.54938
,
,
,5.62034
,0.32955
,3.00887
,
,
,3.84295
,4.69582
,
,3.02597
,
,
,2.23252
,
,1.78844
,
,0
,0
,-0.39982
,
,
,-0.47643
,1.43508
,
,
,0.87447
,
,0
,0.92437
,
,0.82474
,
,
,
,
,2.75103
,
-0.0516,0.91854
-0.05545,2.18178
0.198623,1.05408
0.111278,0
0.264049,3.18263
0.297862,3.26512
0.438773,-1.42047
-0.00731,1.6916
0.210415,-0.05211
-0.12379,1.07479
0.470134,
0.220487,0.43197
0.102682,-0.77628
0.232708,
-0.11262,-0.15326
0.116225,0.3156
-0.02045,1.73162
0.219352,1.79958
0.312394,2.90644
0.230806,1.5998
0.416787,0.21923
0.284945,0.31025
0.107315,
0.326073,0
0.5569,0.2706
-0.09134,2.68939
0.253444,1.5145
-0.01544,1.35445
0.220576,0.18992
-0.00512,0.7012
0.25288,0.69652
0.091247,-0.51052
0.268177,1.0559
0.443494,
0.262298,0.33221
-0.03981,0.80188
0.428775,-0.94734
0.249578,
0.155284,-0.12152
0.155904,0.66312
0.248087,
0.073108,
0.316261,-0.48083
0.163998,-0.34361
0.21124,
0.156257,0.61073
-0.00691,0
-0.04503,2.03235
0.023661,0
0.352848,2.54938
0.562578,5.68111
0.374652,0.39466
-0.04688,0.83795
0.1246,0.17944
0.112207,
,
0.370826,
0.550428,3.99041
0.270682,0.5028
0.257091,
0.123764,0
-0.03093,0
0.295436,0.98417
0.502084,1.88257
0.221682,0.67177
0.463776,
0.143656,
0.321121,0.72061
0.410497,0.31849
0.391387,2.44609
0.404471,1.65178
-0.00876,1.70922
0.426246,2.22724
0.250645,1.86199
0.425461,
-0.01624,1.4503
0.176268,0.22342
-0.03351,1.38577
-0.25799,0
0.013823,3.97886
0.266609,0.07132
-0.01932,0.06055
0.461612,0
0.020353,0.21103
-0.09482,-0.71501
0.570322,3.44819
0.370999,
-0.19865,0
0.347737,2.11467
0.388007,-2.91153
0.258638,
0.272439,0.01735
-0.1346,
0.518808,
0.303695,
0.144989,0.38517
-0.01018,0
0.005322,-0.41617
-0.09274,-0.1863
0.18,1.81188
-0.00925,0
0.617867,-0.24071
0.271137,-0.31256
0.1441,
0.159733,3.07746
0.097811,-0.12224
0.286994,2.10424
0.306085,-0.65362
0.27818,
0.504844,1.97818
-0.10176,3.53364
0.47584,0
0.515372,
0.13393,0
0.47211,1.10373
0.282058,0.47563
0.468293,1.87236
-0.03483,
0.056825,0.92295
0.003109,0.39003
0.323406,-0.9345
-0.02117,0.40535
0.582484,0
0.216292,1.8835
0.284822,0.21271
0.670451,2.45644
0.280127,0.52156
0.186928,-0.47295
0.325759,0.32874
0.205378,0.87875
0.325606,0.8616
0.386776,1.64695
0.378559,2.36661
0.147342,0.51991
-0.04775,0.57773
0.376107,
0.039786,0.37024
0.391073,2.50834
-0.0452,2.32903
0.269133,-0.87447
0.008254,1.13692
0.241138,-0.42313
0.320465,2.2114
0.37654,
0.286934,0.51777
0.231755,0.28725
0.019582,
0.310199,0.08324
0.413034,3.67866
0.022633,
0.387009,5.68111
0.780134,0
0.399515,5.92768
-0.10524,1.17748
1.502562,0
0.151927,1.57508
-0.05031,1.91302
0.398831,1.66604
0.347176,1.15904
-0.04092,0.78814
0.323298,0
0.470358,1.94349
0.120353,0.46116
0.282697,
0.328423,
0.330735,4.50337
0.285816,0.36196
0.421365,0.39425
0.087905,
0.238461,0
0.42753,
0.438215,
0.420301,2.22816
0.460349,3.60095
0.220915,
0.231406,
,
0.379591,
0.345001,
0.434735,1.72348
-0.02939,-0.06479
0.386106,0.11641
0.273345,-0.12573
0.433883,0.09385
0.209308,-1.4112
0.148085,-0.13429
0.321544,
,
0.267296,-0.77776
0.302843,2.44158
0.083269,2.84992
0.389039,0.18674
-0.11945,-0.05184
0.449976,1.13705
0.056592,
0.147223,0
-0.0305,-0.41966
0.234072,-0.76334
0.386014,1.70356
0.339055,
0.621231,-2.61051
0.213501,
0.275317,3.51909
0.374218,2.66706
0.041776,
0.24506,
-0.18066,0
0.121848,
0.313606,1.26521
0.384861,1.8115
0.352677,
0.187214,
0.337447,
0.546478,1.45617
0.514364,4.2183
0.420555,-0.16607
0.367175,2.77714
-0.0537,-0.07726
-0.03478,1.51884
0.00142,-0.12426
0.073127,
0.393548,0.00104
0.292813,0.66182
0.303088,
0.201336,0.77367
0.400734,3.10186
0.6925,3.91358
0.249277,4.47188
0.513964,1.14733
0.142368,
0.344109,4.47188
0.218028,
0.35635,-1.66678
0.310142,
0.480436,-0.66211
0.245129,-0.34914
0.525901,2.60669
0.366872,
0.178921,-0.28666
0.098464,
0.330492,
0.444191,2.24035
0.148132,3.48926
0.54607,1.98491
0.478159,
0.453597,
0.408957,1.85993
0.250415,
0.420527,1.88219
0.330717,0.90638
0.322386,-0.04793
0.447878,
0.046577,
0.403189,0.00623
0.489173,0.24071
0.268381,0.65763
0.494748,3.06032
0.495543,
0.386313,-1.38921
0.373667,0
0.371123,3.83352
0.274331,0.41351
0.070901,1.82248
0.151341,
0.765964,5.68653
0.225987,0
-0.03989,1.07909
0.353238,1.41953
0.305634,-0.54246
0.278882,2.01564
0.247961,-3.11902
0.521318,0.77306
0.216479,0.16476
0.170648,
0.191234,0
0.441499,0.83395
0.294018,
0.372988,2.29571
0.35113,
0.024243,3.12226
0.345184,
0.421059,-0.51116
0.215065,0
0.261207,1.30225
0.100915,2.09725
0.43685,0
0.311319,-0.69929
0.367997,2.96129
0.38199,0.07987
0.210392,-0.36049
0.003091,0.37439
0.271992,
0.450933,1.1485
0.403683,2.89088
0.4251,1.4112
0.40354,1.83488
0.629302,-0.4658
0.335668,1.9248
0.350013,-0.38891
0.501065,-0.84079
0.172588,
0.537308,1.17794
0.379189,0.26901
0.375263,1.92668
0.331318,
0.166521,0
0.300147,
-0.06626,0.48428
0.126437,0.22422
0.426621,0.4215
0.183718,0
0.08347,1.20741
0.307799,0.11361
0.71927,4.49645
0.352186,0
0.557689,3.35034
0.316339,2.67468
0.441398,0.98359
0.389742,3.40519
0.101442,0
0.423385,0.55035
0.404765,-0.39239
0.665245,3.57052
0.081261,
0.205102,2.74765
0.231052,-0.20647
0.403449,
-0.00905,0
0.348465,1.8316
-0.06207,0.83221
0.459798,-0.34987
-0.03087,2.0652
-0.04118,0.99371
0.479209,1.39685
0.401567,0.62634
0.294257,-0.57459
0.277531,0.50395
0.446971,-0.87204
0.392952,0.56305
0.679604,0
0.497711,3.21078
0.701755,3.48874
0.361297,2.24877
0.430389,0.70713
0.459019,2.00724
0.021487,1.33737
0.389526,0.44947
0.479809,1.08142
0.252494,-0.09934
0.317271,0.54657
0.177365,1.33915
0.105097,
0.446183,-0.21644
0.423825,0.78546
0.428641,2.16938
0.634809,1.74954
0.525885,
0.231043,1.75852
0.151442,
0.196561,-1.39201
0.497637,4.32523
0.416069,-2.65705
0.378867,2.75103
0.581687,1.73896
0.263637,1.29205
0.63626,2.68597
0.406715,0.29696
0.222363,
0.395052,1.39862
0.582524,2.68751
0.081075,2.35676
0.32721,1.1752
0.444863,
0.407595,1.35202
,
0.460982,-0.50907
0.391367,3.88182
0.357567,
0.333957,-0.06353
0.426564,
-0.11013,-0.67469
0.278121,
0.093523,2.31268
0.444766,1.40235
0.295744,0.86003
0.351438,
0.426146,-0.11273
0.492885,
0.424241,
0.288173,1.45949
0.370821,0.68475
0.146524,-1.10583
0.275011,0.89612
0.058133,2.08827
0.486636,0.57511
0.666267,1.2736
1.225726,5.52807
0.278072,0.75386
0.312797,
0.452551,
0.688496,-1.97523
0.052479,
0.367668,0.05748
0.399837,0.46504
0.647324,0
0.267892,
0.318925,
0.346314,0
0.453155,2.75863
0.22245,0.98803
0.3027,
-0.17837,0
0.602908,2.5632
0.396273,1.70604
0.609331,
0.109232,
0.843058,5.52807
0.486569,6.68808
0.346446,2.03108
0.584928,4.0591
0.254184,1.57051
0.310709,
0.313053,-0.69935
0.466681,-1.75703
0.606062,5.96739
0.211182,0.50842
0.474036,
0.23062,2.12206
0.344756,-3.00498
0.32616,
0.022807,
-0.01918,2.58127
0.376052,0.93723
0.630698,1.20668
0.46545,
0.235144,
0.396693,1.92571
0.450071,
0.43526,0.58145
0.356736,1.20095
0.405608,-0.12034
0.638914,1.45761
0.334782,3.24046
0.456667,0.49874
0.061201,1.4542
0.267139,
0.265816,0.70457
0.389403,2.11297
0.220632,1.63218
0.600966,-0.1304
0.506403,5.14508
0.510473,1.99358
0.448252,1.0559
0.683962,1.21386
0.284529,0.99448
0.242916,0.56698
0.032472,1.7251
0.826197,2.33956
0.391476,1.2108
0.335833,
0.21423,0.24812
0.359423,0
0.38494,2.82901
0.498764,2.89638
0.131621,0.14969
0.301658,0.75901
0.379691,0.43708
0.923078,5.68935
0.336718,2.47482
0.198469,0
0.568198,
0.643487,4.47188
0.614936,0.91753
,
0.2857,2.44273
0.424262,-1.91418
0.398734,
0.320898,1.26324
0.336621,
0.355109,-0.37543
0.301714,2.62925
0.167751,
0.467823,
0.35236,0.94264
0.89624,4.59828
0.504013,
0.085785,0
0.446256,-0.36432
0.020196,
,
0.345044,1.26104
0.439227,0.24244
0.7604,3.04293
0.825016,0
0.500888,
0.146125,1.12669
0.394157,1.90466
0.67689,5.52807
0.433411,
0.632038,4.20756
0.129643,0
0.258603,
0.323832,0
0.655822,2.34509
0.450292,1.89985
-0.01818,0
0.069505,
0.309718,0
0.552894,0.79164
0.474477,3.35517
0.587491,6.13162
-0.02617,3.03985
0.22188,-1.1325
0.335806,1.92131
0.29426,1.41969
0.561034,3.27773
0.583649,4.37364
,
0.392196,1.87376
0.328652,0.04772
0.34221,2.42883
0.373897,
0.563982,0.15609
0.583903,-1.18629
0.553676,6.20173
0.43822,
0.274158,2.93144
0.594083,4.02487
0.136675,0
0.855659,6.26287
-0.009,0.35806
0.537323,3.06879
0.491451,-0.2185
0.069606,
0.387785,1.92454
0.515948,-1.22163
0.590395,5.68653
0.469013,4.1633
0.32187,0.84758
0.409721,0.58656
0.33372,3.59535
0.45042,0.41403
0.195636,2.47194
0.447797,2.37506
0.65661,1.81711
0.290496,-1.40099
0.770062,2.34837
0.558237,-0.44189
0.282308,-0.58656
0.436216,-0.56478
0.551321,1.7455
0.356045,-0.85203
0.437527,-0.02842
0.295822,0.84758
0.387608,-0.18026
0.934207,5.68935
0.601614,2.95945
0.428797,1.81411
0.179736,-0.61683
0.508846,1.05355
0.308045,0.53428
0.369823,1.66532
0.252837,0.05709
0.83358,4.65106
0.409117,2.36859
0.377674,3.90376
0.329704,
0.561779,1.28516
0.10412,
0.628095,0.94999
0.451425,-0.2413
0.415847,4.06983
0.41898,3.63962
0.429701,1.58356
0.138456,0.85826
0.368665,
0.468449,2.74413
0.087665,0.37817
0.462871,1.22109
0.401509,0.45302
0.368953,1.9347
0.394923,1.07769
0.385574,1.16129
0.210727,
0.031251,1.65379
0.283965,
0.536785,4.74531
0.35293,1.1983
0.284266,0.14932
0.935219,4.6303
,
0.562603,4.74738
0.648907,-1.7129
0.206041,2.40781
0.743628,4.95553
0.475765,0.60334
0.296289,3.7256
,
0.209891,0.85203
0.606261,0.48481
0.663612,2.44609
0.252474,
0.345971,2.08063
0.505875,0.75706
0.374384,-0.34366
0.476013,3.13363
0.794222,1.82157
0.541927,3.74552
0.362432,-0.04974
0.396214,1.55539
0.455701,-0.98117
0.434195,-2.10349
0.399121,3.51782
0.336107,0.29009
0.548778,0.51131
0.767985,5.92768
0.405297,5.0528
,
0.214504,0
0.393779,2.66635
0.407924,-0.85549
0.340568,1.47062
0.351118,0.61629
1.133365,0.80271
0.475202,-0.95137
0.487021,3.88182
0.461078,
0.678767,-0.15349
1.218543,5.24795
0.101976,-0.02321
0.384121,3.05916
0.177371,1.03147
0.583133,1.82901
0.348294,0
0.266162,
0.336633,0.40643
0.571887,6.13162
-0.11337,0.17743
,
0.426309,2.28237
0.673389,-0.08369
0.728771,4.74738
0.53326,0.90717
0.421739,2.55152
0.480837,2.50721
0.41355,
0.439827,
0.46619,
0.670876,5.91441
0.435711,
0.322294,
0.371431,4.74738
0.425417,3.37918
0.346482,1.26518
0.741306,5.68935
0.465764,1.79637
0.41367,0.65094
0.451527,3.80805
0.501516,6.16284
0.483786,0.85421
0.444316,1.12571
0.420174,1.26704
0.461291,-0.71201
0.838936,5.07242
0.445077,1.49835
0.415652,1.54498
0.455998,2.07395
,
0.444277,2.83676
0.311411,1.56863
0.476669,
0.153676,1.27003
0.486226,1.78489
0.127188,0.17236
0.394042,1.2736
0.455422,
0.696368,4.73177
0.143556,1.50175
0.462366,3.15398
0.449344,0.90662
0.540636,3.84295
0.953532,4.15483
0.434807,0.55417
0.86133,4.24878
0.16969,0
0.764788,6.13162
0.610699,6.68346
0.343418,0.4715
0.562653,5.62331
0.586612,5.51914
0.487002,3.02597
0.483582,3.33421
0.639924,1.39224
0.552427,3.2619
0.672666,1.43473
0.490317,0.69321
0.577519,2.88042
0.592225,1.97922
0.815379,0.51787
0.231714,
0.508138,-0.11666
0.426463,
1.081467,5.92455
-0.02974,0.78606
0.078599,
0.625463,1.41953
0.487604,
0.5625,3.45553
0.479101,0.85061
-0.00604,
0.585305,3.78661
0.46999,4.95553
0.706221,4.93741
0.518046,4.24878
0.481841,5.68111
0.781219,5.68111
0.762565,1.51323
0.452482,0.02648
0.411873,4.16655
0.360201,3.1151
0.554438,4.01829
0.357132,0.75306
0.428821,
0.677085,6.16284
0.471823,
0.771931,5.62034
0.654464,4.24521
0.309823,
0.429276,-1.58654
0.489778,0.05207
0.430285,-0.29476
0.362039,2.21913
0.413314,-1.40216
0.682952,5.51914
0.420649,0.88011
0.428486,1.44155
0.49986,0.54843
0.208098,
0.493194,
0.415949,0.11013
0.261622,-0.47925
0.455534,0.33348
0.161957,
0.383171,0.56026
0.583239,3.00887
,
,
0.189517,0.90045
0.464805,2.46528
0.506603,-3.77592
0.86592,4.13433
0.602538,-2.32952
0.220236,
0.461091,-1.46163
0.557755,0.96634
0.072364,
0.598573,5.09897
0.538983,1.3635
,
0.554645,2.22498
0.457594,1.50899
0.790588,3.93038
0.30458,
0.86082,1.16782
,
0.526521,2.03108
0.546905,5.7834
0.503614,2.74413
0.605447,3.34889
0.439322,
0.428376,-0.3287
0.490478,4.89552
0.488451,1.82624
0.667348,5.51914
0.323488,0.36049
0.522699,0.94144
0.284515,0.53465
0.552952,
0.631062,3.03617
0.134088,-0.58552
0.52261,2.4912
0.365484,
0.698075,
0.751554,
0.472888,0.66182
0.577091,3.74552
0.766106,2.45644
0.584857,5.10044
0.409437,
0.527812,2.11467
0.484255,4.43388
0.564124,
0.524456,
0.23984,0.93116
0.402409,4.8286
0.437973,0.79713
0.71004,3.82391
0.578182,5.68111
0.648412,1.95072
0.531652,
0.521908,4.50337
0.618264,2.4912
0.953983,6.68346
0.564955,1.75412
0.580881,3.40755
0.557246,2.83093
0.349261,
0.599849,2.02878
0.600001,0.86722
0.800938,2.63921
0.59916,4.79863
0.683969,3.4456
0.547967,
0.450156,0.69498
0.433382,1.63542
0.570203,1.03675
0.392338,0.36218
0.401853,
0.356409,
0.537492,2.79274
0.781568,5.68653
0.50469,
0.36505,2.96497
0.525948,3.18191
0.466263,4.74738
0.561364,4.69582
0.476575,-0.91854
0.537073,-0.27276
0.761302,
0.477255,5.20919
,
0.592716,2.55613
0.524024,-0.04235
0.477575,3.80805
0.390916,
0.582971,3.6201
0.57418,-0.27759
0.240552,0
0.572995,2.56003
0.204906,
0.525821,3.24836
0.337065,0.17774
0.481126,1.98931
0.387631,0
0.565737,5.68935
0.392796,1.82624
0.442248,
0.283524,
0.660504,5.16738
0.765641,4.74738
0.479692,-0.05163
0.346548,
0.232749,
0.641226,5.96739
0.176633,-0.92708
0.286889,0
0.403535,
0.403808,-0.77716
0.643246,4.23044
0.376628,
0.094175,0
0.65291,
,
0.462241,3.50203
0.548768,
0.790528,6.13162
0.745356,4.20756
0.597664,3.45553
0.455086,0.89612
0.534158,0.55093
0.571955,0.25894
0.636831,6.02825
0.570814,2.17566
0.541582,0.1797
0.34129,0.90706
0.681447,1.21134
0.765072,3.23878
0.478674,0.88862
0.424372,0.18686
0.647874,-1.05503
0.736448,
0.566771,-2.14226
0.451646,-2.05238
0.588315,3.4456
0.54725,2.77714
0.652305,4.16961
0.756327,5.62034
0.560769,1.31686
0.468593,-1.62301
0.469148,
0.466372,-1.75354
0.380662,1.14687
0.573027,0.56305
0.587592,3.2619
0.355344,
0.439216,1.6257
0.355162,
0.48571,-1.5998
0.50006,
,
0.759722,
0.557642,0.35467
0.564018,3.50912
0.23929,
0.591948,4.16655
0.458207,4.43388
0.949228,5.62034
0.346502,0
0.467691,1.93062
0.624978,4.90067
0.507254,2.5632
0.456176,
0.7107,5.07595
0.366737,
0.710932,
0.525642,4.89552
0.504365,3.219
,
0.35804,1.51611
0.60822,4.60189
0.307577,4.8286
1.076112,5.75995
0.563298,1.10583
0.359394,
0.573112,4.79863
0.611106,
0.516745,1.02857
0.483145,4.8286
0.752215,3.30644
0.585791,2.88324
0.413534,2.32602
0.351787,
0.347492,0.80317
0.494348,5.92768
0.550727,4.95553
0.536035,5.75688
0.322737,0.52525
0.37932,
0.660806,6.26287
0.213015,
0.575703,
0.495307,5.91441
0.424845,4.47188
0.32213,
0.49753,3.15398
0.722454,5.36375
0.380924,-1.56262
0.569125,0.93538
0.638769,4.76469
0.692689,6.16284
0.644083,5.07242
0.377372,
0.349594,-1.15994
0.313806,
0.478702,1.56262
0.17812,0
0.31788,2.32602
0.434311,
0.199914,1.14032
0.344765,3.16645
0.561485,1.58074
0.464125,
0.418471,1.83294
0.375158,4.95553
,
0.303205,-0.50896
0.684652,5.07595
0.765312,5.11844
0.57195,4.74531
0.038602,
0.646962,
0.20831,1.15974
,
0.228899,0
0.739264,5.11844
0.34252,1.18449
0.378856,
0.192233,
0.316653,0.89477
0.590139,5.91441
0.455288,
0.390172,
0.657004,5.24795
0.329494,-0.81713
0.368084,
,
0.206927,
0.701002,6.0687
0.430864,
0.634457,5.16738
0.299647,-1.33737
0.490137,2.88324
0.524706,1.48022
0.401324,1.99195
0.602273,
0.26264,2.22543
0.65624,5.78624
0.557601,4.37364
0.538313,1.06113
0.657436,4.51811
,
0.582201,4.26718
0.528387,0.91953
0.464274,
0.566255,3.1195
0.660569,5.68935
0.3244,-0.70234
0.701787,4.8286
0.522671,3.0642
0.669418,3.23878
0.307093,
0.685227,5.68653
0.433555,3.51824
0.369529,4.20756
0.610783,6.02825
0.344204,-0.63146
0.631616,3.12826
0.589093,
,
0.537207,0.75306
0.704908,2.24306
0.629829,
0.409121,0
0.272561,1.35077
0.491779,5.51914
0.735011,0.88476
0.396318,6.13162
0.681921,
0.425567,4.50337
0.49115,6.13162
0.519176,1.55635
0.482034,0.4109
0.405994,3.64364
0.226626,
,
0.403238,1.89676
0.610905,5.10044
0.496388,3.10186
0.599248,3.79553
0.38317,2.6151
0.706826,1.27367
0.469908,0.32953
0.426038,0.18147
0.493742,0.33734
0.694934,3.93038
0.565618,1.26118
0.476014,3.26301
0.562604,0.25521
,
0.55981,1.51118
0.637702,
0.465869,4.20756
0.18766,-0.06705
0.625806,3.59105
0.581401,6.68808
0.596348,6.16284
0.500298,
0.559848,-1.92454
0.604674,
0.606618,4.47188
0.438134,-2.82614
0.438279,
0.395247,2.17494
0.433931,
0.45995,
0.441429,0.68923
,
0.52174,1.2092
0.280906,1.53547
0.696756,3.82908
0.700019,1.03462
0.229229,
0.753345,5.24795
0.447192,0
0.4775,0.37185
0.274207,1.14666
0.42368,
0.711966,
,
0.589192,2.36859
0.454335,0.95582
0.480459,1.02047
0.287551,0.97983
0.67559,5.62034
0.525893,1.04388
0.307159,2.14785
0.186167,-0.45145
0.577053,1.94378
0.480544,
0.620093,4.0591
0.376111,
0.671119,3.17018
0.676047,4.8286
0.658152,
0.709175,4.8954
0.237298,0
0.507979,0.98359
0.488491,1.32925
0.698291,0.41417
0.678923,4.53723
0.319935,
0.274697,4.20756
0.781583,
0.42217,1.28776
0.341859,1.49238
0.668907,4.20756
0.852648,5.91441
0.402206,2.06817
0.400897,
0.397728,-1.49063
0.512277,1.64672
0.676687,
0.784964,4.95392
0.688634,
0.427343,2.19209
0.255939,2.80596
0.88599,5.51914
0.44493,0.38735
0.746425,1.5921
0.298009,
0.356095,
0.7399,4.74738
0.748502,5.36375
0.506803,0.20796
0.137704,0.34307
1.052459,4.8954
0.520105,0.43114
0.467917,0.32907
0.834924,3.74353
0.373073,3.51782
0.38339,2.86561
0.398783,1.26747
0.621041,3.95575
0.858228,3.42502
0.815069,0.81117
0.527606,
,
-0.12987,1.30589
0.501477,0.41896
0.346969,1.92585
0.686782,6.34636
0.412826,
0.600674,0.59531
0.736951,3.80513
0.547871,0.44207
0.537015,1.75395
0.569503,0.58188
0.316289,0.57151
0.369199,2.17494
0.556747,-0.13248
0.549468,4.99005
0.200368,1.55578
0.523719,0.938
1.148151,5.51914
,
0.683174,1.84964
0.291922,0.97095
0.346179,-0.02247
0.620136,2.36685
0.275457,-0.14126
0.274024,-0.29009
0.739962,3.82419
0.448259,
0.447468,
0.790737,3.24717
0.521963,2.28237
0.739764,5.20919
,
0.324315,0.65205
0.394526,0.15586
0.38912,-0.11506
0.477989,3.16972
0.424438,0.00168
0.385826,1.64912
0.606451,3.14431
0.577169,2.39232
0.440449,4.47188
0.671257,2.86038
0.534924,2.21475
0.213056,
0.972175,6.16284
0.388471,-0.55325
0.582769,1.45464
0.677742,6.68808
0.560945,2.17133
0.590746,1.20403
0.732269,4.93741
0.385163,0
0.416921,1.94101
0.657165,2.82901
0.123563,2.82393
0.974968,5.62034
0.439473,-0.00835
1.330405,5.68653
0.445021,0.12938
1.032832,5.24795
0.090207,
0.382423,5.20919
0.504697,1.42047
0.798853,2.63518
0.231672,-0.13709
1.036396,5.68935
0.551869,3.24836
0.296336,0.26219
0.459603,3.51824
0.936056,5.48363
0.207863,1.86881
0.55753,
,
0.393486,1.06206
0.475224,-0.12938
,
0.580549,5.52807
0.475966,0.04836
0.423735,0.15625
0.59811,0.82473
0.182126,0
0.737741,5.24795
0.331288,0.91086
0.749768,5.06064
0.259833,0.23421
0.333169,0.7172
0.718934,4.89593
0.377868,2.89924
0.844348,2.40333
,
0.406898,-0.25828
0.664918,4.8286
,
0.347554,1.68094
0.409198,-1.27682
0.590333,4.57476
0.586973,4.28148
0.400788,0.71848
0.435391,
0.467012,1.66273
0.494908,0.08257
0.853047,4.18162
0.469107,-3.62355
0.838099,4.23044
0.573056,4.60189
0.998803,4.48195
0.665173,3.12324
0.774736,2.11252
0.988341,5.12379
0.427794,1.03462
0.449077,
0.505669,1.84317
0.380388,2.86008
0.667276,1.39862
0.566485,1.41969
,
0.909995,5.54107
0.698471,2.22724
0.526036,4.59383
0.256397,0.41014
0.736563,4.43089
0.740514,5.25235
0.362283,-2.96935
0.432684,2.24306
0.624512,2.76426
0.430251,2.07938
0.449394,
0.515936,-0.18808
,
0.801394,4.50337
0.800344,0.83468
0.776633,5.20919
0.984605,5.68653
0.297073,0.54477
0.688076,4.50337
0.219144,
0.560398,1.45949
0.343298,1.21546
0.411814,-0.17678
0.591226,1.13185
0.412563,1.72376
,
0.854187,5.52807
0.638727,4.65106
0.53896,2.18695
0.238813,
0.450265,4.20756
-0.0051,0.76505
0.4376,
0.566331,4.95553
0.605945,3.59535
0.194773,2.09083
0.569591,3.57052
0.849687,5.14508
0.39281,-3.48926
0.463926,-3.30982
0.544727,1.71508
0.342596,3.0642
0.682288,5.78624
0.390739,2.17566
0.548047,-1.2842
0.683441,3.94183
0.768497,1.55934
0.368994,0.00601
0.605951,1.15824
0.411738,1.21386
0.297815,-0.1131
0.648344,0.1371
0.294376,1.31217
0.561419,3.0202
0.68648,5.91441
0.857668,5.68111
0.107512,0
0.490633,2.13477
0.602776,1.16782
0.829296,3.44819
0.485717,5.52807
0.863777,5.91441
0.482048,2.99373
0.91222,0.7306
0.578592,3.78652
1.009014,1.31612
-0.03656,2.40329
0.354186,-0.44941
0.508474,0.34537
1.127018,5.68111
0.75691,5.68935
0.492957,
0.643167,4.20756
0.474454,
0.458784,4.01829
0.919498,3.44819
0.700728,0.75706
0.61708,2.23429
,
0.587141,2.61176
,
0.931068,4.20756
0.822283,1.73791
,
0.830477,2.6543
0.633318,5.17683
0.547037,4.26718
0.761108,3.1195
0.316271,
0.296738,1.70075
0.538907,
0.512739,
,
0.944278,4.54937
0.49875,4.8286
1.027446,2.71854
0.661285,5.52807
0.905937,5.62331
0.557992,5.20919
0.359106,0.4049
0.29041,2.91205
0.568355,1.82145
0.552956,4.59828
0.410949,1.84964
0.756856,5.92768
0.297482,1.1949
0.346727,2.73896
0.368608,1.59234
0.624244,6.30875
0.797848,2.87877
0.684278,4.88631
0.205024,1.58253
0.869986,6.16284
0.825915,3.03617
0.75097,1.31612
-0.09118,
0.387074,1.07625
0.546999,4.74738
0.237394,
0.26318,
0.860249,5.51914
,
0.88078,6.68808
0.565462,0.89114
0.526713,1.1263
0.297901,1.41049
0.603306,3.91135
,
1.026541,1.55934
0.63847,3.91135
0.242311,2.11721
0.777472,0.4658
0.573596,5.20919
0.757895,1.01997
1.222108,5.68935
,
0.351253,0.58314
0.872854,3.78462
0.693618,2.89638
0.391968,
1.068446,4.49645
,
0.432882,
0.595732,-0.56048
0.566712,5.54107
0.692886,4.89593
0.923035,3.39424
0.088446,
0.805694,3.82391
0.730888,5.75688
0.354903,1.63146
0.891221,4.73177
0.558792,1.56639
0.53756,1.13462
0.809788,0.27772
0.982494,5.17683
1.246766,5.68653
0.210231,
0.889517,5.91441
0.519323,0.90931
,
0.692526,2.22816
1.04338,5.68111
1.098454,2.54323
0.43724,1.22413
0.536191,1.69963
0.576231,5.40748
0.588479,0.2441
0.875321,0.80271
0.312117,3.39902
0.724945,4.50337
0.890188,5.7834
0.774086,1.70034
0.577197,1.33094
0.482113,1.98843
0.425273,0.27056
0.439164,0.33934
0.919513,5.24795
0.753659,6.13162
0.589736,2.37548
0.478149,3.39171
0.589507,5.04924
1.047586,4.8286
0.545109,3.82419
,
0.956376,5.52807
0.430085,
1.302182,5.24795
0.853392,3.34195
0.361803,0.00173
1.061055,5.68653
0.617747,4.47188
0.635017,-1.55208
0.856413,3.76023
0.371252,0.03238
0.539133,1.5321
0.562172,5.24795
0.853082,5.20919
0.455833,-0.38907
0.658051,1.64912
0.675764,1.83488
0.989286,4.47188
0.656561,3.30644
0.987106,4.50337
0.654175,0.7306
0.532415,0
0.633146,2.79274
1.231789,5.51914
0.358238,1.06113
0.448769,
0.775734,3.40755
0.858857,6.16284
0.870175,5.92768
0.769369,4.95553
0.66909,4.74931
0.334597,2.07938
0.575084,5.92768
0.719936,4.47188
0.954755,2.15455
0.958865,5.68653
0.988728,4.1451
0.296015,3.63079
1.038794,5.20919
0.84391,6.68808
0.886139,0.94999
,
0.635197,2.04665
0.974708,4.36847
1.027802,4.74738
0.478807,
1.11144,4.74738
0.651026,4.90067
0.412973,1.35909
,
1.151678,5.91441
0.905648,4.47188
1.133752,5.83876
,
0.427827,0
1.266797,2.90921
0.522637,4.13433
0.422948,2.19037
0.366919,0.16436
0.84041,2.54323
0.847158,4.16961
0.69671,2.15455
0.932791,5.04924
0.799024,1.50867
0.784577,5.83876
1.136328,6.13162
0.947736,5.68653
,
1.057069,1.50867
0.912817,2.14614
0.684788,1.72376
0.506304,4.50337
0.528713,2.63921
1.122432,5.20919
0.845818,4.95553
0.962439,5.51914
0.895726,6.16284
,
0.891609,3.82908
0.661559,3.76023
0.930642,5.24795
0.37052,1.16455
0.959947,5.68935
0.272128,0.92708
0.732499,4.95553
0.778236,4.8286
0.749015,6.80599
0.590688,5.92768
0.936149,4.28148
1.320767,5.62034
0.965966,5.91441
0.97342,6.30875
0.148465,2.7521
0.676967,1.98843
0.542541,1.03655
0.793426,5.09897
0.241226,-0.61407
0.963948,4.8286
0.956382,5.24795
0.463027,-0.83859
0.755479,5.68111
0.621077,2.44499
,
0.756272,3.0202
,
1.170861,2.14614
0.840921,4.32523
,
1.157887,6.16284
0.943259,4.02487
1.052266,1.82157
1.098944,5.06064
0.434108,
1.305746,5.68935
0.37599,-0.06706
0.925658,6.04787
0.756293,3.30256
0.755596,1.68689
0.600671,0.59538
0.821433,3.39171
1.128185,2.27614
0.649628,4.48195
0.563947,0.62618
0.726936,5.75995
1.008753,2.90921
0.732176,3.06879
0.011067,2.24948
1.226579,6.68808
0.36831,1.43508
0.89696,6.20173
0.828008,6.21187
0.4692,3.219
0.866978,6.13162
0.437206,0.48597
0.84912,5.51914
0.647488,1.92668
0.762011,0.73636
0.773586,2.77123
1.051417,5.62034
,
1.08063,5.39014
,
0.582374,6.04787
1.055887,5.92768
0.699205,4.50337
0.870141,2.27614
1.052689,6.13162
0.301196,2.64135
,
0.84209,4.74738
0.723082,1.60285
1.13414,4.95392
0.893711,3.99041
0.4363,0.36888
0.938099,5.62034
0.677556,2.80032
0.957229,6.68808
0.732292,5.92455
0.326453,4.53123
1.035958,6.34636
1.102392,2.40333
1.098191,6.80599
0.483551,1.84197
1.020609,1.51323
0.629812,3.34929
0.46148,0.97185
,
,
0.261293,1.35306
1.08969,5.25235
0.837082,4.14164
1.080328,1.73791
0.933616,4.57476
,
0.750893,5.20919
0.74435,5.68111
0.793726,5.92768
0.855039,6.68808
,
1.018445,3.04293
0.662138,6.68808
1.139525,5.92768
1.00364,4.24521
1.088521,2.6543
0.522309,2.07504
1.014706,4.20756
,
1.115168,4.95553
,
0.952779,6.64934
0.9307,5.0256
1.28549,2.71854
1.842345,4.50337
0.890546,5.51056
,
1.142941,6.68808
,
0.701101,3.34889
0.547175,3.10632
0.892752,4.99005
0.857648,4.2183
,
1.018266,4.74931
,
,
1.235316,5.91441
0.879927,5.52807
1.03153,4.95553
,
1.237129,5.62034
1.898618,5.68111
1.894032,5.20919
1.911125,5.92768
2.102005,5.68653
,
2.077346,5.68935
0.521447,3.19821
1.760886,4.47188
,
2.073782,5.24795
1.907928,6.13162
1.241525,6.16284
1.819186,4.8286
1.070744,4.50337
,
,
1.142088,5.52807
2.006916,5.91441
1.88304,4.74738
,
2.013126,6.16284
1.997326,5.52807
1.786306,4.20756
2.092367,5.62034
2.003389,5.51914
,
,
1.886768,4.95553
1.998179,6.68808