FUSE_score,AlphaMissense
,
,
,
,0.0984
,0.1145
,0.9119
,0.76
,
,0.9301
,0.9242
,0.1712
,0.0914
,0.0804
,0.1156
,
,0.1775
,0.9187
,0.0805
,0.2091
,0.9994
,0.541
,0.9771
,0.1341
,0.1899
,0.686
,0.7996
,0.2873
,0.8346
,0.0917
,0.0613
,0.9883
,0.0832
,0.1773
,0.1236
,
,
,0.0624
,0.1043
,0.137
,0.0557
,0.9527
,0.0919
,0.121
,0.2109
,0.0529
,
,0.1468
,0.179
,0.1239
,0.1098
,0.1388
,0.4639
,0.2702
,0.8487
,0.2195
-0.0516,0.1546
-0.05545,0.2435
0.198623,0.1549
0.111278,
0.264049,0.2732
0.297862,0.3443
0.438773,0.169
-0.00731,0.2515
0.210415,0.2546
-0.12379,0.108
0.470134,0.2437
0.220487,0.3956
0.102682,0.0991
0.232708,0.1459
-0.11262,0.0734
0.116225,0.0774
-0.02045,0.2213
0.219352,0.2662
0.312394,0.3258
0.230806,0.1571
0.416787,0.3673
0.284945,0.2729
0.107315,0.1792
0.326073,
0.5569,0.1755
-0.09134,0.491
0.253444,0.3853
-0.01544,0.1356
0.220576,0.231
-0.00512,0.0883
0.25288,0.1098
0.091247,0.0795
0.268177,0.1034
0.443494,0.104
0.262298,0.1035
-0.03981,0.2855
0.428775,0.2192
0.249578,0.1332
0.155284,0.1104
0.155904,0.1188
0.248087,0.8744
0.073108,0.0733
0.316261,0.1369
0.163998,0.0754
0.21124,0.1484
0.156257,0.1098
-0.00691,
-0.04503,0.1382
0.023661,
0.352848,0.453
0.562578,0.9145
0.374652,0.2768
-0.04688,0.1082
0.1246,0.1297
0.112207,0.0793
,
0.370826,0.0931
0.550428,0.9854
0.270682,0.1434
0.257091,0.1555
0.123764,
-0.03093,
0.295436,0.2208
0.502084,0.8332
0.221682,0.2036
0.463776,0.0807
0.143656,0.1105
0.321121,0.2476
0.410497,0.1543
0.391387,0.499
0.404471,0.448
-0.00876,0.1592
0.426246,0.5766
0.250645,0.1772
0.425461,0.1316
-0.01624,0.1082
0.176268,0.1905
-0.03351,0.1222
-0.25799,
0.013823,0.335
0.266609,0.0801
-0.01932,0.261
0.461612,
0.020353,0.1025
-0.09482,0.0809
0.570322,0.9858
0.370999,0.0887
-0.19865,
0.347737,0.4489
0.388007,0.0633
0.258638,0.1896
0.272439,0.1094
-0.1346,
0.518808,0.088
0.303695,0.367
0.144989,0.1405
-0.01018,
0.005322,0.1242
-0.09274,0.0676
0.18,0.2252
-0.00925,
0.617867,0.069
0.271137,0.0947
0.1441,0.083
0.159733,0.517
0.097811,0.1079
0.286994,0.4276
0.306085,0.0704
0.27818,0.3605
0.504844,0.7905
-0.10176,0.7205
0.47584,
0.515372,0.3014
0.13393,
0.47211,0.2416
0.282058,0.0836
0.468293,0.7239
-0.03483,0.0932
0.056825,0.1357
0.003109,0.1839
0.323406,0.0975
-0.02117,0.0858
0.582484,
0.216292,0.1346
0.284822,0.2362
0.670451,0.9741
0.280127,0.1108
0.186928,0.0767
0.325759,0.1241
0.205378,0.1053
0.325606,0.2235
0.386776,0.5977
0.378559,0.5675
0.147342,0.1464
-0.04775,0.0719
0.376107,0.0821
0.039786,0.0983
0.391073,0.2828
-0.0452,0.2725
0.269133,0.0882
0.008254,0.1103
0.241138,0.1715
0.320465,0.1928
0.37654,0.0781
0.286934,0.1525
0.231755,0.2198
0.019582,0.082
0.310199,0.1543
0.413034,0.8453
0.022633,0.0715
0.387009,0.9925
0.780134,
0.399515,0.997
-0.10524,0.1703
1.502562,
0.151927,0.2181
-0.05031,0.2596
0.398831,0.1983
0.347176,0.1025
-0.04092,0.3307
0.323298,
0.470358,0.2419
0.120353,0.1161
0.282697,0.5188
0.328423,0.0855
0.330735,0.9777
0.285816,0.1098
0.421365,0.378
0.087905,0.2014
0.238461,
0.42753,0.1063
0.438215,0.1995
0.420301,0.7884
0.460349,0.4133
0.220915,0.1279
0.231406,0.1941
,
0.379591,0.0861
0.345001,0.2522
0.434735,0.3909
-0.02939,0.215
0.386106,0.1176
0.273345,0.1025
0.433883,0.1555
0.209308,0.2589
0.148085,0.1707
0.321544,0.2128
,
0.267296,0.145
0.302843,0.4135
0.083269,0.4238
0.389039,0.3169
-0.11945,0.0951
0.449976,0.3282
0.056592,0.0856
0.147223,
-0.0305,0.2147
0.234072,0.145
0.386014,0.1984
0.339055,0.2806
0.621231,0.1153
0.213501,0.0667
0.275317,0.2418
0.374218,0.1604
0.041776,0.1405
0.24506,0.1371
-0.18066,
0.121848,0.1451
0.313606,0.2157
0.384861,0.2639
0.352677,0.2266
0.187214,0.1394
0.337447,0.2857
0.546478,0.1386
0.514364,0.9822
0.420555,0.377
0.367175,0.4423
-0.0537,0.1006
-0.03478,0.1721
0.00142,0.3247
0.073127,0.1378
0.393548,0.2071
0.292813,0.121
0.303088,0.2169
0.201336,0.0938
0.400734,0.8993
0.6925,0.9892
0.249277,0.9976
0.513964,0.0883
0.142368,0.6767
0.344109,0.9963
0.218028,0.1114
0.35635,0.182
0.310142,0.1877
0.480436,0.1156
0.245129,0.2473
0.525901,0.6835
0.366872,0.089
0.178921,0.0944
0.098464,0.2433
0.330492,0.1405
0.444191,0.5581
0.148132,0.4608
0.54607,0.7686
0.478159,0.1968
0.453597,0.2765
0.408957,0.2461
0.250415,0.2762
0.420527,0.4699
0.330717,0.2049
0.322386,0.0703
0.447878,0.2878
0.046577,0.2056
0.403189,0.189
0.489173,0.0704
0.268381,0.1213
0.494748,0.1791
0.495543,0.2942
0.386313,0.1918
0.373667,
0.371123,0.5576
0.274331,0.1224
0.070901,0.1385
0.151341,0.0853
0.765964,0.9793
0.225987,
-0.03989,0.1777
0.353238,0.4244
0.305634,0.0969
0.278882,0.1253
0.247961,0.0977
0.521318,0.1434
0.216479,0.1359
0.170648,0.219
0.191234,
0.441499,0.3646
0.294018,0.1389
0.372988,0.2272
0.35113,0.2455
0.024243,0.2864
0.345184,0.3464
0.421059,0.1551
0.215065,
0.261207,0.2108
0.100915,0.2483
0.43685,
0.311319,0.1296
0.367997,0.826
0.38199,0.0932
0.210392,0.0851
0.003091,0.1699
0.271992,0.1367
0.450933,0.319
0.403683,0.7744
0.4251,0.4945
0.40354,0.2699
0.629302,0.1283
0.335668,0.1821
0.350013,0.2509
0.501065,0.2263
0.172588,0.0958
0.537308,0.1861
0.379189,0.2802
0.375263,0.8096
0.331318,0.2311
0.166521,
0.300147,0.1428
-0.06626,0.0914
0.126437,0.113
0.426621,0.316
0.183718,
0.08347,0.1031
0.307799,0.0866
0.71927,0.9912
0.352186,
0.557689,0.5061
0.316339,0.1299
0.441398,0.6866
0.389742,0.3016
0.101442,
0.423385,0.12
0.404765,0.1693
0.665245,0.9928
0.081261,0.4699
0.205102,0.2152
0.231052,0.1696
0.403449,0.0988
-0.00905,
0.348465,0.3289
-0.06207,0.0754
0.459798,0.2594
-0.03087,0.2852
-0.04118,0.1105
0.479209,0.1783
0.401567,0.1615
0.294257,0.0813
0.277531,0.1268
0.446971,0.2517
0.392952,0.2566
0.679604,
0.497711,0.8778
0.701755,0.9913
0.361297,0.2939
0.430389,0.1289
0.459019,0.5006
0.021487,0.136
0.389526,0.1569
0.479809,0.4182
0.252494,0.2695
0.317271,0.1992
0.177365,0.2031
0.105097,0.0754
0.446183,0.271
0.423825,0.1004
0.428641,0.5824
0.634809,0.4327
0.525885,0.0838
0.231043,0.1172
0.151442,0.1473
0.196561,0.1805
0.497637,0.9144
0.416069,0.1472
0.378867,0.3859
0.581687,0.3341
0.263637,0.2402
0.63626,0.601
0.406715,0.3319
0.222363,
0.395052,0.2937
0.582524,0.6912
0.081075,0.1718
0.32721,0.2566
0.444863,0.2078
0.407595,0.894
,
0.460982,0.2424
0.391367,0.7444
0.357567,0.2036
0.333957,0.1933
0.426564,0.1374
-0.11013,0.0774
0.278121,0.1831
0.093523,0.715
0.444766,0.2567
0.295744,0.4821
0.351438,0.2088
0.426146,0.2728
0.492885,0.2317
0.424241,0.1831
0.288173,0.1608
0.370821,0.2792
0.146524,0.1279
0.275011,0.1147
0.058133,0.1546
0.486636,0.1062
0.666267,0.2464
1.225726,0.9762
0.278072,0.2532
0.312797,0.0878
0.452551,0.2887
0.688496,0.2013
0.052479,0.1369
0.367668,0.1191
0.399837,0.2221
0.647324,
0.267892,0.1558
0.318925,0.0999
0.346314,
0.453155,0.653
0.22245,0.0798
0.3027,0.1866
-0.17837,
0.602908,0.9867
0.396273,0.5843
0.609331,0.0613
0.109232,0.31
0.843058,0.9603
0.486569,0.9966
0.346446,0.286
0.584928,0.9162
0.254184,0.1525
0.310709,0.1176
0.313053,0.4686
0.466681,0.2335
0.606062,0.9356
0.211182,0.1517
0.474036,0.1644
0.23062,0.2134
0.344756,0.1964
0.32616,0.0873
0.022807,0.0732
-0.01918,0.2169
0.376052,0.1138
0.630698,0.5992
0.46545,0.7758
0.235144,0.0684
0.396693,0.2521
0.450071,0.1356
0.43526,0.1279
0.356736,0.178
0.405608,0.3831
0.638914,0.3932
0.334782,0.366
0.456667,0.0553
0.061201,0.173
0.267139,0.6143
0.265816,0.1175
0.389403,0.1419
0.220632,0.1581
0.600966,0.1482
0.506403,0.9843
0.510473,0.285
0.448252,0.2154
0.683962,0.1948
0.284529,0.1002
0.242916,0.2094
0.032472,0.1514
0.826197,0.8142
0.391476,0.1039
0.335833,0.2513
0.21423,0.1766
0.359423,
0.38494,0.7342
0.498764,0.9842
0.131621,0.1004
0.301658,0.1783
0.379691,0.1488
0.923078,0.9951
0.336718,0.2547
0.198469,
0.568198,0.3205
0.643487,0.9984
0.614936,0.1193
,
0.2857,0.1375
0.424262,0.19
0.398734,0.2207
0.320898,0.1087
0.336621,0.1668
0.355109,0.0822
0.301714,0.8479
0.167751,0.1373
0.467823,0.1505
0.35236,0.3325
0.89624,0.9912
0.504013,0.3136
0.085785,
0.446256,0.1943
0.020196,
,
0.345044,0.2794
0.439227,0.0798
0.7604,0.998
0.825016,
0.500888,0.1399
0.146125,0.3275
0.394157,0.2335
0.67689,0.996
0.433411,0.1904
0.632038,0.9806
0.129643,
0.258603,0.5878
0.323832,
0.655822,0.8464
0.450292,0.3426
-0.01818,
0.069505,0.1984
0.309718,
0.552894,0.0973
0.474477,0.9617
0.587491,0.9992
-0.02617,0.7532
0.22188,0.1079
0.335806,0.4624
0.29426,0.3167
0.561034,0.6552
0.583649,0.981
,
0.392196,0.2277
0.328652,0.091
0.34221,0.4493
0.373897,0.1045
0.563982,0.1573
0.583903,0.2835
0.553676,0.9992
0.43822,0.5319
0.274158,0.67
0.594083,0.9793
0.136675,
0.855659,0.9998
-0.009,0.4421
0.537323,0.9985
0.491451,0.0966
0.069606,0.1051
0.387785,0.5331
0.515948,0.1343
0.590395,0.9984
0.469013,0.9894
0.32187,0.2036
0.409721,0.2279
0.33372,0.8912
0.45042,0.0945
0.195636,0.4711
0.447797,0.3531
0.65661,0.3813
0.290496,0.2004
0.770062,0.8212
0.558237,0.2193
0.282308,0.1076
0.436216,0.0698
0.551321,0.944
0.356045,0.0833
0.437527,0.4483
0.295822,0.1813
0.387608,0.0663
0.934207,0.999
0.601614,0.9924
0.428797,0.3923
0.179736,0.1275
0.508846,0.2279
0.308045,0.1374
0.369823,0.2382
0.252837,0.1604
0.83358,0.993
0.409117,0.7642
0.377674,0.8547
0.329704,0.2288
0.561779,0.2518
0.10412,0.1551
0.628095,0.4048
0.451425,0.1291
0.415847,0.4494
0.41898,0.7789
0.429701,0.7151
0.138456,0.122
0.368665,0.1711
0.468449,0.4508
0.087665,0.0731
0.462871,0.7264
0.401509,0.1369
0.368953,0.6648
0.394923,0.1582
0.385574,0.6524
0.210727,
0.031251,0.1048
0.283965,0.0855
0.536785,0.9101
0.35293,0.0961
0.284266,0.1117
0.935219,0.977
,
0.562603,0.9992
0.648907,0.3138
0.206041,0.1388
0.743628,0.9932
0.475765,0.4937
0.296289,0.6805
,
0.209891,0.1031
0.606261,0.1282
0.663612,0.263
0.252474,0.5304
0.345971,0.3422
0.505875,0.8088
0.374384,0.1377
0.476013,0.6816
0.794222,0.9001
0.541927,0.9183
0.362432,0.3322
0.396214,0.3462
0.455701,0.1678
0.434195,0.0983
0.399121,0.7288
0.336107,0.2389
0.548778,0.1129
0.767985,0.9948
0.405297,0.8057
,
0.214504,
0.393779,0.1897
0.407924,0.1002
0.340568,0.1652
0.351118,0.2911
1.133365,0.9617
0.475202,0.0941
0.487021,0.798
0.461078,0.1639
0.678767,0.2803
1.218543,0.9841
0.101976,0.0595
0.384121,0.5368
0.177371,0.0858
0.583133,0.9674
0.348294,
0.266162,0.4454
0.336633,0.2204
0.571887,0.9735
-0.11337,0.0853
,
0.426309,0.8241
0.673389,0.6534
0.728771,0.991
0.53326,0.4839
0.421739,0.8154
0.480837,0.4125
0.41355,0.1531
0.439827,0.1038
0.46619,0.2887
0.670876,0.9783
0.435711,0.1079
0.322294,0.0909
0.371431,0.9988
0.425417,0.8863
0.346482,0.1693
0.741306,0.9795
0.465764,0.7613
0.41367,0.5351
0.451527,0.6623
0.501516,0.9984
0.483786,0.3424
0.444316,0.2311
0.420174,0.2877
0.461291,0.1669
0.838936,0.9995
0.445077,0.1131
0.415652,0.349
0.455998,0.168
,
0.444277,0.9124
0.311411,0.0907
0.476669,0.3287
0.153676,0.1028
0.486226,0.5575
0.127188,0.1298
0.394042,0.4348
0.455422,0.2078
0.696368,0.9996
0.143556,0.1039
0.462366,0.2875
0.449344,0.1244
0.540636,0.7751
0.953532,0.9769
0.434807,0.3211
0.86133,0.9862
0.16969,
0.764788,0.9979
0.610699,0.9997
0.343418,0.1767
0.562653,0.9983
0.586612,0.9943
0.487002,0.8801
0.483582,0.8043
0.639924,0.4017
0.552427,0.9206
0.672666,0.4563
0.490317,0.095
0.577519,0.9814
0.592225,0.3991
0.815379,0.6251
0.231714,0.2108
0.508138,0.0872
0.426463,0.2263
1.081467,0.9998
-0.02974,0.3228
0.078599,0.7565
0.625463,0.1911
0.487604,0.1864
0.5625,0.9723
0.479101,0.1726
-0.00604,
0.585305,0.9902
0.46999,0.9905
0.706221,0.9798
0.518046,0.9815
0.481841,0.9749
0.781219,0.9809
0.762565,0.9851
0.452482,0.224
0.411873,0.6477
0.360201,0.4468
0.554438,0.9949
0.357132,0.583
0.428821,0.1357
0.677085,0.9748
0.471823,0.1456
0.771931,0.9998
0.654464,0.9952
0.309823,0.3455
0.429276,0.1787
0.489778,0.658
0.430285,0.2208
0.362039,0.3648
0.413314,0.1498
0.682952,0.9992
0.420649,0.1985
0.428486,0.63
0.49986,0.5189
0.208098,0.1855
0.493194,0.1575
0.415949,0.2367
0.261622,0.0923
0.455534,0.3128
0.161957,
0.383171,0.3815
0.583239,0.9869
,
,
0.189517,0.1043
0.464805,0.8762
0.506603,0.2003
0.86592,0.9275
0.602538,0.7935
0.220236,0.1185
0.461091,0.2718
0.557755,0.2263
0.072364,0.1114
0.598573,0.9998
0.538983,0.2295
,
0.554645,0.3291
0.457594,0.1374
0.790588,0.9993
0.30458,0.1023
0.86082,0.5381
,
0.526521,0.6745
0.546905,0.9994
0.503614,0.4553
0.605447,0.9565
0.439322,0.1865
0.428376,0.4004
0.490478,0.9547
0.488451,0.8065
0.667348,0.9732
0.323488,0.0995
0.522699,0.1733
0.284515,0.1919
0.552952,0.0717
0.631062,0.991
0.134088,0.0808
0.52261,0.851
0.365484,0.075
0.698075,0.325
0.751554,0.2739
0.472888,0.3993
0.577091,0.8879
0.766106,0.9861
0.584857,0.9361
0.409437,0.1256
0.527812,0.9005
0.484255,0.9963
0.564124,0.2554
0.524456,0.374
0.23984,0.0827
0.402409,0.9907
0.437973,0.6172
0.71004,0.9842
0.578182,0.9916
0.648412,0.3332
0.531652,0.1057
0.521908,0.9811
0.618264,0.9044
0.953983,0.9998
0.564955,0.3415
0.580881,0.9975
0.557246,0.935
0.349261,0.0863
0.599849,0.8283
0.600001,0.6072
0.800938,0.9792
0.59916,0.9804
0.683969,0.9827
0.547967,0.1626
0.450156,0.4413
0.433382,0.5607
0.570203,0.3275
0.392338,0.1688
0.401853,0.0741
0.356409,0.1042
0.537492,0.9538
0.781568,0.999
0.50469,0.0908
0.36505,0.1642
0.525948,0.8533
0.466263,0.9971
0.561364,0.8158
0.476575,0.1266
0.537073,0.1751
0.761302,0.111
0.477255,0.9947
,
0.592716,0.8214
0.524024,0.1586
0.477575,0.847
0.390916,0.0843
0.582971,0.6641
0.57418,0.2242
0.240552,
0.572995,0.8864
0.204906,0.3696
0.525821,0.9514
0.337065,0.1097
0.481126,0.3372
0.387631,
0.565737,0.9992
0.392796,0.7295
0.442248,0.3506
0.283524,0.1651
0.660504,0.9837
0.765641,0.9995
0.479692,0.6063
0.346548,0.1629
0.232749,
0.641226,0.922
0.176633,0.0983
0.286889,
0.403535,0.2191
0.403808,0.0976
0.643246,0.9985
0.376628,0.1688
0.094175,
0.65291,0.0926
,
0.462241,0.9405
0.548768,0.1944
0.790528,0.9985
0.745356,0.9952
0.597664,0.9523
0.455086,0.2733
0.534158,0.1631
0.571955,0.1459
0.636831,0.9964
0.570814,0.8491
0.541582,0.1849
0.34129,0.1492
0.681447,0.2087
0.765072,0.9615
0.478674,0.1564
0.424372,0.1896
0.647874,0.2532
0.736448,0.314
0.566771,0.1568
0.451646,0.3424
0.588315,0.9537
0.54725,0.8577
0.652305,0.9987
0.756327,0.9866
0.560769,0.7193
0.468593,0.0856
0.469148,0.0919
0.466372,0.4049
0.380662,0.1029
0.573027,0.5978
0.587592,0.8894
0.355344,0.0886
0.439216,0.2723
0.355162,0.1023
0.48571,0.1591
0.50006,0.4228
,
0.759722,0.1713
0.557642,0.2217
0.564018,0.9895
0.23929,0.0746
0.591948,0.9027
0.458207,0.9912
0.949228,0.9991
0.346502,
0.467691,0.2116
0.624978,0.9878
0.507254,0.9825
0.456176,0.3184
0.7107,0.9555
0.366737,0.0815
0.710932,0.2454
0.525642,0.9431
0.504365,0.5192
,
0.35804,0.1356
0.60822,0.8941
0.307577,0.9971
1.076112,0.998
0.563298,0.7175
0.359394,0.1438
0.573112,0.9418
0.611106,0.2952
0.516745,0.6184
0.483145,0.9576
0.752215,0.9906
0.585791,0.9665
0.413534,0.4599
0.351787,0.0876
0.347492,0.0814
0.494348,0.9737
0.550727,0.9339
0.536035,0.9998
0.322737,0.1287
0.37932,
0.660806,0.9998
0.213015,0.0997
0.575703,0.1444
0.495307,0.9993
0.424845,0.9767
0.32213,0.1085
0.49753,0.2478
0.722454,0.9951
0.380924,0.0826
0.569125,0.9815
0.638769,0.9959
0.692689,0.9988
0.644083,0.9996
0.377372,0.4564
0.349594,0.1334
0.313806,0.1253
0.478702,0.0712
0.17812,
0.31788,0.3007
0.434311,0.1606
0.199914,0.2448
0.344765,0.7156
0.561485,0.2497
0.464125,0.5959
0.418471,0.306
0.375158,0.9943
,
0.303205,0.0832
0.684652,0.884
0.765312,0.9948
0.57195,0.9046
0.038602,0.0841
0.646962,0.2718
0.20831,0.5403
,
0.228899,
0.739264,0.9786
0.34252,0.4012
0.378856,0.0741
0.192233,
0.316653,0.1194
0.590139,0.9977
0.455288,0.1327
0.390172,0.139
0.657004,0.9986
0.329494,0.1251
0.368084,0.4286
,
0.206927,0.0802
0.701002,0.9992
0.430864,0.0836
0.634457,0.944
0.299647,0.1677
0.490137,0.9387
0.524706,0.7679
0.401324,0.4006
0.602273,0.0924
0.26264,0.6592
0.65624,0.965
0.557601,0.9385
0.538313,0.9235
0.657436,0.8218
,
0.582201,0.9106
0.528387,0.5888
0.464274,0.1464
0.566255,0.9917
0.660569,0.9986
0.3244,0.0868
0.701787,0.999
0.522671,0.9119
0.669418,0.9587
0.307093,0.4404
0.685227,0.998
0.433555,0.9004
0.369529,0.9954
0.610783,0.99
0.344204,0.0746
0.631616,0.5923
0.589093,0.062
,
0.537207,0.9095
0.704908,0.595
0.629829,0.1985
0.409121,
0.272561,0.1045
0.491779,0.9989
0.735011,0.4824
0.396318,0.9984
0.681921,0.1054
0.425567,0.9746
0.49115,0.9945
0.519176,0.4901
0.482034,0.1143
0.405994,0.3583
0.226626,
,
0.403238,0.3401
0.610905,0.9781
0.496388,0.937
0.599248,0.9458
0.38317,0.798
0.706826,0.8035
0.469908,0.0922
0.426038,0.3192
0.493742,0.3846
0.694934,0.9997
0.565618,0.1875
0.476014,0.1939
0.562604,0.1173
,
0.55981,0.8078
0.637702,0.0664
0.465869,0.9978
0.18766,0.1117
0.625806,0.3999
0.581401,0.9834
0.596348,0.994
0.500298,0.6607
0.559848,0.1395
0.604674,0.1497
0.606618,0.9878
0.438134,0.1435
0.438279,0.0934
0.395247,0.413
0.433931,0.1262
0.45995,0.1328
0.441429,0.2927
,
0.52174,0.2125
0.280906,0.2608
0.696756,0.9984
0.700019,0.2834
0.229229,0.2231
0.753345,0.9985
0.447192,
0.4775,0.3926
0.274207,0.1219
0.42368,0.1385
0.711966,0.3489
,
0.589192,0.9074
0.454335,0.5069
0.480459,0.1769
0.287551,0.1681
0.67559,0.9981
0.525893,0.0844
0.307159,0.3965
0.186167,0.058
0.577053,0.7101
0.480544,0.2006
0.620093,0.8864
0.376111,0.5148
0.671119,0.8522
0.676047,0.9956
0.658152,0.0671
0.709175,0.9971
0.237298,
0.507979,0.3317
0.488491,0.4337
0.698291,0.2991
0.678923,0.9737
0.319935,0.1259
0.274697,0.9972
0.781583,0.1238
0.42217,0.3468
0.341859,0.3748
0.668907,0.9988
0.852648,0.9939
0.402206,0.6931
0.400897,0.1199
0.397728,0.3165
0.512277,0.7609
0.676687,0.0911
0.784964,0.9979
0.688634,0.1114
0.427343,0.2592
0.255939,0.6876
0.88599,0.9974
0.44493,0.1434
0.746425,0.6622
0.298009,0.342
0.356095,0.0907
0.7399,0.9985
0.748502,0.999
0.506803,0.1888
0.137704,0.103
1.052459,0.9979
0.520105,0.7186
0.467917,0.1666
0.834924,0.9036
0.373073,0.5866
0.38339,0.7574
0.398783,0.145
0.621041,0.9833
0.858228,0.9905
0.815069,0.6622
0.527606,0.3073
,
-0.12987,0.1186
0.501477,0.7615
0.346969,0.4342
0.686782,0.9997
0.412826,0.095
0.600674,0.6663
0.736951,0.9959
0.547871,0.1537
0.537015,0.7926
0.569503,0.6071
0.316289,0.1974
0.369199,0.3172
0.556747,0.1047
0.549468,0.9951
0.200368,0.0799
0.523719,0.2373
1.148151,0.9873
,
0.683174,0.4298
0.291922,0.3072
0.346179,0.2663
0.620136,0.8893
0.275457,0.203
0.274024,0.139
0.739962,0.9927
0.448259,0.2019
0.447468,0.2189
0.790737,0.9459
0.521963,0.8609
0.739764,0.9843
,
0.324315,0.1336
0.394526,0.1048
0.38912,0.2198
0.477989,0.8747
0.424438,0.2225
0.385826,0.5963
0.606451,0.9272
0.577169,0.3503
0.440449,0.9981
0.671257,0.991
0.534924,0.3795
0.213056,0.0843
0.972175,0.9944
0.388471,0.3244
0.582769,0.3538
0.677742,0.9988
0.560945,0.1997
0.590746,0.5474
0.732269,0.994
0.385163,
0.416921,0.5341
0.657165,0.5118
0.123563,0.6396
0.974968,0.9994
0.439473,0.1965
1.330405,0.991
0.445021,0.5503
1.032832,0.9994
0.090207,
0.382423,0.9987
0.504697,0.7391
0.798853,0.8827
0.231672,0.0949
1.036396,0.9987
0.551869,0.9811
0.296336,0.1057
0.459603,0.945
0.936056,0.9928
0.207863,0.1734
0.55753,0.0791
,
0.393486,0.5202
0.475224,0.258
,
0.580549,0.9854
0.475966,0.3476
0.423735,0.1288
0.59811,0.3422
0.182126,
0.737741,0.9804
0.331288,0.3226
0.749768,0.9918
0.259833,0.2076
0.333169,0.2343
0.718934,0.9722
0.377868,0.8424
0.844348,0.9828
,
0.406898,0.2425
0.664918,0.9725
,
0.347554,0.4412
0.409198,0.1714
0.590333,0.9423
0.586973,0.9891
0.400788,0.103
0.435391,0.081
0.467012,0.2011
0.494908,0.0915
0.853047,0.9917
0.469107,0.2833
0.838099,0.997
0.573056,0.8999
0.998803,0.9982
0.665173,0.8804
0.774736,0.8885
0.988341,0.9924
0.427794,0.6325
0.449077,0.1741
0.505669,0.7118
0.380388,0.7191
0.667276,0.2303
0.566485,0.1889
,
0.909995,0.9961
0.698471,0.3727
0.526036,0.9827
0.256397,0.2246
0.736563,0.9949
0.740514,0.9981
0.362283,0.3347
0.432684,0.8722
0.624512,0.9868
0.430251,0.9722
0.449394,0.188
0.515936,0.6086
,
0.801394,0.9165
0.800344,0.6041
0.776633,0.9996
0.984605,0.9985
0.297073,0.1452
0.688076,0.9427
0.219144,0.1155
0.560398,0.1246
0.343298,0.1133
0.411814,0.2724
0.591226,0.1617
0.412563,0.6718
,
0.854187,0.9941
0.638727,0.9952
0.53896,0.9539
0.238813,0.3965
0.450265,0.9723
-0.0051,0.2812
0.4376,0.0957
0.566331,0.993
0.605945,0.7038
0.194773,0.1424
0.569591,0.9893
0.849687,0.99
0.39281,0.1366
0.463926,0.2612
0.544727,0.1606
0.342596,0.4882
0.682288,0.9911
0.390739,0.3731
0.548047,0.2598
0.683441,0.984
0.768497,0.9786
0.368994,0.1047
0.605951,0.1911
0.411738,0.3967
0.297815,0.1836
0.648344,0.2578
0.294376,0.252
0.561419,0.9959
0.68648,0.9996
0.857668,0.9681
0.107512,
0.490633,0.2402
0.602776,0.6645
0.829296,0.9802
0.485717,0.9923
0.863777,0.999
0.482048,0.928
0.91222,0.6788
0.578592,0.9346
1.009014,0.9144
-0.03656,0.6684
0.354186,0.9003
0.508474,0.5128
1.127018,0.9646
0.75691,0.9997
0.492957,0.2257
0.643167,0.9964
0.474454,0.1269
0.458784,0.9934
0.919498,0.9815
0.700728,0.8099
0.61708,0.2625
,
0.587141,0.9522
,
0.931068,0.9793
0.822283,0.9849
,
0.830477,0.9538
0.633318,0.9975
0.547037,0.9406
0.761108,0.9926
0.316271,0.1929
0.296738,0.1469
0.538907,0.187
0.512739,0.4658
,
0.944278,0.9871
0.49875,0.9975
1.027446,0.9868
0.661285,0.9616
0.905937,0.999
0.557992,0.9607
0.359106,0.0991
0.29041,0.5998
0.568355,0.1315
0.552956,0.9903
0.410949,0.7117
0.756856,0.9727
0.297482,0.1979
0.346727,0.5374
0.368608,0.217
0.624244,0.9997
0.797848,0.8653
0.684278,0.9957
0.205024,0.2703
0.869986,0.9979
0.825915,0.9942
0.75097,0.9707
-0.09118,
0.387074,0.2691
0.546999,0.9793
0.237394,0.1621
0.26318,0.2315
0.860249,0.9979
,
0.88078,0.991
0.565462,0.1408
0.526713,0.7441
0.297901,0.1004
0.603306,0.9968
,
1.026541,0.9186
0.63847,0.9962
0.242311,0.1327
0.777472,0.4611
0.573596,0.9988
0.757895,0.53
1.222108,0.9928
,
0.351253,0.3742
0.872854,0.9907
0.693618,0.9787
0.391968,0.1152
1.068446,0.9938
,
0.432882,0.3529
0.595732,0.1376
0.566712,0.9925
0.692886,0.919
0.923035,0.9808
0.088446,0.1107
0.805694,0.9945
0.730888,0.9997
0.354903,0.242
0.891221,0.9992
0.558792,0.5624
0.53756,0.0984
0.809788,0.7274
0.982494,0.9966
1.246766,0.9887
0.210231,
0.889517,0.9987
0.519323,0.4957
,
0.692526,0.5132
1.04338,0.9475
1.098454,0.8807
0.43724,0.7032
0.536191,0.8396
0.576231,0.9969
0.588479,0.1242
0.875321,0.9918
0.312117,0.848
0.724945,0.9683
0.890188,0.9996
0.774086,0.9697
0.577197,0.1411
0.482113,0.9913
0.425273,0.5125
0.439164,0.3085
0.919513,0.9776
0.753659,0.992
0.589736,0.2355
0.478149,0.9682
0.589507,0.9925
1.047586,0.9769
0.545109,0.9954
,
0.956376,0.9817
0.430085,0.2159
1.302182,0.9655
0.853392,0.9866
0.361803,0.0711
1.061055,0.9977
0.617747,0.9976
0.635017,0.2749
0.856413,0.9902
0.371252,0.2149
0.539133,0.4889
0.562172,0.999
0.853082,0.9986
0.455833,0.0691
0.658051,0.3364
0.675764,0.243
0.989286,0.9827
0.656561,0.9774
0.987106,0.9334
0.654175,0.8959
0.532415,
0.633146,0.9757
1.231789,0.9905
0.358238,0.523
0.448769,0.1234
0.775734,0.9962
0.858857,0.9906
0.870175,0.986
0.769369,0.9962
0.66909,0.9978
0.334597,0.9801
0.575084,0.9591
0.719936,0.9939
0.954755,0.8874
0.958865,0.9976
0.988728,0.9925
0.296015,0.7
1.038794,0.9782
0.84391,0.983
0.886139,0.3474
,
0.635197,0.9829
0.974708,0.9973
1.027802,0.9891
0.478807,0.2095
1.11144,0.9875
0.651026,0.9969
0.412973,0.1964
,
1.151678,0.9893
0.905648,0.9814
1.133752,0.9994
,
0.427827,
1.266797,0.9908
0.522637,0.9364
0.422948,0.2975
0.366919,0.3534
0.84041,0.9576
0.847158,0.9983
0.69671,0.9661
0.932791,0.9948
0.799024,0.9709
0.784577,0.9991
1.136328,0.9907
0.947736,0.9925
,
1.057069,0.8578
0.912817,0.9867
0.684788,0.4642
0.506304,0.8725
0.528713,0.9946
1.122432,0.9876
0.845818,0.9902
0.962439,0.9953
0.895726,0.9968
,
0.891609,0.9985
0.661559,0.988
0.930642,0.9981
0.37052,0.2662
0.959947,0.9993
0.272128,0.2378
0.732499,0.9648
0.778236,0.9969
0.749015,0.9999
0.590688,0.9968
0.936149,0.9943
1.320767,0.9965
0.965966,0.9977
0.97342,0.9998
0.148465,0.6139
0.676967,0.9921
0.542541,0.8568
0.793426,0.9998
0.241226,0.5392
0.963948,0.9723
0.956382,0.9998
0.463027,0.3831
0.755479,0.9933
0.621077,0.9704
,
0.756272,0.9968
,
1.170861,0.9378
0.840921,0.9363
,
1.157887,0.9795
0.943259,0.9806
1.052266,0.7815
1.098944,0.9938
0.434108,0.7277
1.305746,0.9941
0.37599,0.2992
0.925658,0.9965
0.756293,0.9731
0.755596,0.7808
0.600671,0.1593
0.821433,0.971
1.128185,0.9263
0.649628,0.9973
0.563947,0.9602
0.726936,0.9985
1.008753,0.9992
0.732176,0.9976
0.011067,0.5069
1.226579,0.9825
0.36831,0.5802
0.89696,0.9996
0.828008,0.9987
0.4692,0.5639
0.866978,0.9965
0.437206,0.3338
0.84912,0.9925
0.647488,0.554
0.762011,0.4169
0.773586,0.9855
1.051417,0.9987
,
1.08063,0.9961
,
0.582374,0.9961
1.055887,0.9743
0.699205,0.9691
0.870141,0.9814
1.052689,0.9879
0.301196,0.8943
,
0.84209,0.9982
0.723082,0.497
1.13414,0.9977
0.893711,0.9899
0.4363,0.2468
0.938099,0.9966
0.677556,0.9498
0.957229,0.985
0.732292,0.9997
0.326453,0.9221
1.035958,0.9998
1.102392,0.9479
1.098191,0.9999
0.483551,0.4856
1.020609,0.9511
0.629812,0.9378
0.46148,0.2773
,
,
0.261293,0.6761
1.08969,0.9985
0.837082,0.9824
1.080328,0.925
0.933616,0.9548
,
0.750893,0.9979
0.74435,0.9484
0.793726,0.9883
0.855039,0.9955
,
1.018445,0.9897
0.662138,0.971
1.139525,0.9833
1.00364,0.9944
1.088521,0.8692
0.522309,0.9657
1.014706,0.9756
,
1.115168,0.9685
,
0.952779,0.9989
0.9307,0.9774
1.28549,0.9505
1.842345,0.9692
0.890546,0.9988
,
1.142941,0.9807
,
0.701101,0.9733
0.547175,0.7439
0.892752,0.9965
0.857648,0.9806
,
1.018266,0.9986
,
,
1.235316,0.9937
0.879927,0.9897
1.03153,0.9552
,
1.237129,0.9944
1.898618,0.9669
1.894032,0.9839
1.911125,0.9731
2.102005,0.9951
,
2.077346,0.9955
0.521447,0.9956
1.760886,0.9888
,
2.073782,0.9914
1.907928,0.9898
1.241525,0.9877
1.819186,0.9735
1.070744,0.9313
,
,
1.142088,0.9698
2.006916,0.9937
1.88304,0.9897
,
2.013126,0.9866
1.997326,0.9794
1.786306,0.9833
2.092367,0.9969
2.003389,0.9903
,
,
1.886768,0.9737
1.998179,0.9767