variant_name,aa_position,n_nt_changed,substitutions,delta_splice_usage
T713G,713,3,chr19:11120519 A->G; chr19:11120520 C->G; chr19:11120521 A->C,-0.0015491227386519313
T713H,713,3,chr19:11120519 A->C; chr19:11120520 C->A; chr19:11120521 A->C,-0.001091303420253098
T713I,713,2,chr19:11120520 C->T; chr19:11120521 A->C,-0.0011017030337825418
T713K,713,2,chr19:11120520 C->A; chr19:11120521 A->G,-0.0015042679151520133
T713L,713,3,chr19:11120519 A->C; chr19:11120520 C->T; chr19:11120521 A->G,-0.0017366476822644472
T713R,713,2,chr19:11120520 C->G; chr19:11120521 A->G,-0.0017191942315548658
T713T,713,1,chr19:11120521 A->G,-0.001479332335293293
Q770Q,770,1,chr19:11123343 A->G,-0.0004883179790340364
Q770E,770,2,chr19:11123341 C->G; chr19:11123343 A->G,-0.0006220330251380801
Q770F,770,3,chr19:11123341 C->T; chr19:11123342 A->T; chr19:11123343 A->C,-0.00033096986589953303
Q770N,770,2,chr19:11123341 C->A; chr19:11123343 A->C,-4.488845661398955e-05
Q770S,770,3,chr19:11123341 C->A; chr19:11123342 A->G; chr19:11123343 A->C,-0.0005679068272002041
Q770V,770,3,chr19:11123341 C->G; chr19:11123342 A->T; chr19:11123343 A->G,-0.0007966419798322022
