Variant name,total energy
C204R,2.34226
L682Y,3.10198
C148W,0.344203
D221Y,1.4384
D172E,-1.7642
G343C,3.41863
D224H,0.203023
C160S,0.315231
C681D,3.03715
A399D,0.172305
D304E,-0.117902
C681G,-1.38335
C160D,2.31083
D304R,-0.409416
C148V,2.646
W490R,-3.45813
C134Y,15.5916
C338Y,2.95983
C681H,7.92685
F126S,-3.11067
L401Y,12.0408
C338R,2.75594
D172G,-1.33533
C302Y,13.4257
C204Y,2.28494
L682G,2.11084
P171C,1.90034
C160H,1.70134
T491K,0.255204
C696R,10.6406
S580K,21.3867
C148T,2.7736
C338S,2.60113
C148R,1.06858
C677F,9.79974
D131H,-0.424677
C302G,-0.629445
T491H,-0.874546
D172Y,7.22112
D224A,-1.47265
C134V,5.05072
C681S,1.1754
G549V,3.17782
D227G,-5.14635
P162G,1.73996
C148H,2.07153
D221V,0.885058
P519E,2.04715
C711R,10.5012
D224L,0.611507
G565V,18.7412
G287Y,9.45712
P683E,0.502203
D224R,0.090663
H607K,-0.228904
C302F,18.5278
C134S,2.84382
C148S,1.69716
I628R,1.80185
G323C,0.513756
T713L,-0.834955
W490S,-1.85462
C134W,13.3993
T147I,0.133472
E288W,0.783856
N564D,2.69412
C134R,17.0259
D131R,-0.87991
P171T,1.55813
G549Y,0.611666
D100A,-3.01533
P476R,4.77243
H656K,-0.409617
C134T,4.57297
C184R,1.58286
D224V,1.34681
W577H,2.59255
E113V,0.798799
A643P,9.5125
F202G,1.89308
G343D,3.53946
G137V,0.0992541
K225R,-1.8658
G246V,0.14113
C116V,4.95625
C134D,7.90431
D133A,-0.354607
C204D,5.46159
I628E,2.71022
D94R,-2.15423
C711V,7.81775
P476E,7.08022
D221R,1.67899
G549R,1.17832
C681T,3.82962
W165G,2.63477
Y489T,-5.44821
D227R,-2.82215
I560T,-1.03453
C216H,3.04767
T147G,0.337105
C338F,3.28665
D100L,-0.256071
C302R,9.29188
C204S,1.15462
C677R,10.1269
L642V,3.29728
C209T,1.66574
C95F,3.54245
C677Y,14.227
D304L,-0.22599
T713G,0.429205
D136L,0.812867
A631D,2.28706
G343V,5.51646
I210E,1.40906
C338D,3.50522
P563G,-2.84493
C160Y,1.08318
C696Y,9.74564
G149R,-0.638978
G549D,1.29395
P162S,2.35883
I628T,1.05642
N665N,0.373675
Q660K,0.521559
H485E,3.86869
V578G,-3.07117
T635G,-0.728686
P685E,3.63087
A399F,-0.84003
T434P,-0.00238586
C696G,2.44086
D221N,-1.95361
D256N,-0.853207
L432G,2.221
T713R,-0.824296
C95H,5.70963
D136V,0.902363
G149C,0.472613
D224E,-0.253203
D492R,-1.95078
T713I,-0.243278
C329W,2.82025
E626S,-0.0545
W577C,3.67578
G549E,1.39412
W214R,-0.203577
C134F,15.2752
E229K,-0.89362
C204V,3.65656
D172R,4.27701
D579A,0.68899
C160R,0.712676
R633D,1.4139
P162L,0.587823
E140W,-1.69338
D221E,0.492267
C134H,13.8566
N564K,4.11125
D139G,-1.98118
C95G,-1.02391
D168Y,-0.791001
D492G,-0.249004
D304Y,-0.32078
C302D,4.74561
S177W,12.1042
E626W,-0.438102
C160F,0.278009
T147K,-0.00119426
C184W,5.47814
I566R,1.41391
D221G,-0.720799
E140G,-6.51282
N548R,5.13275
C160T,0.308777
C338G,0.684137
P649H,16.1658
R303D,-1.08456
E240V,2.24134
C338V,6.20006
E101A,-1.69052
P608H,4.38384
I310N,-0.514827
E140S,-1.29239
R520G,-2.58268
D525G,-0.973434
P144G,-0.229366
P476H,2.09788
D172L,-2.51274
L568V,0.82593
C134G,1.74993
F200C,0.0134344
H211V,0.143126
D304H,0.121665
C95V,6.82735
W165H,1.44302
C231H,2.38056
G565A,6.75427
D256G,0.166927
L422G,-2.59175
F126L,0.138234
D433R,-2.44821
C204H,4.46217
H607Q,-0.503284
L599V,3.12205
G545D,14.6719
I441S,1.66553
C338H,7.14331
I488E,0.143353
C109G,-1.12579
W577A,4.4702
P144C,2.38518
S130P,3.85053
D492L,-3.31143
C302V,3.29362
H607T,5.12782
C160G,1.1092
C95R,3.7599
G324C,0.879172
C184V,2.51581
L680P,-2.67939
V429M,0.0789754
L401G,2.95028
G287C,9.44092
C148D,1.34322
R520D,1.66725
N97R,0.107335
C261Y,33.7968
R427T,0.809462
C681Y,4.99056
G565C,12.1493
C377V,2.8249
T567K,1.22676
T434R,-0.340688
F126N,-2.72935
P563T,0.312423
E140V,1.11818
P220C,1.1382
D221L,1.47798
D227V,1.1875
I585N,1.69182
S580T,6.93212
Q660R,-2.85203
L599G,-0.432827
D260G,0.456353
Y336C,0.704955
F190M,0.115679
T659P,0.826178
N425I,3.65899
C167S,2.67586
D227A,-3.22072
H327P,-0.310587
C270W,1.75542
D307A,-1.91885
D304A,0.192929
D131G,-1.1038
I623R,0.184743
L555G,1.86306
D492V,-1.13436
D433N,0.446532
C209D,2.84751
W490L,-0.0744531
E201W,-0.553568
D492H,0.729968
N548L,2.90166
D94V,0.440281
C364Y,0.355398
D139N,-0.37844
L599L,0.0111253
I334L,-2.25791
C270V,3.07386
R574H,1.15425
T413M,-1.17495
L611F,3.31358
F619S,4.10502
I161R,-1.13496
N405S,-0.898637
R253T,1.10188
C338T,5.94363
C167H,3.04506
C270H,2.93526
P519G,-4.19523
C204G,-3.24493
L432Q,1.41961
C270Y,1.47458
S138L,-0.337419
L682R,2.57224
S584F,8.15244
C95S,3.93239
I161T,-2.25917
T567H,0.837055
G343G,0
Y465L,0.342682
G335V,1.21541
P279H,0.950724
L570Q,1.57881
S177T,4.63426
D112L,-1.8523
C696S,3.5715
D170A,-0.653245
L575Y,1.44737
P649S,1.3959
E101V,-0.406418
F126R,-0.846933
D139H,12.8011
C95T,6.33077
P608S,1.46731
I161I,-0.12711
P84S,0.78013
S584P,7.71106
E101W,0.992721
L646G,-1.10356
T659K,-0.496331
D221A,-0.734382
G323E,0.355967
C143H,4.18511
E101Q,0.00274717
L164P,5.63565
D433L,-0.759732
F241C,0.0686995
D168N,-0.45432
A151P,4.0931
N297S,0.434865
D217N,-1.54119
P683H,0.887664
S226P,2.81185
Y336E,-0.240079
T147H,0.119751
G98R,2.06079
R215D,2.82078
N405L,-2.07837
F629R,4.1891
D172A,-2.14825
D100N,2.74851
G137C,-0.0129091
S252K,-0.482034
I488R,-2.85892
L646Y,3.52967
R81V,-0.025518
L658V,0.69671
Q366Q,-7.96369e-7
G335C,1.19075
G207C,4.21225
D263D,-0.00486798
C89Y,-1.86643
I566E,1.78781
S580C,2.9592
W305G,-0.890482
C143R,2.73253
D331L,2.53682
C711D,13.2894
T497K,0.4839
D700E,2.22791
E602Q,1.10036
A631T,0.485518
C677D,5.3396
L575P,4.03013
S213K,-0.416463
K581T,-0.0035158
L571V,0.691824
G573V,17.5004
K693L,-3.10978
C160V,0.897875
C204T,3.41294
D304V,0.722881
C340T,8.18745
V613G,3.20832
C302T,1.06272
W562C,-2.67202
G565S,13.3781
C452D,6.63589
C216V,3.68954
A643R,6.86304
D217G,-0.110763
E201Q,-0.209497
E201K,0.126261
S637L,-0.757078
V578A,-2.67104
C167V,5.25018
F202R,0.458631
N632I,1.05534
E626Q,-0.00714292
L680G,-3.28787
F126G,-0.407941
V295G,1.16165
D131A,0.0529336
C696D,7.38553
D386R,0.164675
L446L,-1.10927e-8
P162E,2.54226
C289Y,3.20438
I161N,-1.51776
N645R,0.0211417
R427A,0.598243
A151T,3.80521
P144R,0.389288
P341C,2.33317
C329C,1.5234e-11
D136A,0.914606
C167W,3.16143
F73G,-2.42416
T389T,6.13181e-9
D131L,0.0857632
R520A,-1.55418
H117K,0.943064
C116F,6.38904
C364F,-0.126004
D129L,0.200289
I249R,0.328212
D178N,-1.57766
V524R,1.87662
D239D,-0.00175732
C222H,19.1202
W483G,1.49157
E600W,0.190855
C313T,2.06702
W620H,-0.645484
C255F,2.09693
R416W,1.02314
L682Q,2.20324
C109H,2.52984
Q154N,1.00157
L479P,4.59064
G149Y,-0.403533
L292G,0.362752
H485K,0.457707
E650W,-0.75538
T159K,1.61398
T274T,3.10513e-7
W443S,6.54116
N625R,0.263646
D433Y,-0.0377863
D100V,-0.217733
E615K,-1.90805
D535D,0.00413354
G323S,0.461629
W214S,0.750965
C329G,0.667276
P661G,0.718582
D131N,-0.960226
L426Y,1.08128
L414Y,3.01511
A151R,0.628883
F619F,0.00800759
C452F,8.46612
H656N,-0.60193700000000006
N230D,0.596321
W490G,-2.63277
A299T,2.17343
P171L,1.58744
D579Y,7.55015
G573G,0
C104G,-0.516723
C116D,7.546
G246S,-0.0320189
C270D,2.11248
Y336T,-0.168001
D139V,0.745947
H388N,-0.0287458
V524L,0.121346
C368D,3.75346
T235G,0.0836147
D307R,2.17677
N156L,-0.132303
V429L,2.87499
P309A,1.1697
C248C,-0.0164627
S554G,-2.30743
L575G,1.96859
D525E,-0.716528
I585T,0.558858
C197W,9.15618
E101S,-2.0038
S417K,0.068678
I473S,0.052720499999999997
C167T,4.29045
P424L,3.03933
F114R,-3.11515
L547Y,6.65128
S397L,-0.705696
Y400K,1.04027
V468I,0.289791
C698Y,6.23766
R508T,0.238537
R300G,0.198579
C696T,4.53116
C255Y,2.28211
W214G,0.17799
S648G,-2.93366
R520R,0.465948
D260E,-0.11771
S212L,-0.0243568
N625L,0.207444
R183T,1.62444
D492A,-1.67535
N405T,-0.651188
D525R,-2.35125
C248Y,3.12823
C261R,10.7953
D136N,0.204209
H583Y,-0.136932
T467H,-0.5247
D94N,0.228411
D129G,-0.0135527
C677V,7.30704
C184Y,6.17741
F200N,-0.512548
L319G,-2.14191
P685C,1.91541
E408W,-0.0836094
S648A,-0.161012
R458A,0.736097
C167D,4.45026
W536I,-0.183929
H607E,2.4571
W214I,1.43089
D482N,-0.32833
W577S,2.89115
V498G,-2.36498
C377Y,-0.319224
F126M,-0.110748
V523L,-0.964626
I552R,0.831914
C104H,0.559664
M298R,-2.22647
K509G,2.5923
Q660H,2.33934
Q366R,-3.7051
G565Y,58.4099
C167R,3.14707
R257Q,0.460031
I488N,-1.76614
Y489C,-4.83123
D227H,0.864895
G505G,-2.27374e-13
P699C,2.45082
C104W,2.35035
D433V,0.72491
K617K,-4.3201e-12
H211L,-1.42503
D386Y,-0.508595
D304N,-0.485323
C68D,0.421478
T534K,1.32122
S463T,-0.0521308
S177L,1.03571
I334T,2.82618
C340W,1.6168
N405H,7.95184
F126Y,0.195048
V481V,4.46196e-5
V369V,0.0152105
L164Q,-0.0684122
I488S,-3.15832
C329R,3.31579
L647Q,0.285395
E435G,-1.23345
D129R,-0.590351
C261H,25.0062
C329T,1.2581
H327Y,-0.498235
C231W,3.93701
Q349S,0.276579
G505V,2.98596
C377T,1.6728
V93T,-0.144922
E626V,4.82451
D129A,0.173329
C248S,2.49164
V268L,-0.47136
A627G,-0.168817
T404T,0.0148769
C711Y,21.5395
L292Y,-0.0116859
L682P,0.312184
W577R,3.10509
E626K,-0.577417
V347G,-2.01136
H327H,0.0038332
N405R,-1.52017
G496G,0
G103V,9.61396
P649P,-8.18545e-12
P162C,1.80557
G565G,0
T713H,-0.141965
I624R,-1.37839
D100G,-6.33093
A705T,1.54169
S177P,3.15306
T147L,-0.087744
C89V,1.3038
P84G,1.4572
H460E,-0.835717
T454G,1.43307
C711W,22.0474
A631R,0.455622
R132G,0.803002
C677H,14.8967
D616D,6.85553e-7
E140D,0.215825
F202N,1.72769
P649C,2.09028
W490I,1.54915
S637G,0.503822
D172N,-1.98594
S464Y,0.185884
K693Q,-2.1594
I585E,0.461101
L346Q,-0.031201
R253D,0.609375
W562G,-2.7355
P220S,2.73118
D112A,-0.987903
E408S,0.806549
G478R,9.67927
G565E,18.1601
C248D,3.09656
H528R,-1.52321
Q660S,-0.873769
D139A,-0.448675
G343E,3.25771
Q163V,1.47491
T108M,-0.803874
M264L,0.115699
I210L,-0.419888
E101G,-4.80019
G278Y,0.596492
G269V,3.15201
W577G,4.30785
V590V,0.0170668
G323V,0.974159
F73R,0.612958
D139L,3.27532
C276R,2.87631
Y679T,2.32744
D362R,-0.421006
C155G,0.973511
A399R,1.19381
F200M,0.107073
K507R,-0.155011
N405I,-0.769992
T503K,-0.499295
S610C,4.56663
N156R,0.0506887
A459R,-0.861791
D651R,-0.398341
T315I,0.45826
P563H,2.43781
G516Y,-1.06614
C340Y,2.1525
S286L,0.0342164
I560I,0.156321
G505Y,0.842343
T510L,-1.02074
C667R,1.7061
C261S,4.27022
N322I,0.0710431
W180G,-1.0493
A141T,0.0522915
D551R,-0.470154
F200G,-0.0107491
I623T,-1.12043
S212C,-0.315311
D263A,0.0166235
P519T,-1.15417
T467I,-0.557598
W165A,2.30365
C379D,7.69583
C116H,11.407
E201V,1.77223
T659G,-0.615939
Q254P,5.21253
Y400E,0.568312
V468T,0.614877
G636D,0.980412
C68G,-0.162638
Y419K,0.162891
G71R,-0.0632263
P220H,1.00769
I560F,-0.725089
A540A,0
L555Q,0.846292
R88D,2.97197
R300V,0.53156
C696F,10.1218
W533R,-0.412733
S584K,-0.0894282
V395G,-1.05507
M702I,2.00242
L568G,2.25192
C109Y,1.75023
C340C,2.95586e-12
C197R,1.88243
Y553Y,-9.9817e-11
G676R,5.23569
A631V,1.2111
T291P,0.987877
F200L,0.101059
S152G,-3.82865
T363T,0.117457
L575F,0.592103
Q125K,-0.684241
H607Y,5.33351
S447F,-1.56858
S157L,0.122464
I598L,-1.95347
Q686E,-0.269966
D266V,0.727885
D133N,-2.56314
A643T,6.77901
V271L,-0.477602
E668Q,0.342979
Y679L,0.596896
Y489E,0.960501
Q378N,-0.476348
C379T,2.30121
V556R,0.169272
H388E,0.406272
L414Q,1.74635
G324S,0.541873
D304D,-0.0221306
H388T,1.89367
F200I,0.500272
D700L,2.9144
G461C,0.224821
Y489L,-6.46663
S177G,-4.61186
C368G,-4.85851
F629G,0.979341
S326G,-4.16794
N272H,1.89484
I687L,-0.28191
S142L,2.03844
E408D,-1.82793
N632R,-0.457319
S99L,7.27108
G251G,0
G461V,1.19062
Y465N,0.266071
E644V,0.706546
R183D,0.150498
I566M,-1.28798
N640L,0.431599
P238C,0.892031
S142F,1.9584
N632L,-0.515845
N688H,-0.013181
S438L,0.272309
K69K,-2.4329e-11
L599S,1.49082
G545R,17.2404
E308S,-3.37929
D638N,-0.474895
V523R,-1.56961
H460V,0.146232
T538H,-0.283597
N330D,0.553015
F344G,-1.09574
R88V,0.853245
G343Y,3.43141
G676E,5.02367
T713K,-0.712127
E258W,-0.64581
R257L,1.05861
I441L,-1.21643
F619R,5.06461
N564R,3.56124
D707Y,0.0728237
T597T,0.00200977
T274K,0.1492
E408V,1.79002
C340H,4.51016
N230H,0.785407
F403N,1.27947
C364G,-1.03727
S365G,0.633506
P387L,0.875814
Q242N,1.0177
E615W,0.0729257
C197Y,3.64899
D178H,0.893986
Q660P,3.53832
L371P,0.0886583
K581K,-2.56478e-10
I522R,1.08014
D260R,-0.724606
C216C,0
T670T,3.61138e-9
L146Q,-0.27593
L432Y,6.82788
I210I,1.8872e-11
D139E,2.14936
S286G,-1.35334
P279C,0.890151
R633A,-1.87895
R115H,-0.282304
R183C,0.248889
L511G,0.0571442
P144H,2.40956
C216F,1.90163
C155T,2.06255
P608R,5.05299
G287G,2.27374e-13
C364V,2.09509
Q455N,-0.662643
P526R,3.01786
T389L,1.13712
V233V,0.00218756
C255V,3.04756
D94G,0.642033
D256A,0.19308
C109S,1.01577
C128Y,2.6683500000000002
Q163S,0.0449935
A606T,1.50637
R410D,1.52511
D72N,0.242077
C329D,3.25998
L456Q,1.30046
C95Y,9.49825
T413G,-1.28992
L164G,0.430584
S110L,-0.322673
T363N,-0.683331
L575L,-2.70575e-11
C313D,4.66765
L414R,1.99276
N97H,0.156418
I249E,1.22972
C197H,4.26691
H690K,0.797256
E650E,6.8832e-7
L642S,1.34965
C155V,1.37178
G478E,12.2551
P476S,0.551464
H607R,0.404833
D342A,0.528477
I560E,1.16609
T67L,0.578348
A627V,3.96947
D482A,1.39663
V468L,-0.659249
L568P,2.81654
I161E,2.0837
D170G,-0.60811
R520T,-1.7203
C392D,8.19296
D466D,-1.85496e-8
L432V,1.06591
V436M,-1.34466
C364H,1.24164
V653L,1.17733
I522E,-1.06942
C377F,-0.174739
Q448N,0.420481
T420T,0.00177001
D354A,-2.33339
Y336D,1.93817
I522T,-3.35855
D331R,5.63322
L339V,0.683169
Q678H,0.301905
N665L,-0.0639861
C104R,-0.823153
D301E,0.0519041
S572K,-0.683706
C75H,16.6808
P661L,0.551874
G373D,3.95165
R440D,5.65529
F344Y,-0.314911
D616A,0.0827301
P196G,1.78468
V429V,2.65593e-8
E353V,-0.76829
N564S,-4.57341
L646Q,-0.448208
S637K,-0.827462
L332Y,-0.773839
T404L,-1.82295
W533C,-1.66222
E140K,-1.24837
S152K,4.9304500000000004
L446V,1.18599
C104T,0.678688
C68T,0.22585
E101K,1.36524
N439L,-0.0185185
F655F,0.113032
N97L,0.611267
Q242Q,-0.390841
N272S,0.596714
D700G,3.14538
C358C,0.269844
Y419T,0.0683989
G636C,0.946717
C236R,2.09382
D525L,-3.22084
R215L,0.675672
G382D,3.29381
C261V,8.04331
L495G,-1.31444
M652R,1.48414
H211K,-0.342468
C681V,2.72928
D651N,-0.14273
G478Y,19.4112
L658L,-2.0691e-11
N330K,-0.0058684
S580L,13.9322
R416T,1.91263
G207S,4.09626
D263Y,0.137009
E337K,-0.433875
T510H,0.241253
H528V,2.38077
G373S,2.18738
S648T,1.87157
C318D,2.26136
P309P,-0.00520429
F614N,0.541557
V127I,-0.106898
F153G,-1.69369
L346P,4.90636
D457A,0.18583
L642W,-0.433944
W443R,6.52865
D94L,-0.326428
I552M,-0.560343
C184S,1.71166
C698S,4.01815
D178V,0.168199
S554K,-0.502535
V429G,0.762155
V430T,0.398973
G565D,22.8493
D266Y,15.2037
C109R,-1.44399
E514K,0.206856
L164L,-1.02318e-11
K393R,-0.0194823
C216T,3.1814
E337W,0.165252
D301Y,0.336547
G676G,0
E258S,-0.178069
C377R,0.230486
L426P,3.6456
L658Y,-1.37323
C698G,1.90575
Q92V,1.77418
I522L,-2.66428
E644E,5.68434e-12
D170L,-2.3784
T491L,-0.573382
G478S,5.16671
H607D,2.52851
S130G,-0.823138
G573E,13.465
D301R,0.528875
P539S,-0.836778
G374E,-0.225042
N640R,-1.64505
R513V,0.853976
W165I,3.36939
P279P,-0.074494
S493K,-1.47132
E357Q,0.00546799
E353S,-0.489226
T67K,-0.0450614
S710K,0.345318
V523M,-1.18914
I488I,3.8653e-4
W490H,5.14644
T454H,4.55688
S138G,0.131428
L568Q,0.911449
T315G,0.480746
N645L,0.431175
C681W,13.7578
H388D,0.346748
E626E,-6.48811e-9
I585R,0.499278
I473R,-0.496502
P105C,-0.313072
S648F,-1.03472
S648P,3.17915
Y489K,-1.94056
W577I,4.56368
F403F,-1.13687e-12
E140Q,-1.43907
T434K,0.0124426
W214H,1.43652
C197T,3.62065
I484E,0.204357
C358V,1.4267
E308E,-0.0821121
D601L,0.0799319
S158T,2.08224
D579E,1.28141
W483H,3.02422
D256L,0.195147
H211Y,-0.645873
D472A,1.95728
C318T,1.74099
V328L,-0.431907
D320A,-0.310563
A394V,7.56808
V664G,0.951164
L682F,2.05064
G496E,21.3208
V524V,0.0178955
G323R,0.113397
T315H,0.929786
V127L,-0.3073
D227D,-0.00220139
G516V,-0.412068
S464K,-0.0362458
K504T,0.043357
L385V,0.762256
S326K,12.3765
G207Y,3.78181
S648K,-0.746129
L646I,-0.70044
L146G,0.0464203
R253A,0.552696
H250H,7.54116e-4
T671K,-0.226484
F655R,2.87148
D193R,-0.647631
C68R,-0.0981015
N280H,0.414501
Q182F,0.0605344
W483I,1.52025
H656V,2.71729
R132Q,0.60194
N439D,-0.00400046
P105G,-1.67018
C377G,-1.28792
S397K,-1.10766
S610P,10.5814
S610K,25.1935
C89D,-1.03691
P144L,2.48736
C352V,11.5303
F153M,0.642516
C209Y,2.35639
K376R,-0.335132
E113Q,0.101292
I423E,3.41552
D700A,2.3388
L582Q,0.368662
C711F,22.9402
D477D,0.103255
C197V,2.38625
V498R,0.678499
G374G,0
R257W,0.557834
Q384S,-0.983795
P361G,0.773042
L187G,0.171548
D707V,0.21562
R471D,-0.788822
F241R,-0.740109
E408K,0.227136
R427D,-0.178393
D239A,-0.0326285
C116R,6.25484
C261D,8.59353
N439H,0.14158
T108L,-0.214246
V527L,-2.38609
C248T,4.31377
Q163N,0.827814
P661E,0.499503
G219Y,0.0246931
S710T,0.984506
D320D,-2.07322e-4
P649E,9.00246
R183V,1.7891
Y465T,3.57207
S158L,1.50372
L682V,2.18167
G103S,4.35327
L634F,-1.05066
C261F,23.985
C352F,23.082
K376M,0.450788
H211P,-2.10382
A199T,0.662389
S195N,0.576625
D601N,-0.00554572
D707N,-0.162229
Q561V,3.31393
C296W,9.29117
P476C,0.305965
Q686Q,3.36513e-11
K596E,0.255831
G461E,0.372638
D133R,-2.01922
K294L,0.341084
V145R,-1.01302
N316S,0.284565
C82G,-4.42243
L495V,-1.00575
D502D,-1.34687e-7
T635T,0.00249811
C75S,-0.798531
G137Y,-0.650383
A684R,5.72869
P424E,2.53349
D301N,-2.1935
C236H,3.10473
R350G,-0.148968
V550V,0.00822033
C276Y,1.44721
C167Y,3.57187
F402L,-0.724377
C711T,7.99836
M264I,1.09191
V664V,0.004094
T491N,-1.78029
Q455S,0.201681
V506V,4.49961e-4
C128F,1.88435
G537Y,-0.634052
K603K,-1.86446e-10
I484L,-1.08287
C155R,5.82225
C255C,0.0174093
S447C,-0.0208317
N564H,13.4293
S130T,0.83795
E558Q,1.15235
S265C,-0.317958
D94D,-0.0014759
K617R,-1.33177
H407V,4.65793
C75D,2.49519
C276H,2.34691
R440G,-2.17769
E337S,0.645826
C75G,-4.61174
P661P,0.0397227
T491G,0.418814
P519C,-2.49024
K107L,0.625983
R604R,0.00546139
S226C,2.60105
D307G,-0.95644
L292L,-0.00268646
E228D,2.08456
V527T,0.125605
T467G,-0.597888
I522V,0.702571
A141R,-0.610918
I398T,-0.254735
T557T,0.00997158
F694V,0.279236
D170R,-1.65299
K107K,-0.0432596
C95D,6.62477
S365L,-0.410629
A199F,0.822442
S194S,-1.29285e-4
G71G,0
C340F,1.8751
T434T,0.0351197
G373C,3.13995
G219V,0.00955167
I290T,-0.692956
G573Y,41.8672
L547V,4.29712
K518G,-1.20563
C667V,3.63253
A459G,0.390572
P539P,-4.54747e-13
S710N,-0.781814
L641V,1.6928
L582G,-0.397731
C352Y,31.7873
F114I,2.36389
I488T,-0.501359
L135V,0.520522
H656Y,-1.56599
A697R,1.49853
R300T,0.595492
P526P,2.15193e-8
I83I,-0.0295357
L646L,2.1555e-10
C104D,1.28766
N425D,1.27204
H250P,1.37
A612F,7.93889
A606R,0.277097
D482Y,3.15521
C698H,16.826
T291H,3.54771
A437R,-0.940162
S158C,1.3302
S517K,7.91752
F200F,1.74675e-4
Y375T,-0.333442
E615S,-1.14306
E380W,0.29573700000000003
S252L,0.814064
A431F,13.3959
P309C,2.29254
V347L,-1.39982
T159I,4.63542
G176E,4.37596
I83R,-1.20114
S226F,14.8605
P238H,1.15679
P692P,0.0615791
I585V,-0.279904
L555P,11.2546
S554W,-0.318027
D170N,-1.02618
C698R,8.62236
L511Y,0.714697
D239R,-0.432288
D579N,-0.149319
E179K,-2.48489
N428L,-0.0921001
D129D,-0.0260802
C392R,9.07263
D263L,0.990349
K411L,-0.934254
N405K,-0.447983
K617E,0.0635578
P526E,3.82103
N665H,0.585998
K617L,-0.450907
I83E,0.210719
V578F,7.37905
N280R,-0.0259567
S648L,-0.714826
I566I,2.31694e-9
C155H,11.503
A391G,0.680412
A437G,-0.255012
A705V,0.736509
C352S,2.44204
Q125N,0.404313
R253P,3.83873
E113K,0.960629
L642G,-0.72864
F114F,-0.00506205
R520V,-0.144823
D301V,0.816833
C338W,4.7706
R132W,0.977164
S99G,-4.91174
C82S,-1.15904
E337Q,0.186011
T534G,-2.06375
C89T,-0.181681
C302H,12.6237
S326C,2.61462
L568L,0.031392
Q154V,0.944915
S691G,0.159811
D525D,0.114677
L275Y,-0.276628
Y553K,0.898875
Q686V,-0.908243
G675Y,21.9855
V429R,8.02768
T363K,-5.01535
E208V,0.17615
Q349V,2.52124
S610G,-7.29725
F200R,-0.935908
P661H,1.04743
L511F,0.54076
A394T,4.31185
C104S,0.678694
S195L,0.495238
C358Y,1.4388
D293L,-0.614805
E228S,-5.60638
L339Y,0.336865
I161L,-1.49314
G545E,15.0189
C352W,36.9971
R303Q,-0.0581325
C352C,0.00529935
V468R,0.370404
L401Q,3.79538
D139R,5.86562
G251E,1.53879
R132V,1.32372
K504K,-1.16392e-7
D445E,0.846761
D136D,0.00677178
W443A,6.19246
H117H,-0.0154295
D362D,1.81899e-12
K294K,-0.0286429
Q660V,0.274409
T557P,-2.55961
V66L,-0.408054
G246Y,-0.781605
C155S,1.02517
L422P,15.1951
V395T,-0.699408
Q561S,0.312585
S157N,-0.170158
T635L,-0.874483
T534T,0.0356047
L346Y,-0.31639
G323Y,0.607928
A643G,-4.02777
I484I,-3.65703e-8
E317K,-1.12335
S195R,-0.450115
Q349N,0.213601
H388H,0.333239
L164V,0.279208
I598T,0.109661
N297R,-0.219162
P699P,0.00480364
V500T,0.613262
C89G,-2.60207
W562A,-2.41342
D700R,1.87783
G91E,1.67745
N594R,0.711111
W490C,1.16691
W443C,3.50623
A684V,9.43682
E179S,-2.27467
R215S,2.81521
N330S,0.026502
P341E,1.13967
V268G,0.772618
I290E,-0.795682
C128C,4.54747e-13
V613R,3.0971
V145V,-0.0105005
W620C,1.27719
V328V,-2.27374e-12
D616L,-0.184639
L555R,1.30903
P476G,1.4658
A521T,5.35249
E435E,-4.20641e-11
R416D,1.14541
L703Q,-0.54064
W490A,-0.30663
R604G,-0.0751992
E353E,0.0559797
D175R,-1.16873
P685H,2.54843
K617T,1.41132
A394A,0
S447T,1.20736
T557L,-0.682397
G192Y,4.06697
M652L,0.710053
N428S,0.360045
G76Y,4.53727
G218Y,1.78763
S499C,0.423497
Q378V,2.41379
S286T,1.15355
A391T,-0.0140363
K107T,0.553344
T235H,-0.11067
I624V,0.088331
V494L,-0.181307
Y400L,0.00525169
E558V,1.77098
T671L,-0.00193693
R115T,0.79973
C209G,-0.160758
V498L,-2.03991
P105L,-0.722817
R595V,1.08275
V664R,-0.192804
F694R,-1.00333
L555Y,4.98613
W536H,2.8161
C667D,2.08527
D129E,0.0810572
W180I,2.72663
G478V,9.61784
S130K,-0.419266
D178G,-6.36331
H407K,-3.73131
D90L,-0.143769
Y576Y,1.73281e-9
F73L,1.0416
A606F,0.478567
D457G,-2.53179
V550T,0.0603489
R215A,1.70646
D136R,0.460699
S74T,3.16851
D535R,1.68358
L571Y,-0.675171
L426R,0.918946
G149G,0
L385P,0.339647
Q678V,0.429856
P424T,2.8837
L599Q,0.464954
C104F,-0.876543
Q349F,0.42235
G676S,4.30068
V295L,-1.48723
D492N,-1.92295
E308D,2.76042
A431R,5.10999
Q254V,4.81686
S572S,1.72437e-4
E558G,-2.3501
N665S,-0.617257
E277G,0.773363
P685T,3.53842
A501G,-0.395548
C104V,0.861287
D100R,7.28288
V613T,1.02989
A459F,0.0457628
G505A,0.387888
A151S,0.447898
N330N,0.0577929
G186E,1.99749
R595A,0.118772
R132T,1.1873
L401F,8.82224
F73N,-0.286963
I598R,1.0269
A299A,6.13909e-12
C89C,-0.0100403
S584G,-0.526662
I210R,-0.371447
H690D,1.80565
F655M,2.10319
G137E,0.145433
C296D,6.5417
N425N,4.19018e-8
D386D,-1.43245e-11
D616R,-0.685986
H211T,0.56323
D502R,2.12439
Q125Q,0.0126447
S464T,3.03622
C452T,0.497559
T404S,0.219191
L446Q,0.548951
D178R,0.127494
C248H,4.48255
T671H,-0.0540923
E337E,-0.00251391
D133Y,-0.329612
D651Y,-0.160639
L332G,-2.0216
S438G,0.974306
I210F,0.070857
K518L,-0.0508539
D342N,0.0841832
T467N,-0.456162
L511Q,0.818696
E179W,-2.34153
S213T,0.250233
D445L,-0.528821
A394R,4.86161
P526L,2.70751
P171H,1.60927
R351T,3.04357
H327E,-0.48562
R604A,1.18822
V527I,-0.493827
V618L,-1.61056
A480S,0.193462
C82D,1.43928
Q448V,1.0435
L135G,-1.14814
H583D,1.89224
P699S,1.38419
Q359K,-0.110952
I83F,0.208657
D601G,0.25377
G593E,-0.93113
C231D,2.81608
F153C,-0.595172
P238E,1.02509
G675G,0
C255R,1.15574
I249I,-0.0404091
G516E,-1.13182
V481R,0.701706
G149V,0.108465
N625H,0.706537
G77G,0
N548H,7.81158
T497L,0.236916
H203T,-0.294995
T557I,-0.0483574
A643V,7.8293
E418G,0.419693
R350V,1.85875
A612R,9.54598
A299S,-0.445117
N297H,0.298544
A631A,0
H690Y,1.69387
I598E,1.71449
S691L,1.26693
D245L,0.499642
R574D,2.91029
V395R,-0.678577
H485T,0.925305
S70K,-0.123373
D525A,-1.18114
S580P,5.82289
F383N,0.433871
E228E,-0.316617
A521G,-3.85628
G324G,0
V498T,-0.0122677
K693R,-2.50545
C222W,20.9035
H607V,4.47032
E317S,0.0305513
C340D,5.82165
L642Q,1.03217
C379Y,12.2012
P563C,-0.584215
C340V,7.32916
R633C,-2.67757
F114G,1.0342
E372Q,-0.317675
C261C,-1.24305e-8
L672Y,3.16678
E317Q,-0.70518
Q660F,2.16595
A399S,-0.226743
P341P,1.13094e-5
F694N,-0.248553
S306G,-1.77325
V268R,-1.35474
S673G,-0.674667
D266D,-8.0722e-7
Q254E,1.44174
S417G,-0.396125
R508R,-6.98947e-10
E308W,2.66792
S630R,0.191673
C698V,5.08368
L135L,1.1086e-4
D307N,-1.02927
E229W,-0.810745
L642Y,0.093459
T420H,0.354374
V127V,-0.00589856
P341R,0.231993
G91Y,0.750246
A521S,0.773159
C82W,4.42918
E602W,1.29564
L422Q,1.70564
S213G,-1.01385
T108K,-0.486531
E240E,-0.0171046
G91V,1.91479
R351I,4.63429
P181G,0.936377
L205Y,-0.358752
W536G,-3.41021
M652Y,14.8867
C109D,0.889988
N559R,-0.242722
P144E,1.91797
M412Y,0.55557
A394G,-4.14158
A234F,0.0875053
V618G,0.756234
E408A,1.27492
L672Q,-1.61257
P84H,1.00512
S397T,0.522801
C82T,2.47862
A705P,7.62292
T467S,-0.600603
S157G,0.50548
F344F,-2.36942e-6
K617G,1.16843
G98C,3.06257
G545V,12.5707
W483C,1.43292
T67H,0.50125
K509E,2.68608
D224D,2.27374e-13
W483A,1.38502
F655G,0.857428
S265K,-1.43027
E240S,-0.728988
A431G,-3.97776
V127R,-0.802468
D112E,-0.925753
T147T,0.0073617
A501R,6.46975
T404G,0.465043
S438T,0.682034
S226G,-5.35473
T659L,-1.25981
W666C,1.23723
T315K,-0.00392802
T491A,-0.794041
C143T,3.28646
G219G,0
T467T,0.0231983
S265L,-1.28958
F619G,3.09193
G76W,4.46257
A394F,1.48891
G103E,7.86921
I290I,-0.008167
D651L,-0.271288
C89R,-0.68108
R595L,0.183487
V613L,-1.33964
C667G,0.486603
R88R,-0.0910291
V506G,-2.98481
N322L,0.735839
E240K,-1.78469
R303A,-0.991205
V369L,-0.531964
S630S,-6.12636e-9
T497P,3.75421
S213I,2.06101
L647V,0.257965
D301A,-0.274581
Y679K,0.667217
L275G,0.0690052
D227L,-2.33056
L187L,-2.46382e-9
C667H,3.13282
P683G,0.483946
R253Q,0.883
G176V,5.48005
I628L,-1.372
S206S,1.81899e-12
N548S,0.678467
G676C,3.54683
L146Y,-0.111487
K69G,-0.561545
C261T,7.82891
E372V,0.497424
G71V,2.43602
I628I,0.0336658
G186Y,3.03955
P699G,1.10621
Y419C,0.798973
A540R,5.54604
K596T,0.68817
S306T,0.985027
K509T,0.929043
E650S,-0.674667
Y553T,0.827278
I398L,-0.628486
N674L,0.418187
L456G,2.31738
K596R,0.507079
R604V,3.43884
P689P,-1.01899e-5
G335Y,0.0244771
F619L,1.27403
L401V,2.20932
R410T,1.8423
S438K,-0.191246
R257P,3.38899
C452V,0.392264
C276D,2.83712
D433A,0.199272
G137G,0
D129N,-0.144918
N280L,1.29745
C711H,26.9856
V271R,-0.715924
T621G,-5.74119
T291K,-0.397359
P685L,1.1608
A501E,1.4931
E353Q,-0.982775
C143Y,1.66307
G324Y,0.545119
Y375L,0.804359
L658P,2.83638
V127G,-0.840667
I624T,-0.198232
L426L,4.77485e-12
C392T,6.16288
N370S,1.18705
Q154S,-0.131521
G478W,20.0591
C236T,3.33367
N370I,7.14174
V550R,-1.16408
P539H,0.235148
T510T,0.0573895
G278S,0.862468
V430V,0.0348033
Q448Q,1.8872e-11
A705A,0
R88K,0.546306
N487N,0.18346
D331A,-2.23707
G91S,1.33112
S486L,1.90169
L611G,-1.96128
K518N,-0.136607
N247H,0.604388
C155D,4.17335
L605L,-2.27374e-12
R237C,0.346314
E258E,-0.00157291
R709R,4.77485e-12
C329V,0.9853
F629N,1.80029
V618V,4.59394e-4
S99K,3.04473
V328T,0.620303
C368H,6.43293
G98S,3.15191
G537R,0.507945
G382G,0
T567N,-0.469944
V233G,0.00673393
V436A,-0.98521
R520M,-1.1168
N330R,-0.539579
N370T,4.18464
N625S,0.66918
I310R,-1.03073
D386L,-0.447201
P196H,1.99896
D178D,5.55064e-7
G186V,4.96295
R183S,0.281043
Y336K,-0.960537
Q384V,1.35076
L704G,0.873259
V639I,-1.09626
I585L,-2.25147
A612V,2.61617
V429T,0.756142
T420G,0.0035964
D112N,-0.500226
R410A,0.463072
R427V,1.37966
W536C,-1.65701
D651V,2.288
A521V,7.59133
S630K,1.384
A166D,0.896814
C148C,-2.50111e-12
S195K,0.782622
C368C,0.0391907
L319Y,-0.292461
G593C,0.252235
T695G,-1.5682
P181E,1.05477
D433D,-1.81899e-12
T291G,-7.2461
Q111Q,-0.00160129
S158K,1.22235
T454L,0.432901
H583T,1.44467
C116C,2.50111e-12
G701E,1.35871
N247L,-0.739028
C667Y,3.28816
E113W,0.162438
G636S,1.11976
L571Q,0.51702
V233T,-0.648326
H656T,2.56771
K518K,-9.77707e-12
D482D,0.0453608
L641G,-0.459734
C155Y,9.34412
I522S,-2.38854
N370L,8.95546
C143G,3.19638
V145L,-0.524527
C392Y,29.2796
R300A,0.491143
D178A,-2.60329
Q242F,-2.14485
N316K,-0.0849473
D301L,0.222483
R132A,0.919893
F202C,1.75975
Q345V,1.27158
C358R,0.0073768
S673N,0.0461777
V653G,0.89474
R706S,0.528167
G77S,1.66601
P692E,0.618089
C364R,0.614263
K376K,4.77485e-12
L146L,-0.0161426
E602V,0.966177
L570I,-0.845207
Y465K,1.69457
L680Y,-0.93528
T695T,0.140404
S610T,4.00294
C296F,5.12545
Q384N,-0.876415
T557G,-1.30447
C368S,-1.78846
H407E,-2.46808
L547P,11.0828
G592Y,-0.290383
D433H,-0.366577
T454N,4.2023
R440T,2.39338
R669R,-7.50333e-12
G549A,1.28181
P238P,7.20929e-4
F241L,0.306272
G119V,0.872864
T538L,-0.766548
E600V,1.1589
E179E,6.82121e-13
P689H,-0.0991827
A399T,0.185001
M708Y,0.0189573
A399A,0
P526G,2.77225
T108H,-0.247776
G461G,0
A540T,6.19601
P608T,2.98658
F694F,-4.11546e-11
S326F,21.365
Q125H,0.903468
H460T,0.138083
C89W,-1.51236
G218V,3.40534
E644S,0.591602
S252T,0.979882
C302C,-0.0083127
K596G,0.582848
K507N,0.492043
E258V,0.240552
Y419E,0.418165
N674S,0.413396
H485V,1.03063
K390K,-6.4465e-9
Q384Q,-7.07548e-8
A348G,-0.2589
H117E,-0.0453379
T389H,1.00448
G269D,0.743112
R440A,0.158715
S517F,6.44863
Q111S,0.136109
N272T,0.702211
C318V,1.69565
T659N,-0.968336
G496S,14.3895
D217V,1.48917
H203H,-0.0129736
E179A,-1.55288
N297L,0.189233
V66R,-0.833732
N322S,0.295494
S70T,0.147381
D139D,-0.150397
Q660N,-0.263273
T538I,-0.427158
I398I,5.57259e-4
F241M,0.24674
D535H,10.9441
T404H,1.12411
G287S,8.04285
C392V,5.53091
S65L,0.300693
V430L,-0.713126
N330H,-0.495162
C109C,-0.0234571
C364C,-0.0427113
T291T,-0.0462036
K294E,2.93889
L582V,1.22284
C155C,0.486734
T420K,-0.117555
C197C,4.54747e-13
D170E,0.506158
S463K,-0.0167181
D193L,0.116517
D266E,3.95839
R706A,0.4231
A606S,-0.414265
S226L,7.50325
C364S,0.0191476
R662T,-0.473936
R300K,0.0581002
D266A,-2.19471
L712G,-0.906214
Q254F,2.05255
D245D,-4.77485e-12
C325H,12.0162
R410S,0.0487621
G278G,2.27374e-13
K543T,-1.74035
R427R,1.34206e-7
A612T,0.891046
C104Y,-0.423002
C358T,1.88819
T659H,-1.15514
E113D,-0.497118
S212G,-0.171233
C698F,17.9657
P84L,0.74270099999999994
D193Y,0.0309572
L634Y,-0.746568
D245A,0.769576
L680Q,0.0566742
P519H,3.01069
E277W,0.510416
R406W,0.62062
A166G,1.13325
S152T,2.98153
H250Q,0.4088
Q102P,7.31996
G676V,7.59799
I473T,-0.13868
D118L,0.464403
H250K,0.00821977
G505S,0.69047
F619M,1.56702
H327V,0.222617
S65K,0.101262
V268T,-0.68215
W483L,0.897228
S226K,4.87707
S99T,3.24228
R574T,5.37916
C364T,5.23043
R416L,0.773612
D700D,0.0609892
P181R,0.418312
D307Y,10.9462
T671G,-0.0872897
S517A,7.45545e-4
T434L,-3.62534
E357W,1.9629
L575V,1.82609
C377D,1.20793
L672L,-9.77707e-12
T695H,-1.46779
D224N,0.161049
C313H,8.17941
H250E,0.703038
Q242S,1.00502
W180A,0.954805
P387P,1.82517e-4
F609M,-0.552551
V500L,0.242577
Q455F,-0.410372
C379V,3.633
C167C,0.045891
N645H,0.207315
D178L,-3.22721
I624L,-0.185239
P608P,-0.139781
D307L,2.55907
V271G,-1.00692
R633S,-0.661834
I560R,-4.46402
C368T,0.955964
S447G,-1.21442
L187Q,0.425957
L555M,0.377156
L571F,-0.478989
K541L,1.27037
D472R,-0.843142
S691K,2.05436
N316L,0.366907
P84E,0.652224
E380K,-0.839236
R595T,0.686353
G592V,0.332903
P84P,-0.00115665
D535N,0.148849
S306K,-2.21768
P162P,-0.00227238
V127T,0.0211641
H407T,0.743212
H690H,0.064137
D301G,-0.335339
S138K,-0.366141
L479V,1.81762
I83L,0.118364
G545G,0
I334R,-2.14371
D502Y,-0.679718
P162H,3.67249
N297T,1.07347
C338C,7.27596e-12
P661T,0.698136
C392H,18.6836
G192G,0
N428R,-1.10934
E337G,0.462584
V578I,2.48108
R300D,0.535939
G246E,0.231784
D579G,1.68865
L292Q,-0.371715
F619N,3.59624
W666G,2.17864
W620R,1.09489
W666H,0.55197
A391F,-0.897059
E288V,2.21822
T454T,3.08673e-8
G701Y,1.12688
A151A,-1.81899e-12
Q678N,-0.0138628
C276G,0.828758
L339P,2.05515
R406P,1.79655
P526C,2.58755
T567L,1.21042
D90R,-0.0422913
G192R,3.40869
Q678Q,-1.42777e-8
D415H,1.21688
G76V,7.59686
C392S,0.808085
S213R,-0.483737
R706R,3.18323e-12
Q92E,0.313942
G636Y,0.0257921
F629V,2.38882
C82Y,4.51578
V481M,1.03496
M298I,0.0174348
A348R,-1.28838
D178E,-2.30591
L611L,2.50111e-12
C276W,2.69565
P649L,4.44534
I423R,3.63774
S194L,-0.166755
D354V,0.501999
A151G,-0.115545
L414G,3.15193
A631G,0.447373
V524T,-1.86906
V233R,-0.433898
D94Y,-0.652294
L479Q,2.17327
T159L,0.909173
L703Y,-0.227878
R185D,-0.901873
R185T,-0.0806434
L704Y,0.459936
R257D,1.8117
P196E,2.0845
Q92S,-0.89848
P683L,-0.15762
Y465C,-0.163585
N428H,0.133357
P181L,0.449955
R215V,1.39602
L319L,0.00181042
Q455V,-0.291131
V93G,-0.497345
D415V,2.38641
H528K,-1.02426
K603N,-0.127489
Y553L,0.602866
C109V,0.708805
K376G,-0.174127
G592G,0
C222Y,20.4882
N674N,0.0247894
D112R,-2.40198
G373E,3.55716
D457L,0.197349
S177K,-1.82604
D707D,2.27374e-13
G565R,18.5605
E435Q,0.437509
F344M,-0.0963804
V494R,-0.351156
L495R,-1.0856
L547L,1.79398e-10
F403S,0.920168
W214A,0.464414
P699L,4.35216
A501S,0.847538
Q448F,-0.236934
G592S,0.22716
C358H,0.602716
L332V,0.0858942
P309G,1.34828
C364D,1.17441
R350P,5.89923
R115D,0.700541
F86F,-0.0525683
P181H,1.10356
K603T,0.930467
N280S,-0.215039
G675S,4.85907
V550G,-0.764971
T538T,6.64539e-4
C698D,5.66974
R257V,1.80009
L456Y,0.848482
R709T,3.37797
L703G,-0.0544947
H528H,2.27374e-13
W536A,-1.57956
N591N,0.00346196
S212F,-1.20019
D579L,0.563778
G98E,2.80794
L704Q,0.441824
D90Y,0.187409
D457H,0.1679
L414L,1.09082e-7
G218S,2.18858
R706V,0.561405
L479Y,4.09126
L599W,0.868061
D239L,0.0343943
D707A,0.458776
D386A,0.192591
P105P,-0.167953
M708V,1.04361
Y400T,1.69969
H117V,1.58351
P685Q,2.09442
V369M,-0.611014
D342H,0.0195519
Q378F,0.0136944
S110G,0.0798445
D457D,0.00751739
Q678F,0.218447
Q154H,0.444781
D170D,0.0280156
P341H,1.66569
V233L,-0.408022
H583Q,0.603004
V436E,-1.33349
L135Q,-0.226737
Q366F,1.87122
W533G,-6.18038
N688R,-0.0481933
A391P,5.15512
T389G,-1.261
Q686S,0.227388
Q125S,1.03044
C379G,-4.94267
I552L,-0.402499
D472N,-0.824867
N425R,-0.747071
L422V,4.08286
R440I,6.1877
N564L,2.39243
P220G,0.360753
V347T,1.34425
D457R,0.0122471
G119G,0
V93R,-1.12149
D477N,-1.10459
I398R,-0.669518
Y419L,-0.459156
V271T,0.532269
Y259S,-0.625926
C368R,3.1834
K390T,1.1812
T363G,-14.0627
E179Q,-1.14509
N645N,1.27807e-9
D362L,0.628883
S517L,7.16295
Q448S,-1.02768
T503H,3.68791
G374V,-0.321088
P424C,2.33273
S198K,-0.505633
R416P,4.30438
A234G,-0.0456035
C204C,9.09495e-13
Q686F,-0.823987
L401L,0.0173322
E408Q,1.23551
R132D,1.98426
L432L,2.05091e-10
D72A,0.398925
P309E,1.86027
R458T,1.17138
T670G,-1.76008
D445R,2.20283
C352H,25.5668
P84C,1.37336
H485R,0.303848
V295R,-0.26502
L582Y,-0.288815
G207G,0
D118R,-0.130408
R350Q,1.53107
C325C,9.09495e-13
L570G,-0.389429
N156H,0.277735
M702A,0.57171400000000006
P171G,2.20821
H485H,0.0446247
F383R,-2.44058
D266G,-3.44405
V639D,-0.570839
D227E,0.173128
R124T,0.503919
V653F,0.35336
R471A,0.924932
Q102V,1.86917
V639T,-0.284441
R406D,1.37791
N548K,4.33009
W165L,1.91582
D525N,-0.882444
P309H,3.00718
I687E,0.00796298
E229S,-1.81922
F153N,-1.1685
D579D,0.00719811
H388V,1.86513
P387E,0.415477
L605V,2.57345
F614I,0.477197
D307E,0.456285
T108T,3.9563e-11
D342E,-0.0316331
Q163Q,-0.017601
R574A,-1.20999
S206K,3.58237
R416Q,0.941834
P685P,4.09273e-12
I552V,0.660538
M298Y,0.0187984
V436V,-4.77462e-7
G676D,5.5345
P519P,3.22443e-8
C696H,12.7806
G287V,11.0259
T503L,-1.96335
D535A,-2.64912
D263G,-2.58104
S470G,-0.847617
L634Q,-0.709338
E380E,-2.27374e-12
H583H,-8.56473e-8
Q345Q,-4.93401e-11
L712V,-0.230108
E435S,-0.468349
F241G,-0.325885
E337D,0.0954412
A459A,0
F403M,0.652551
D112D,0.00159614
L319Q,0.338649
H583K,0.767521
L205Q,-0.242498
A627R,4.82038
P526H,4.04421
C255S,0.938593
C392C,4.84306e-11
S142T,1.70551
V189L,-0.230832
G335D,0.650541
D445N,1.0242
P689G,-0.351015
E558E,1.22782e-11
N428N,0.0537855
D551L,-0.671902
R458V,1.03209
D466A,0.351284
D445Y,12.7826
N230R,-0.978151
T274S,0.210728
Y336L,-0.0607154
A199A,0
G636E,0.769353
S212T,0.536829
A612P,10.1294
D175Y,-0.846039
S421R,-2.31862
G246G,0
D293R,-0.629171
P105E,-0.559257
L634L,1.46567e-8
R706D,0.597757
F402N,1.67557
V145A,-0.262577
L339L,-1.13687e-12
D224G,-3.77448
P685S,2.37366
Y336Y,0.00141431
H583V,0.427026
E337V,0.568858
S554L,-0.683767
K390G,0.723648
C711G,-1.3969
N316R,-0.679066
P105R,-1.38455
K376T,1.10952
A631F,1.58145
G675E,9.53748
P105H,-0.333105
R215H,2.58833
E668E,2.95586e-12
I210V,0.542968
V618T,0.399077
V145T,-0.794964
K543L,-3.54975
P196P,-0.00127715
A437A,0
V613I,0.59062
F614F,0.0975038
L479L,0.00114939
G137S,-0.699438
G98G,0
G278E,0.94102
W533H,2.5198
M264R,-1.85835
E418K,0.339938
F694M,-0.495391
P387H,0.920103
C368V,2.97842
D331N,1.14386
H528T,1.85738
G251V,1.75639
L371L,6.82121e-13
L647L,0.00407109
E418V,0.39872
V524G,-0.334521
L371V,1.03143
V639V,2.68861e-4
Q366N,-1.90383
L642L,1.56888e-11
T413L,-2.00697
T497G,0.0425937
S158G,-1.74874
F614M,0.132034
E288E,0.151183
V498F,1.74687
Q191V,1.42775
T670N,-2.09554
S206L,6.36851
R458D,0.669608
L367Y,-0.481807
D651A,-1.43556
H117Y,0.874781
L641L,1.3415e-11
G549G,0
D601R,-0.995028
F614R,-0.151866
A684F,3.63723
C358G,-1.70828
C296R,4.87959
D168H,-1.028
S142K,1.23642
Y442C,-2.1456
G676Y,4.81479
D245R,-0.98185
A394S,-0.399447
C711S,3.1917
C82V,3.81361
V500A,-1.46471
C667F,3.57006
G77Y,1.63721
G98A,2.98939
F614G,1.03191
D342D,-5.91172e-12
W666I,0.914866
C160C,-0.0351674
L611V,0.715656
L634V,1.27475
K225K,0.109019
C325Y,5.8016
D133D,-0.0134209
D260N,-0.353835
D354D,0.0233931
E435W,2.06444
A697T,0.294293
G374Y,-0.0799956
R406T,0.994989
T597K,-0.445356
S306L,-1.18601
V295I,0.906814
E357V,1.43964
A540S,-0.281757
K509K,2.72848e-12
P238L,1.37418
C289R,2.41016
K393T,1.45637
D266R,6.38871
K262L,0.915239
V613V,3.41061e-12
H656E,-0.484759
E380V,0.0235395
R604D,1.45835
E277S,0.428426
P563E,0.908392
F655L,2.78112
L634G,-0.391729
G675V,10.916
C143C,4.54747e-12
S572R,-1.23612
T534H,13.4623
T597N,0.0204835
T491T,3.41612e-6
D320N,-0.254913
S691T,2.63581
I210N,1.03228
L456H,2.39906
N425L,1.90833
F241N,-0.557376
R508A,0.998573
P563S,-1.81818
D193D,-4.54747e-13
N169H,1.40717
V93L,-0.566617
R595Q,0.472427
G186G,0
V550A,-1.48717
T670I,-1.13328
G119R,-1.28233
R471G,-2.01043
T434M,-2.23437
V436R,-0.0377357
D320L,-0.460013
D118Y,0.378616
L346V,1.0351
K518E,-0.289421
N665Y,-0.309852
K693T,-0.978172
M702Y,0.0963296
P526T,1.63694
S499G,-9.10967
R706T,0.544606
V127A,-0.38646200000000003
V506M,-0.975915
K507T,1.34431
A459S,-0.0774737
T274L,0.133583
A480G,0.352128
N594K,1.6737899999999999
F202M,1.21854
P171P,-0.0160658
N594N,0.00276573
E372E,-1.45519e-11
T67G,-1.43889
D651D,0.0346302
A348F,-0.24206
G537G,0
P608L,2.26778
K603R,-0.543906
N272R,-0.520134
D175L,-0.132347
C248F,3.1302
C289D,3.27949
D94A,0.156542
E357S,0.17536
W666L,1.02766
K225T,1.23584
I687R,-1.25305
V369R,-0.65857
I290S,-1.58388
P424P,0.0203299
G192S,4.11248
L495Q,-0.821292
R709G,-1.28111
P196C,1.92673
S470K,-0.603663
E229E,-0.0649239
V578V,9.09495e-11
L568Y,0.992468
R513K,0.194801
D477A,0.240167
R115R,-0.100782
A437P,4.13671
Q102F,0.268526
E381Q,-0.202373
R662D,0.235875
S65T,0.22579
C143V,4.66779
I484V,0.838647
L432P,1.36288
Y553C,0.837494
R662A,0.299192
V481L,2.35589
E408E,0.342666
C352D,7.45343
R595D,0.964627
G335R,-0.238448
T274G,0.720267
G251S,1.67064
M708A,0.703177
D415A,0.16437
L401H,7.48027
G219S,-0.0253363
V395V,5.33664e-5
R124G,0.278366
V556G,0.37226
D386N,-0.372511
V578L,0.744478
D307D,4.3391e-4
D260L,-0.739465
R253V,1.8305
E288S,-0.543063
N156S,-0.595593
D535L,1.29568
F619C,3.2208
I249T,-1.36784
K504G,-1.65971
T659T,1.08603e-4
I488L,-1.95547
G382E,3.2794
V639R,-0.62842
G537E,0.612247
D293N,-0.514531
D90D,-0.0187351
Q92N,-0.156045
P685R,2.29609
D293D,-0.0141136
R574P,-1.12487
N674H,1.54686
N428T,2.21786
Q561Q,3.82672e-7
G192E,4.102
Y259Y,0.00343927
K596K,6.278e-7
K294T,2.74455
S157T,0.646556
D256E,0.305029
I310E,-0.699672
R124V,0.592424
N272L,1.84874
H250V,1.70472
L385Y,0.464907
Q561N,0.926351
S673L,0.0509579
K507L,0.201852
A606D,2.86212
C667S,2.67552
S397P,2.46408
P341G,0.933392
W620S,-0.759352
P387G,0.275639
K693K,0.27091
E418S,0.471506
V271V,-0.0234123
C222C,-9.24051e-8
D72D,-0.00213844
N370H,8.59155
M298V,0.0932223
P279E,0.369749
S110K,-0.258831
V556T,0.598702
V481G,0.00837806
K596L,-1.19142
H327K,-0.77493
C368Y,5.93404
S580F,47.2886
C134C,-0.00972209
E381S,0.254961
D260A,-0.231084
P361P,-2.27374e-13
T159G,-0.201425
C296T,7.25417
L712Q,-1.08797
V523G,1.55045
C143D,3.33244
D227N,-1.32131
D415G,-0.227716
A612S,1.43594
D482G,0.272415
L371Y,0.0738572
C711C,0.124137
L570V,1.12523
I552T,0.855949
Q254H,4.85472
S142G,0.377847
Q366S,-0.611067
L456P,4.15651
V506R,-2.18827
R508V,0.697699
T671T,-2.64663e-9
F403G,-3.29478
P181C,1.07503
D535Y,11.7746
S673K,0.0389679
T404K,4.32732
K603L,0.0749112
D472D,-2.27374e-12
H407Y,-0.1411
T597L,-0.157982
C270R,1.3435
T503T,1.90994e-11
N594H,0.641871
N230Y,0.463289
D477E,0.0661353
R303T,0.4269
A627F,16.6533
R709V,2.65906
R183A,0.360775
C452H,6.23165
P424G,2.39678
A480F,23.0469
K393G,1.20986
N230N,-0.00121003
M652T,0.37791400000000003
W443G,6.87112
T557K,0.120838
D638L,0.199691
A627D,5.89737
A612G,1.00028
S265T,0.838878
C68V,-0.12715
R350R,-8.11724e-11
S447K,-0.848852
D551D,-6.82121e-13
G119E,0.292549
Q191P,0.599997
A697A,0
C296V,3.87525
M652V,1.49726
V295V,-0.172551
K504L,0.737094
E179V,-0.119923
K69L,0.33813
G516G,0
K543K,1.64619e-10
P476P,0.00341627
A684G,-2.72757
P683C,0.889589
D707L,-0.0681715
E615Q,-0.698326
A437V,2.0891
T291L,0.661424
C143F,2.52994
T567A,0.39018
P279G,0.73734
N439N,2.29293e-7
G192V,5.31423
A540F,4.72444
H690E,1.60004
Q111F,-0.127705
G636V,1.78253
W305A,0.59721900000000006
C68F,-0.292245
A697G,0.57878
D502N,-1.48154
R350D,2.41067
S130L,0.607538
A391A,0
G269E,1.25099
D472L,1.23409
F403L,0.404537
G701V,2.77339
H327T,0.131276
Q102Q,-8.34461e-11
Q254N,0.335569
I598N,-0.15976
A521R,7.36165
V578T,-2.39021
F73M,-0.048724
I598I,4.12206e-9
S572G,-0.885132
C109T,1.04426
P150H,0.664407
A141G,-1.78398
S265G,-0.508164
I310F,-0.877555
I423L,-0.270028
R669A,0.690221
P689C,-0.191592
G77E,1.50375
G207E,5.17009
I566T,-0.274299
E418E,2.27374e-12
F383M,-1.28479
L205G,-1.01941
R185W,0.313782
T695K,-1.42438
S70G,-0.294806
A348T,0.17762
A437F,-0.6201
N439K,-0.45544
S365T,1.28176
N272N,-0.0047104
C696C,0.0540739
G549S,0.435002
I423T,2.43141
I310L,-0.43456
L555L,0.0562391
G537V,1.51339
Y419D,0.367558
L646V,-0.792476
D263R,0.312358
W87H,1.24629
N247N,-0.0108891
T404P,0.478148
G269G,0
A141F,-0.0484481
Y375Y,0.0312219
C184D,4.68666
M264A,0.598519
S326P,5.59472
E201A,-3.21193
Y679E,1.38086
G537S,-0.129228
D415R,-0.0240608
Q191N,0.120704
K541R,-0.159698
D342L,0.35285
C377H,0.282241
C104C,-0.00182994
G496V,26.8896
A501T,-1.06079
G251Y,1.26088
N625N,0.00187808
S206G,-6.97539
C255H,2.41399
K541G,-1.72915
C296Y,3.9622
T635H,-0.567067
A234A,-2.95586e-12
D168D,-0.0708568
K509L,-0.37179
C82H,5.46632
Q345F,-0.10533
V189R,-0.782803
G287E,7.12848
E650V,-1.78318
W305C,0.560156
L339G,-1.67816
H583E,1.14439
V664T,-0.0595416
E435V,-1.4502
L495Y,-1.47353
L385Q,0.706754
V145G,-0.351095
C325S,3.23524
T363I,4.03361
I484T,1.36852
G186S,4.11705
A166A,9.09495e-13
A501F,2.17596
E668D,-0.550808
M298T,-0.441775
K393K,4.54747e-12
S710L,0.895361
C379C,0.237406
S584L,-0.652489
S421L,-0.37659
V639L,-2.02447
G592R,-0.812798
L426Q,1.31854
F609G,-4.93986
M652I,1.38462
E600D,0.238776
E308Q,-1.67554
V66T,0.135432
L703L,3.18323e-12
T235K,-0.322833
C296C,-0.148894
Y259L,-0.921114
A199G,-0.23772
G149S,0.855722
K509R,-0.52822
S194K,-0.356397
N439R,-0.671123
V527V,0.00106535
C204F,1.28335
S421K,-0.309839
V93V,3.36939e-4
G496Y,23.2636
F344R,0.184001
L371G,-1.20697
R574L,0.178563
T235L,-0.0691944
K69R,-0.984392
M264V,0.88029
C313R,5.02678
S110T,-0.18607
G335S,0.327686
N688L,0.221834
H690V,2.29317
T454K,1.92845
A521F,18.1896
G373G,0
K393N,0.0705087
G98V,3.98436
T315L,0.524074
G77V,3.10715
I552I,0.0170297
R115V,1.20093
G324E,0.5675
R183H,0.220515
A705S,0.923133
R406Q,-0.493801
D90E,0.227579
I522I,2.02378e-8
P699H,5.68709
G505D,1.09046
T159T,-5.91172e-12
V664L,-0.270975
G207D,4.12353
P526S,3.33905
V347V,-8.59338e-8
D175N,-0.295405
D551A,0.135438
F694G,-1.78261
R604T,1.95751
T503N,-1.08499
E357G,-1.76422
M708I,0.776898
H388K,-0.504266
T389R,-0.811964
R257T,1.10814
C352T,7.77959
C289C,0.00234695
T503G,-4.46275
D362A,-0.0519838
V523V,0.0136486
T434H,2.2525
I249L,-1.51662
K107G,0.408945
R303V,0.544237
G343S,3.52256
P171E,2.75276
L422L,2.28431e-5
K504R,0.0555564
S630G,1.3958
D601A,-0.11247
V481T,0.479587
T389M,0.187806
T635I,-0.630308
S74G,-2.01491
C377S,0.478441
P220P,0.00109303
D260D,-0.0175994
K376L,0.456951
N625T,0.0343605
E288K,0.54454
K518R,-0.340463
E558S,1.10493
E600E,0.00527309
P685G,2.04803
T597G,-0.224265
N594S,0.527146
P608G,-3.11637
V653T,-0.575784
E228G,-8.54331
E558W,0.974986
V653R,-1.09864
C677C,0.0197869
R633V,0.525403
D133L,-0.515034
A480T,0.228386
P150E,0.209169
L371Q,-0.119549
D525V,-1.93096
D178Y,5.06182
E228V,-1.69761
Y400Y,7.04858e-12
G119S,0.213112
C75Y,14.6624
G592E,-0.68458
K581N,-1.77223
P361C,1.57814
C270T,3.06388
W533A,-2.60693
F202F,-0.0127461
L680V,4.13313
D100D,1.83986
P692C,0.863081
N316T,3.30806
F609L,0.140845
C698C,-6.48743e-9
G382V,4.32396
E201E,-0.03198
G176G,0
K223K,-0.0133299
S517P,10.1476
I687F,-0.990255
L319S,0.0993206
E113S,1.66072
D193N,-0.00171813
C109F,1.41498
Y419Y,1.10322e-9
A521A,0
A299F,1.34508
Q345S,0.0430568
I334I,-0.0188197
H583R,-0.615425
S70L,0.036198
T434A,-1.50292
S673T,0.880711
C75V,2.27004
F609N,0.467566
A234R,-0.368674
Y465E,0.455539
F73F,-0.0188909
G323G,0
N230L,0.831188
D256R,-0.766368
T567G,-0.95223
L547Q,0.832579
K693G,-1.38178
L582P,3.15472
V369T,-0.0120755
R406A,0.779487
F190F,-0.00658231
R471K,0.638013
D700N,2.12057
D502L,-2.21636
S630L,-0.0717405
A627A,0
L385L,0.0566203
Q242V,-0.92353
T413K,-1.61906
E317E,-0.00380044
L570Y,-1.21519
S464G,-0.93394
L654F,2.52944
C248V,3.68941
P279R,0.359561
C276T,1.03422
P608C,0.991136
G373Y,3.05961
Y679Y,-5.95974e-8
C325F,3.37962
R350T,1.74853
D616N,-1.12386
D457N,-0.038245
Q366V,3.27093
G374S,-0.279492
S198L,-1.44792
N428K,-1.05254
S572L,-0.211212
F153V,2.71811
E381V,3.08816
I290L,-0.823441
T695A,-0.976955
K393E,0.504987
P196T,2.21157
S630T,0.0613484
Q686N,-0.703284
A643F,18.6247
D386E,0.0223036
R185R,-0.00686513
C236D,3.32789
C667T,3.41716
E357K,-1.09764
S397G,1.74544
D482H,5.59143
Q345N,0.610143
D472Y,0.264695
V639G,0.163668
K262K,-0.0113757
D90A,-0.0753734
C270C,-0.0416907
R88G,1.00802
N230I,2.46166
R662K,0.249021
N230S,0.545734
Q163F,0.0567074
V524M,2.62697
D217A,-0.365306
W620I,5.33176
H607H,-2.27374e-13
S212K,-1.19955
L682L,-3.5317e-8
D72L,0.0959889
H327Q,-0.516682
N316H,2.64312
K581R,-0.678916
A540G,-4.27948
H528D,0.774727
K507G,-1.46677
R185A,0.16043
N425H,0.538405
L367Q,-0.155805
I552E,-0.0335086
C68H,0.687017
T389A,-0.0903033
G335G,0
L599Y,1.25107
A697P,0.422346
D482R,4.67916
G701S,1.29443
L339Q,-0.60382
G461S,-0.111274
Y576T,0.503735
F402F,0.0851093
R351V,3.84832
A234T,0.153577
H211H,-0.110983
P563P,-0.0999276
R508W,0.192013
E308K,-1.36214
P220E,1.43875
L385R,0.595905
M708T,1.01067
E615V,-2.29737
S152L,6.86603
K507E,1.73271
W443I,3.18725
S610L,23.8392
Q254S,-0.387484
L570L,4.54747e-12
G593D,0.440186
I566L,-1.8661
H460H,0.00630999
G149E,-0.00770867
T434G,-1.16158
N632N,1.59162e-12
C329Y,4.15278
R124P,-0.0656245
S74L,3.2685
K223G,-0.39991
I398E,-1.09889
D342Y,0.218376
P387C,0.902837
D477L,0.783993
A299G,-1.85801
G593S,0.379867
S470C,-0.617351
E380Q,0.081187
R669D,0.591063
R351A,-0.919229
D266N,-3.05681
S463L,0.0268929
R237V,0.327752
M298A,-1.3402
H690T,1.71496
L654V,0.511886
K393Q,0.526712
P649G,-0.222048
I623I,7.46163e-4
R633H,0.606828
D466N,-0.0353311
P539E,-0.329427
S421G,-0.0501415
Q154Q,-1.24455e-6
L672V,-0.626237
T159H,1.36506
V430G,-2.0536
S194G,-0.118803
D263N,-0.43527
H528E,1.1076
D638R,-0.59685
C698T,6.58209
V328G,-0.227592
F629M,1.7205
K262G,0.430445
L582L,0.0144275
L319V,0.613019
N97S,0.206545
A459T,0.0159216
E372W,-0.679644
V436G,-0.369542
L332L,-0.0117632
S470T,0.561173
L275Q,-0.0802486
E228A,-6.88123
Q102S,0.0718633
K294G,-0.501646
N316N,-2.02363e-11
G505E,1.68562
E308V,0.913362
L346G,-3.41901
A141A,2.72848e-12
G593Y,-0.227605
E101E,0.968766
G382S,3.14989
K223L,0.264437
V271I,0.0930729
T389K,1.41728
Q378Q,3.41061e-12
I473L,-0.590273
W443H,3.61808
S464L,2.05377
D579R,-0.784098
P608E,5.97664
P84R,0.826561
T695L,-1.76652
V369G,0.0257168
A437T,1.37412
W666A,0.880834
W180H,0.0846053
D72R,0.277044
A501V,-0.980796
C95C,-4.11103e-8
R440V,4.60039
Q678S,-0.10284
T67I,0.801854
P699E,2.56539
T413T,0.0353912
M264Y,-0.693589
N370R,8.03423
F403R,4.9888
A399V,-0.566378
S417L,0.495753
P689E,-0.877716
D320R,-0.777583
L456F,-0.293059
S326T,7.20899
Q191F,-0.20225
L422F,-0.835676
C352R,7.72427
C379R,5.90644
A480V,2.73107
C255D,3.32797
H407Q,-2.8656
N688N,8.67165e-4
G251D,1.5005
D445D,-1.49403e-6
L187V,0.808412
E668V,0.809872
E258Q,-0.588594
L658G,-1.70427
G76E,4.58827
C197F,3.048
V527R,-1.31937
Q359Q,4.76648e-8
Q378S,-0.580353
N640Y,0.625459
W87I,0.475635
D118A,0.233323
N632H,-0.484627
P279S,0.891828
W533I,0.996699
N247K,-0.38018
R124W,0.523206
V506T,0.363132
A705G,-0.903542
N80K,-0.646582
F512F,1.81899e-12
L456V,1.98035
Q448K,-0.404924
A705R,-0.312929
W305I,-0.0682504
A627T,1.31457
G119Y,0.471647
T467K,-0.890426
L641Q,1.3106
R237D,0.0452061
K225L,1.21557
H203K,-0.55181
Q125F,-0.502708
L135Y,-0.0771123
R416G,2.6638
A606G,-3.53719
L426V,2.0887
R410V,0.470352
N688S,0.76275
I473I,-9.08813e-10
A480P,0.801841
S499K,15.9
V66V,2.67197e-5
E277E,-0.0930142
P476L,1.448
V494G,0.180681
Y259E,-0.202111
S572T,0.164626
E380S,1.12538
L187Y,1.35776
A480A,0
A501A,-2.27374e-13
P539G,-1.31739
E381E,0.0240503
N322H,0.514194
R215R,-0.00556258
Y442T,-1.03273
G636G,0
R633R,2.25544e-6
E381W,1.87613
V527A,-0.0647386
Q92Q,0.0342614
S65G,-0.32879
S198T,0.30813
W87R,-0.0330184
E644D,0.158023
H117T,1.67538
A612A,0
R410G,0.297825
K225G,-1.02714
C681C,6.59384e-12
L205L,-0.00101427
N632S,0.247765
R237H,0.266833
W87A,1.21171
C379H,15.7526
H203R,-0.728688
E615E,0.124906
V436L,-0.663483
G269Y,0.918452
V468G,0.0244739
G373V,4.81293
T404I,-1.7974
G516S,-0.708
L704V,0.901836
K390L,1.56
L712Y,-0.387811
C248G,2.07563
F402S,0.992186
D707R,0.213288
M708R,0.269249
S421T,0.76553
R709D,1.90619
N425S,0.544816
L346L,0.00373733
P238S,1.23711
P661C,0.749827
D477R,-1.61589
R574C,-0.273876
G545Y,17.9678
E140E,-1.79959e-7
R237R,-0.0645811
T454A,1.6272200000000001
P661A,0.74161
G593G,0
D342R,-0.399006
S252G,-0.330052
D245N,-0.0775782
P150P,0.00353492
Q660Q,0.112974
D239N,-0.529364
I423I,0.147714
E418W,0.148411
G593V,0.823374
C667C,0.0636119
Y489Y,-4.34284e-11
G335E,1.26063
G218E,3.34308
G176S,4.25545
L647G,-0.278954
I624I,0.0155881
R88A,0.313162
L582F,-0.238778
K69T,0.395383
R416V,1.3803
H407H,0.788897
Q254Q,-0.071314
E240W,-0.28467
E179G,-2.35375
A684T,5.70078
D415N,0.0446437
V556L,-0.897403
R350A,0.208577
L292V,1.38538
P692R,0.289059
N247S,0.746011
E600S,-0.367257
Q455Q,4.6746e-8
L555V,1.67413
G219E,1.0242
S584T,1.07178
K543G,-4.43277
G269S,1.91536
R237T,0.253585
G76R,4.67115
R215C,2.01955
L611Q,1.15986
P424H,2.65007
C75T,1.64378
I423M,-0.644891
R416A,1.3313
P238G,0.605281
S195T,1.83245
V498V,-0.305201
L414V,1.45929
V268I,0.170925
Y576S,1.39245
P692H,1.57225
D256D,-0.00710395
Y419H,0.528798
R574R,2.25008e-6
T67T,-7.32438e-6
T538A,-0.0914485
S580G,-5.2435600000000004
D301D,-0.0253467
D118N,-0.169565
T538G,0.295857
W305H,-0.109433
S499L,4.99026
C236V,3.42748
I687T,-0.195505
L547G,-3.9413
T363L,-0.403593
E357E,-3.86535e-12
I473E,0.663677
K107R,-0.165941
D175A,-0.196367
D466R,1.40635
L704L,-5.68821e-9
L422Y,1.61238
M702R,0.284406
R257A,0.403887
H203V,-0.630068
A684A,0
K543R,4.83724
L647Y,0.0661713
K223R,-0.440507
T534N,1.33285
V436T,-0.0887669
S572N,-0.461215
S157K,-0.463247
R237A,0.329
A437D,-0.432891
V328I,0.852754
N439S,0.601377
A697F,-0.484309
G218G,0
G71E,1.31109
G98Y,2.42404
F126F,0.0186269
N297N,-0.00256057
S286K,-0.756977
R633L,-3.06921
V550L,-1.35461
N156N,-5.77017e-5
E602E,-1.01181e-10
E650Q,-0.512788
D415D,1.81899e-12
T363H,11.7962
G71Y,3.19447
D638D,2.95218e-6
R185V,0.479702
E240Q,-1.33929
K262R,-0.300785
C358D,0.106093
R709A,0.107435
E258K,-0.634055
P238A,1.1824
F190G,-3.01086
Q191Q,0.0700688
E113E,-0.00629193
N247R,0.659414
G103Y,4.72447
N564N,1.98725e-10
V556V,-1.00704e-9
K390R,-0.299317
V328R,-0.647738
S397F,-0.832207
T315T,-3.43334e-11
V66G,0.0470372
Q125V,-0.248543
K262T,0.707455
K541T,0.938209
A480R,4.11576
R88T,2.61841
Q678R,-0.550874
T695P,4.7476
R406G,0.323289
T235T,6.53425e-5
I469I,0.00145153
D293A,0.0233568
F241S,-0.46996
V523T,0.368277
F202S,1.70908
W483R,-1.17336
D551N,-0.302027
P692G,1.71616
K294R,0.579513
L446M,0.210719
V664M,-0.274778
Q191S,0.544585
N640H,0.327024
H460K,-0.154975
L605Y,2.4658
S326L,17.8489
T635P,-2.49363
C236S,3.02078
N330L,0.344662
S637T,0.492737
R124A,0.496667
T413H,-0.139083
C184T,1.83661
R88S,2.46647
A606A,0
A299R,0.301905
T510G,0.41559
P361E,1.14591
S499T,2.17525
L205V,0.868686
L658Q,0.529548
P144P,0.00644817
R406V,1.35535
L446Y,-0.13902
S447P,3.66869
F402R,2.26055
Q111N,1.69589
D266L,4.02377
S470L,-0.263522
F629F,0.134888
F609R,-0.0846952
C276S,1.65944
V347R,-1.62816
R508D,1.32282
P608A,0.35092
S74K,5.37658
H656H,-0.0425548
H203E,-0.742126
V506A,-2.16863
T538S,0.0495414
K518T,4.58441
C325R,6.49456
G176Y,2.49274
E229V,-0.760591
T567T,0.0169784
L712L,-1.65983e-11
G103G,0
G382R,2.66035
T467L,-0.527319
D638A,0.174995
R633T,1.225
G545S,11.0283
N439Y,-0.142158
T413R,-1.51129
L571L,3.38787e-11
L456L,2.40425e-9
R115A,0.449865
N674R,1.29646
S365K,1.29812
C329F,3.28347
I624E,0.343023
A399G,0.938734
I473N,0.487192
G382Y,2.8986
P361S,1.01098
D193A,0.193708
L571G,0.785617
N280I,3.06271
Y259K,-1.27303
W305S,-0.127825
S673R,0.0500017
E229Q,-0.871528
G373A,3.02475
E372S,-1.1501
V468D,1.36664
I210T,1.40489
A199R,-0.561557
C329H,2.61103
R303W,0.101196
G71S,0.0799138
Y465Y,0.0378553
E600Q,0.0153597
D362N,-0.17554
K393L,-0.0254268
T635K,-0.985107
S198W,1.32375
R253W,0.848267
K581L,-2.4311
K223T,2.07166
V395L,-0.781072
T597H,0.353506
E602S,0.803177
R124D,-0.42312
L680L,1.63709e-11
A151F,1.67304
K223E,0.806285
S213L,-0.398067
K223N,-0.0755348
G219D,1.17506
