Control,Stop,Synonymous,Missense
-2.58626,-6.28595,-2.92771,-5.97012
-2.27934,-5.71356,-2.74232,-5.83798
-1.83818,-5.28649,-2.48794,-5.61268
-1.80711,-5.02028,-1.97927,-5.57486
-1.69761,-4.99818,-1.88846,-5.38348
-1.63028,-4.98185,-1.85583,-5.16872
-1.53769,-4.94099,-1.83793,-5.0482
-1.28904,-4.91396,-1.72183,-5.04677
-1.18696,-4.73897,-1.7141,-5.04559
-1.17136,-4.67925,-1.5902,-4.94964
-1.16894,-4.60209,-1.57434,-4.93341
-1.1377,-4.45537,-1.56108,-4.91709
-1.00992,-4.42607,-1.53381,-4.8956
-0.98923,-4.41106,-1.47452,-4.82153
-0.85191,-4.40844,-1.46218,-4.78904
-0.82908,-4.35834,-1.44672,-4.71609
-0.81588,-4.35338,-1.42608,-4.66149
-0.71035,-4.30438,-1.37924,-4.65304
-0.69961,-4.28745,-1.31265,-4.6503
-0.68946,-4.28326,-1.21297,-4.63574
-0.66767,-4.27709,-1.20591,-4.53352
-0.64786,-4.27184,-1.19987,-4.5116
-0.63365,-4.18543,-1.1981,-4.48557
-0.61749,-4.1584,-1.16927,-4.47384
-0.5982,-4.09207,-1.16662,-4.36094
-0.59472,-4.07312,-1.13953,-4.33658
-0.5938,-4.05565,-1.12726,-4.31992
-0.57517,-4.03215,-1.12488,-4.28408
-0.53375,-3.97301,-1.11435,-4.22066
-0.49828,-3.91139,-1.10686,-4.19383
-0.4951,-3.89326,-1.08365,-4.16706
-0.4699,-3.88394,-1.02725,-4.12157
-0.4061,-3.87807,-1.00092,-4.08139
-0.37871,-3.84912,-0.99053,-4.06174
-0.35107,-3.84903,-0.98121,-4.0595
-0.30928,-3.81199,-0.96831,-4.03762
-0.28955,-3.78709,-0.92362,-4.02942
-0.26938,-3.76003,-0.91839,-4.00276
-0.24353,-3.73974,-0.90693,-3.95441
-0.21139,-3.6792,-0.89774,-3.93379
-0.20254,-3.66475,-0.89057,-3.92152
-0.20162,-3.5938,-0.86286,-3.91352
-0.1658,-3.57604,-0.86078,-3.87009
-0.123,-3.56598,-0.84218,-3.84601
-0.07765,-3.53639,-0.82477,-3.83322
-0.07587,-3.52806,-0.81252,-3.8203
-0.05171,-3.50965,-0.79437,-3.80743
-0.03864,-3.50285,-0.7847,-3.76015
-0.03787,-3.46184,-0.77735,-3.76009
-0.03066,-3.44888,-0.77719,-3.71658
-0.01987,-3.43641,-0.77187,-3.70221
0.031974,-3.42879,-0.74561,-3.66805
0.037922,-3.41525,-0.73671,-3.65973
0.105265,-3.40766,-0.71526,-3.63571
0.109927,-3.40182,-0.70522,-3.62346
0.133824,-3.39007,-0.68882,-3.60758
0.13465,-3.37501,-0.68229,-3.5822
0.171914,-3.3741,-0.66726,-3.57431
0.183008,-3.34621,-0.64987,-3.5679
0.183487,-3.33967,-0.62846,-3.56611
0.195536,-3.32867,-0.62573,-3.56478
0.195861,-3.30562,-0.621,-3.55298
0.209324,-3.24836,-0.60645,-3.55189
0.217751,-3.2421,-0.59665,-3.53525
0.226309,-3.2153,-0.56779,-3.52317
0.253797,-3.20536,-0.56244,-3.52163
0.273845,-3.19613,-0.54719,-3.5119
0.279807,-3.17949,-0.53956,-3.50696
0.284107,-3.16705,-0.53534,-3.50611
0.301134,-3.16613,-0.52567,-3.49356
0.309861,-3.14391,-0.51454,-3.45093
0.319025,-3.13628,-0.51008,-3.42106
0.321018,-3.09508,-0.49681,-3.41489
0.327594,-3.08834,-0.48828,-3.40961
0.334549,-3.08331,-0.46399,-3.39108
0.375268,-3.07093,-0.45634,-3.38954
0.380661,-3.05212,-0.44621,-3.36496
0.411928,-3.04453,-0.41562,-3.36378
0.412414,-3.01505,-0.4081,-3.35567
0.422091,-2.98923,-0.40479,-3.34758
0.433482,-2.9801,-0.3743,-3.3358
0.437665,-2.93736,-0.35682,-3.33122
0.489756,-2.93666,-0.3494,-3.32114
0.50407,-2.93258,-0.34791,-3.30009
0.509123,-2.92573,-0.34641,-3.29979
0.585588,-2.92225,-0.34539,-3.28589
0.595695,-2.90762,-0.34035,-3.27378
0.636233,-2.90203,-0.33652,-3.25846
0.644011,-2.90087,-0.33194,-3.25278
0.65358,-2.84073,-0.33068,-3.2282
0.676419,-2.81304,-0.32396,-3.21774
0.683893,-2.80456,-0.31292,-3.18965
0.690338,-2.7805,-0.30546,-3.17749
0.700138,-2.77085,-0.30376,-3.17709
0.710943,-2.76465,-0.29988,-3.17692
0.745721,-2.75448,-0.2969,-3.17191
0.780288,-2.74731,-0.2936,-3.16633
0.788378,-2.74247,-0.29233,-3.15796
0.825388,-2.6955,-0.29146,-3.15358
0.921307,-2.688,-0.2751,-3.14812
0.932719,-2.68687,-0.27114,-3.14734
0.951322,-2.68197,-0.26356,-3.10088
0.95189,-2.67376,-0.26323,-3.09638
0.974976,-2.67313,-0.26275,-3.07685
1.011079,-2.66267,-0.24892,-3.0716
1.012653,-2.66254,-0.23216,-3.06845
1.016033,-2.6409,-0.21905,-3.06143
1.066173,-2.62875,-0.206,-3.06119
1.071589,-2.62205,-0.20422,-3.04245
1.085211,-2.61836,-0.1949,-3.04159
1.091392,-2.61498,-0.18135,-3.02559
1.098151,-2.59705,-0.17654,-3.0205
1.106371,-2.58927,-0.17124,-2.99343
1.107224,-2.57944,-0.14764,-2.98618
1.115597,-2.57896,-0.1399,-2.98254
1.135897,-2.57588,-0.13843,-2.9824
1.153201,-2.57422,-0.13706,-2.98177
1.195724,-2.57182,-0.1364,-2.97784
1.2277,-2.57023,-0.13592,-2.97691
1.263907,-2.56559,-0.12199,-2.97443
1.27936,-2.5646,-0.11169,-2.9586
1.296148,-2.56158,-0.10552,-2.94924
1.322566,-2.55838,-0.10007,-2.94279
1.339614,-2.54635,-0.0824,-2.93539
1.357168,-2.53451,-0.08096,-2.93263
1.366043,-2.51179,-0.07858,-2.92932
1.37226,-2.50891,-0.07668,-2.92514
1.388087,-2.50332,-0.07615,-2.91885
1.413108,-2.48858,-0.0732,-2.90718
1.420027,-2.48553,-0.0658,-2.89693
1.433303,-2.46892,-0.05746,-2.88561
1.44505,-2.46375,-0.0226,-2.87892
1.44569,-2.43658,-0.01539,-2.87129
1.448794,-2.41703,-0.01353,-2.86819
1.473508,-2.39257,-0.00076,-2.85215
1.514822,-2.38567,0.009195,-2.8321
1.516939,-2.37491,0.018195,-2.82869
1.533556,-2.36515,0.018815,-2.82605
1.595762,-2.36143,0.027524,-2.82096
1.599869,-2.35491,0.028987,-2.82059
1.609032,-2.35058,0.030227,-2.81884
1.612812,-2.34053,0.036064,-2.81725
1.61842,-2.33424,0.060257,-2.81398
1.647044,-2.33138,0.072649,-2.80763
1.648536,-2.3251,0.073921,-2.80185
1.660522,-2.32389,0.077019,-2.79405
1.67735,-2.30085,0.083241,-2.79242
1.693607,-2.29687,0.086361,-2.78821
1.695566,-2.28279,0.087183,-2.78635
1.756217,-2.28179,0.090278,-2.78532
1.780493,-2.27307,0.096461,-2.7831
1.800805,-2.26839,0.099758,-2.7825
1.821008,-2.2626,0.10505,-2.77764
1.838817,-2.26219,0.116039,-2.77258
1.878524,-2.24632,0.124403,-2.76846
2.011933,-2.23941,0.127653,-2.75633
2.036702,-2.22553,0.130809,-2.72486
2.129,-2.19857,0.134593,-2.71664
2.150407,-2.1977,0.140657,-2.715
2.231888,-2.19629,0.147642,-2.7056
2.234697,-2.19356,0.152787,-2.70539
2.250821,-2.17805,0.164875,-2.70482
2.313403,-2.17222,0.175717,-2.70021
2.342826,-2.17053,0.184273,-2.69479
2.368881,-2.1694,0.190003,-2.6743
2.404499,-2.15938,0.190989,-2.6592
2.419162,-2.13289,0.194692,-2.65543
2.441845,-2.11698,0.196615,-2.64576
2.495828,-2.10283,0.200329,-2.6185
2.516865,-2.07072,0.205731,-2.59789
2.683076,-2.06931,0.220874,-2.59458
2.70118,-2.02394,0.225325,-2.59105
2.711177,-2.01867,0.233318,-2.59086
2.711647,-2.01337,0.249354,-2.58939
2.74468,-2.00283,0.257109,-2.58126
2.75452,-1.97837,0.261743,-2.5693
2.835466,-1.975,0.2654,-2.56414
3.011969,-1.97358,0.268075,-2.56286
3.132618,-1.97284,0.27158,-2.56283
3.290115,-1.96577,0.272872,-2.55472
,-1.95924,0.274518,-2.55302
,-1.9504,0.274781,-2.55255
,-1.94937,0.275092,-2.55115
,-1.94653,0.276093,-2.52898
,-1.94418,0.281819,-2.52466
,-1.92307,0.283032,-2.51762
,-1.92255,0.283888,-2.49167
,-1.912,0.287103,-2.48414
,-1.88767,0.289193,-2.48152
,-1.8834,0.295632,-2.48106
,-1.87386,0.31183,-2.47554
,-1.87222,0.312314,-2.4717
,-1.86939,0.316666,-2.46826
,-1.86594,0.31799,-2.45837
,-1.82047,0.321199,-2.45334
,-1.81479,0.330566,-2.45152
,-1.80086,0.331539,-2.42153
,-1.79273,0.33206,-2.41174
,-1.79236,0.349595,-2.40867
,-1.78149,0.351945,-2.39399
,-1.7747,0.356223,-2.39343
,-1.76999,0.359474,-2.3808
,-1.74529,0.365908,-2.37382
,-1.74503,0.367937,-2.34818
,-1.743,0.374051,-2.34817
,-1.74027,0.375694,-2.34533
,-1.72574,0.376589,-2.34363
,-1.71208,0.376671,-2.33976
,-1.70548,0.380427,-2.33813
,-1.70441,0.390563,-2.33267
,-1.68347,0.397315,-2.30673
,-1.68073,0.397518,-2.30455
,-1.65064,0.405362,-2.29795
,-1.64347,0.41498,-2.28923
,-1.63848,0.417582,-2.28167
,-1.63609,0.425748,-2.28028
,-1.63327,0.426752,-2.27836
,-1.61914,0.426946,-2.26872
,-1.61422,0.427025,-2.26798
,-1.59692,0.432715,-2.26792
,-1.59288,0.43458,-2.26676
,-1.5724,0.437714,-2.26511
,-1.56769,0.444719,-2.26504
,-1.5609,0.447009,-2.25728
,-1.55173,0.451677,-2.25616
,-1.51437,0.480531,-2.25614
,-1.50351,0.487284,-2.24905
,-1.48213,0.490487,-2.24865
,-1.4584,0.492559,-2.24839
,-1.44195,0.495541,-2.24734
,-1.43954,0.497493,-2.23908
,-1.43922,0.512064,-2.23904
,-1.41526,0.513586,-2.23887
,-1.40718,0.516337,-2.22241
,-1.40629,0.524797,-2.21556
,-1.3768,0.525981,-2.2152
,-1.37567,0.530005,-2.21447
,-1.36871,0.532164,-2.214
,-1.36051,0.543845,-2.20224
,-1.33554,0.544598,-2.19572
,-1.3353,0.555182,-2.19425
,-1.31739,0.555232,-2.18796
,-1.31525,0.558391,-2.17831
,-1.30478,0.564015,-2.17309
,-1.2973,0.567568,-2.16942
,-1.27971,0.568979,-2.16035
,-1.27674,0.570721,-2.15659
,-1.27332,0.582845,-2.15445
,-1.24743,0.597036,-2.14215
,-1.24164,0.606835,-2.14081
,-1.22722,0.609248,-2.13799
,-1.22408,0.613538,-2.13547
,-1.2227,0.616579,-2.13349
,-1.2044,0.628574,-2.13088
,-1.18377,0.630018,-2.1307
,-1.17173,0.636957,-2.12891
,-1.16448,0.63974,-2.12196
,-1.16091,0.641151,-2.11891
,-1.13952,0.651227,-2.10751
,-1.11369,0.663261,-2.09894
,-1.11034,0.670289,-2.09709
,-1.09785,0.69519,-2.09582
,-1.09534,0.703295,-2.09089
,-1.09283,0.710567,-2.08579
,-1.09189,0.714859,-2.08029
,-1.08674,0.71644,-2.07872
,-1.06992,0.717797,-2.07418
,-1.0659,0.728737,-2.07184
,-1.05855,0.730038,-2.06064
,-1.05608,0.731216,-2.05465
,-1.05123,0.736487,-2.05378
,-1.03753,0.74453,-2.03601
,-1.03664,0.758557,-2.03428
,-1.01258,0.759685,-2.03217
,-1.01144,0.767475,-2.02337
,-1.00991,0.768731,-2.02088
,-1.00885,0.77068,-2.00704
,-0.98779,0.774385,-2.00545
,-0.98532,0.775772,-1.99441
,-0.9839,0.776341,-1.98118
,-0.97858,0.782471,-1.97999
,-0.97132,0.782711,-1.97959
,-0.96401,0.782867,-1.97819
,-0.95606,0.791067,-1.97766
,-0.9557,0.797851,-1.97699
,-0.94183,0.801346,-1.96206
,-0.94144,0.803778,-1.96166
,-0.93813,0.805304,-1.95244
,-0.93519,0.810559,-1.95102
,-0.92765,0.814904,-1.9473
,-0.92222,0.816828,-1.94339
,-0.91692,0.820673,-1.94276
,-0.9149,0.824935,-1.9386
,-0.91027,0.837879,-1.9364
,-0.90865,0.839768,-1.93582
,-0.90049,0.839993,-1.93213
,-0.89512,0.842561,-1.92669
,-0.88058,0.842659,-1.92667
,-0.87983,0.845358,-1.91663
,-0.87885,0.856307,-1.9165
,-0.87809,0.85662,-1.91364
,-0.87,0.860226,-1.91316
,-0.8628,0.86072,-1.91294
,-0.8607,0.864774,-1.90305
,-0.85735,0.868525,-1.89768
,-0.84474,0.868954,-1.89098
,-0.83335,0.869034,-1.88692
,-0.82567,0.891258,-1.88395
,-0.82383,0.892749,-1.88217
,-0.82344,0.895872,-1.87983
,-0.82218,0.900163,-1.87832
,-0.81822,0.903214,-1.87819
,-0.80737,0.917243,-1.87327
,-0.80593,0.921473,-1.86515
,-0.80414,0.925788,-1.86412
,-0.79917,0.928516,-1.86162
,-0.79149,0.931572,-1.85694
,-0.79071,0.937582,-1.85529
,-0.7857,0.93896,-1.85338
,-0.77842,0.940444,-1.84703
,-0.77477,0.960905,-1.83988
,-0.7716,0.967691,-1.8335
,-0.76742,0.970417,-1.83194
,-0.75791,0.970613,-1.83176
,-0.75755,0.972744,-1.8314
,-0.73335,0.973479,-1.82981
,-0.73272,0.973685,-1.82875
,-0.71459,0.975783,-1.82773
,-0.70746,0.991149,-1.82498
,-0.69283,0.99473,-1.82353
,-0.68776,1.005282,-1.82237
,-0.68171,1.00712,-1.82019
,-0.66776,1.009912,-1.80533
,-0.6641,1.010092,-1.7951
,-0.62749,1.017881,-1.79445
,-0.61959,1.020516,-1.7941
,-0.61448,1.032222,-1.7775
,-0.60299,1.032426,-1.77238
,-0.56945,1.039652,-1.76736
,-0.52841,1.050265,-1.76701
,-0.49815,1.056955,-1.76692
,-0.49072,1.060528,-1.76095
,-0.46223,1.062421,-1.76083
,-0.45056,1.062594,-1.75744
,-0.44656,1.063201,-1.75356
,-0.44193,1.069222,-1.7505
,-0.42705,1.086603,-1.75021
,-0.406,1.089372,-1.74915
,-0.40274,1.08963,-1.74891
,-0.39374,1.090037,-1.74814
,-0.39003,1.091645,-1.74162
,-0.38901,1.105642,-1.73788
,-0.38807,1.109506,-1.73354
,-0.38804,1.115457,-1.73041
,-0.38762,1.122687,-1.7291
,-0.37037,1.125486,-1.72816
,-0.36177,1.130702,-1.72176
,-0.35949,1.133614,-1.71752
,-0.35536,1.136263,-1.71682
,-0.35089,1.146195,-1.71066
,-0.34783,1.148735,-1.71045
,-0.3368,1.16142,-1.70666
,-0.33377,1.164252,-1.70585
,-0.32356,1.168189,-1.70396
,-0.32019,1.173808,-1.70134
,-0.3148,1.178384,-1.70026
,-0.30885,1.178974,-1.69344
,-0.29258,1.179601,-1.69261
,-0.29143,1.188553,-1.68949
,-0.28793,1.204104,-1.68348
,-0.27226,1.20727,-1.67811
,-0.27055,1.215784,-1.67451
,-0.2674,1.222963,-1.67061
,-0.25438,1.245747,-1.66781
,-0.25385,1.250317,-1.66618
,-0.25354,1.25158,-1.66616
,-0.24627,1.252518,-1.66456
,-0.23584,1.259776,-1.66447
,-0.23357,1.261769,-1.66257
,-0.23148,1.263363,-1.66058
,-0.23038,1.280706,-1.65859
,-0.21469,1.287939,-1.65034
,-0.21212,1.295199,-1.64804
,-0.2074,1.295461,-1.6467
,-0.20603,1.317914,-1.64423
,-0.18093,1.319834,-1.64109
,-0.17607,1.322107,-1.64053
,-0.17525,1.325016,-1.63997
,-0.17235,1.343157,-1.63911
,-0.14601,1.344004,-1.6362
,-0.13433,1.346157,-1.63583
,-0.10521,1.353936,-1.63502
,-0.09198,1.356226,-1.62863
,-0.08417,1.360149,-1.62758
,-0.07788,1.37175,-1.62586
,-0.07325,1.375708,-1.62577
,-0.07215,1.382799,-1.62308
,-0.06039,1.384863,-1.623
,-0.05378,1.387581,-1.61938
,-0.05232,1.401109,-1.61903
,-0.03631,1.404745,-1.61535
,-0.03048,1.408769,-1.61496
,-0.00975,1.42609,-1.61441
,0.001948,1.437347,-1.61024
,0.002153,1.439039,-1.61
,0.015414,1.445105,-1.60758
,0.029391,1.445182,-1.60694
,0.030505,1.458362,-1.59868
,0.051987,1.471762,-1.59551
,0.052335,1.485583,-1.59401
,0.066146,1.486305,-1.59009
,0.080223,1.490035,-1.59001
,0.082063,1.492069,-1.58529
,0.092189,1.492141,-1.58379
,0.109141,1.493837,-1.58375
,0.109783,1.506042,-1.58253
,0.133526,1.506047,-1.58232
,0.181592,1.508034,-1.57643
,0.184911,1.517086,-1.57587
,0.190923,1.517353,-1.57297
,0.191339,1.523957,-1.57251
,0.197887,1.528498,-1.56285
,0.202679,1.529578,-1.55632
,0.208644,1.529579,-1.55473
,0.211874,1.529899,-1.55391
,0.212089,1.539924,-1.55141
,0.220941,1.579074,-1.54972
,0.221279,1.594019,-1.54933
,0.247111,1.596399,-1.54871
,0.248621,1.607773,-1.53844
,0.265291,1.610067,-1.53479
,0.301354,1.62586,-1.53354
,0.304989,1.63678,-1.53141
,0.309229,1.646111,-1.52957
,0.311377,1.648645,-1.52872
,0.319717,1.663227,-1.52781
,0.333355,1.669666,-1.52743
,0.350845,1.672533,-1.52218
,0.354278,1.681658,-1.51975
,0.355756,1.702644,-1.50977
,0.362669,1.71486,-1.50078
,0.373807,1.721611,-1.4999
,0.377857,1.744721,-1.49298
,0.389708,1.756409,-1.49234
,0.395519,1.766132,-1.49121
,0.402363,1.771138,-1.48635
,0.406754,1.774951,-1.48032
,0.419081,1.785795,-1.47931
,0.439771,1.801496,-1.47879
,0.441152,1.810942,-1.47427
,0.473579,1.842396,-1.47042
,0.482933,1.844614,-1.46754
,0.488498,1.844675,-1.4636
,0.503527,1.861781,-1.46316
,0.521297,1.884279,-1.46264
,0.52854,1.913184,-1.46111
,0.593782,1.91514,-1.46079
,0.59562,1.918672,-1.46061
,0.595875,1.920777,-1.45979
,0.610025,1.936829,-1.45896
,0.610922,1.941499,-1.4538
,0.613233,1.946537,-1.4505
,0.615755,1.951497,-1.44736
,0.647993,1.95489,-1.44571
,0.649742,1.955964,-1.44343
,0.651923,1.966255,-1.44099
,0.653381,1.982296,-1.44075
,0.663518,1.985322,-1.43498
,0.665591,1.991527,-1.42729
,0.669215,1.999078,-1.42623
,0.676359,2.013449,-1.42615
,0.713979,2.02221,-1.42107
,0.717209,2.02295,-1.41995
,0.773319,2.05164,-1.41944
,0.797314,2.063854,-1.4122
,0.809869,2.090033,-1.40871
,0.814763,2.090176,-1.40741
,0.81534,2.100393,-1.40726
,0.824504,2.113071,-1.40483
,0.830177,2.113282,-1.40394
,0.88261,2.119056,-1.40193
,0.889854,2.12624,-1.40024
,0.909346,2.129614,-1.39996
,0.910318,2.138906,-1.39467
,0.91921,2.146018,-1.39273
,0.949893,2.148889,-1.38809
,0.965008,2.182907,-1.38409
,0.987186,2.18611,-1.38341
,0.999573,2.25098,-1.37704
,1.012878,2.266649,-1.3765
,1.014604,2.27043,-1.37508
,1.042891,2.277441,-1.37403
,1.054984,2.285961,-1.37388
,1.091007,2.298052,-1.37231
,1.122575,2.326309,-1.37206
,1.123008,2.346379,-1.36918
,1.124723,2.361635,-1.36766
,1.204952,2.370375,-1.36704
,1.209358,2.39991,-1.36641
,1.209665,2.410187,-1.34926
,1.250561,2.410442,-1.34575
,1.260853,2.429399,-1.34239
,1.274992,2.430092,-1.33754
,1.278726,2.434992,-1.33669
,1.329551,2.446796,-1.33427
,1.339254,2.467522,-1.33065
,1.371212,2.475388,-1.33001
,1.409548,2.476105,-1.32798
,1.415013,2.482431,-1.32743
,1.421302,2.487374,-1.32731
,1.435273,2.493693,-1.32564
,1.436187,2.540333,-1.32479
,1.43707,2.555686,-1.32366
,1.441273,2.555914,-1.31702
,1.452496,2.740951,-1.31331
,1.463518,2.803742,-1.31166
,1.47209,2.895691,-1.30866
,1.477359,2.93363,-1.30572
,1.504145,2.994993,-1.29978
,1.51706,3.038958,-1.2997
,1.582546,3.039821,-1.29845
,1.598725,3.069017,-1.29339
,1.67457,3.111777,-1.28776
,1.698604,3.115365,-1.28617
,1.713867,3.555656,-1.28315
,1.72145,4.41557,-1.28136
,1.736738,,-1.27838
,1.838316,,-1.27618
,1.842531,,-1.27617
,1.85203,,-1.27522
,1.885148,,-1.27451
,1.936627,,-1.27212
,1.937195,,-1.26934
,1.94698,,-1.26792
,2.261294,,-1.2678
,2.272655,,-1.26715
,2.364618,,-1.26428
,2.618553,,-1.26422
,2.680635,,-1.26362
,2.772496,,-1.25976
,2.923291,,-1.25454
,2.96776,,-1.2537
,3.211676,,-1.25307
,3.465715,,-1.25051
,,,-1.25012
,,,-1.24944
,,,-1.2488
,,,-1.2483
,,,-1.24352
,,,-1.24011
,,,-1.23528
,,,-1.23501
,,,-1.23444
,,,-1.23009
,,,-1.229
,,,-1.228
,,,-1.2266
,,,-1.22622
,,,-1.22566
,,,-1.2209
,,,-1.22044
,,,-1.21988
,,,-1.21794
,,,-1.21784
,,,-1.21664
,,,-1.21373
,,,-1.21346
,,,-1.21249
,,,-1.21097
,,,-1.20419
,,,-1.20246
,,,-1.2007
,,,-1.20017
,,,-1.19743
,,,-1.19307
,,,-1.19184
,,,-1.19023
,,,-1.18976
,,,-1.1897
,,,-1.18839
,,,-1.18369
,,,-1.17928
,,,-1.17915
,,,-1.17658
,,,-1.16967
,,,-1.16658
,,,-1.16623
,,,-1.16597
,,,-1.16564
,,,-1.16439
,,,-1.16365
,,,-1.16222
,,,-1.16115
,,,-1.16046
,,,-1.15846
,,,-1.15649
,,,-1.15559
,,,-1.15535
,,,-1.15505
,,,-1.15292
,,,-1.15287
,,,-1.15006
,,,-1.14869
,,,-1.14388
,,,-1.1436
,,,-1.14107
,,,-1.13929
,,,-1.13893
,,,-1.13881
,,,-1.13517
,,,-1.1337
,,,-1.12839
,,,-1.12817
,,,-1.12693
,,,-1.12338
,,,-1.12086
,,,-1.11998
,,,-1.11502
,,,-1.1148
,,,-1.11263
,,,-1.10623
,,,-1.10451
,,,-1.10393
,,,-1.10389
,,,-1.10008
,,,-1.09889
,,,-1.09809
,,,-1.09751
,,,-1.09707
,,,-1.0911
,,,-1.09073
,,,-1.08967
,,,-1.08856
,,,-1.08804
,,,-1.08693
,,,-1.08667
,,,-1.08478
,,,-1.08456
,,,-1.08139
,,,-1.07932
,,,-1.07683
,,,-1.07618
,,,-1.07603
,,,-1.07361
,,,-1.07144
,,,-1.068
,,,-1.06401
,,,-1.06329
,,,-1.063
,,,-1.06293
,,,-1.06001
,,,-1.0591
,,,-1.05512
,,,-1.05435
,,,-1.05293
,,,-1.05283
,,,-1.04998
,,,-1.04885
,,,-1.04823
,,,-1.04718
,,,-1.04646
,,,-1.04539
,,,-1.04268
,,,-1.04206
,,,-1.04169
,,,-1.04111
,,,-1.04044
,,,-1.03976
,,,-1.03907
,,,-1.03666
,,,-1.03545
,,,-1.03132
,,,-1.03089
,,,-1.03031
,,,-1.02997
,,,-1.02732
,,,-1.02644
,,,-1.0242
,,,-1.02382
,,,-1.02358
,,,-1.01964
,,,-1.01736
,,,-1.01728
,,,-1.01684
,,,-1.01684
,,,-1.01646
,,,-1.01584
,,,-1.01481
,,,-1.0148
,,,-1.00783
,,,-1.00396
,,,-0.99821
,,,-0.99799
,,,-0.99747
,,,-0.99388
,,,-0.99342
,,,-0.99241
,,,-0.9918
,,,-0.99071
,,,-0.98993
,,,-0.98884
,,,-0.98369
,,,-0.98335
,,,-0.98287
,,,-0.9827
,,,-0.9796
,,,-0.97835
,,,-0.97724
,,,-0.97589
,,,-0.9753
,,,-0.9716
,,,-0.96862
,,,-0.96762
,,,-0.96492
,,,-0.96112
,,,-0.95928
,,,-0.95617
,,,-0.95281
,,,-0.95181
,,,-0.94974
,,,-0.94584
,,,-0.94268
,,,-0.94262
,,,-0.94161
,,,-0.94125
,,,-0.94106
,,,-0.94079
,,,-0.94022
,,,-0.93894
,,,-0.93522
,,,-0.93105
,,,-0.92988
,,,-0.92761
,,,-0.92668
,,,-0.92584
,,,-0.92545
,,,-0.92368
,,,-0.92333
,,,-0.92123
,,,-0.9203
,,,-0.91898
,,,-0.91791
,,,-0.91787
,,,-0.91647
,,,-0.9148
,,,-0.91201
,,,-0.90994
,,,-0.90563
,,,-0.90036
,,,-0.89958
,,,-0.8987
,,,-0.89718
,,,-0.89419
,,,-0.89395
,,,-0.89293
,,,-0.8917
,,,-0.89111
,,,-0.89104
,,,-0.89005
,,,-0.88947
,,,-0.88911
,,,-0.8885
,,,-0.88692
,,,-0.88687
,,,-0.88614
,,,-0.88537
,,,-0.88463
,,,-0.88265
,,,-0.88259
,,,-0.88098
,,,-0.87845
,,,-0.87699
,,,-0.87541
,,,-0.87397
,,,-0.87346
,,,-0.87311
,,,-0.87102
,,,-0.86994
,,,-0.86669
,,,-0.86637
,,,-0.86383
,,,-0.86345
,,,-0.86156
,,,-0.85926
,,,-0.85724
,,,-0.85465
,,,-0.85386
,,,-0.85381
,,,-0.85239
,,,-0.85138
,,,-0.85018
,,,-0.85008
,,,-0.84947
,,,-0.84765
,,,-0.84701
,,,-0.84514
,,,-0.84492
,,,-0.84328
,,,-0.84294
,,,-0.84264
,,,-0.84085
,,,-0.84056
,,,-0.84019
,,,-0.83767
,,,-0.83659
,,,-0.83635
,,,-0.83584
,,,-0.8344
,,,-0.82935
,,,-0.82928
,,,-0.82895
,,,-0.82776
,,,-0.82425
,,,-0.82396
,,,-0.82394
,,,-0.8234
,,,-0.82288
,,,-0.82279
,,,-0.82268
,,,-0.82258
,,,-0.82232
,,,-0.82066
,,,-0.82063
,,,-0.82003
,,,-0.8199
,,,-0.81913
,,,-0.81876
,,,-0.81876
,,,-0.81825
,,,-0.81786
,,,-0.81703
,,,-0.81474
,,,-0.81107
,,,-0.80729
,,,-0.80711
,,,-0.80221
,,,-0.80132
,,,-0.79616
,,,-0.79583
,,,-0.79544
,,,-0.79516
,,,-0.79456
,,,-0.79384
,,,-0.7938
,,,-0.79026
,,,-0.78875
,,,-0.78814
,,,-0.78735
,,,-0.78649
,,,-0.78552
,,,-0.77981
,,,-0.77784
,,,-0.77772
,,,-0.77647
,,,-0.77328
,,,-0.77073
,,,-0.76924
,,,-0.76831
,,,-0.76783
,,,-0.76507
,,,-0.76098
,,,-0.76077
,,,-0.76021
,,,-0.75995
,,,-0.75667
,,,-0.75549
,,,-0.75472
,,,-0.75252
,,,-0.75224
,,,-0.74572
,,,-0.74363
,,,-0.7428
,,,-0.74157
,,,-0.74147
,,,-0.73898
,,,-0.7362
,,,-0.73616
,,,-0.73602
,,,-0.73521
,,,-0.73382
,,,-0.73276
,,,-0.73202
,,,-0.73039
,,,-0.72887
,,,-0.72858
,,,-0.7282
,,,-0.72736
,,,-0.72713
,,,-0.72677
,,,-0.72605
,,,-0.72465
,,,-0.72032
,,,-0.7198
,,,-0.71944
,,,-0.718
,,,-0.71788
,,,-0.71743
,,,-0.71488
,,,-0.71461
,,,-0.71304
,,,-0.71281
,,,-0.71171
,,,-0.71112
,,,-0.70743
,,,-0.70621
,,,-0.70506
,,,-0.70086
,,,-0.69951
,,,-0.69867
,,,-0.69782
,,,-0.69754
,,,-0.69655
,,,-0.69639
,,,-0.69472
,,,-0.69423
,,,-0.69366
,,,-0.69324
,,,-0.69318
,,,-0.6899
,,,-0.68883
,,,-0.68603
,,,-0.68346
,,,-0.67777
,,,-0.67498
,,,-0.67433
,,,-0.67244
,,,-0.67236
,,,-0.67221
,,,-0.66851
,,,-0.66838
,,,-0.66684
,,,-0.66575
,,,-0.66539
,,,-0.66496
,,,-0.66441
,,,-0.66318
,,,-0.66054
,,,-0.65863
,,,-0.65672
,,,-0.65625
,,,-0.6562
,,,-0.65424
,,,-0.65392
,,,-0.65356
,,,-0.65137
,,,-0.65029
,,,-0.64997
,,,-0.6499
,,,-0.64811
,,,-0.64662
,,,-0.64587
,,,-0.64533
,,,-0.64515
,,,-0.64431
,,,-0.64393
,,,-0.64302
,,,-0.64053
,,,-0.64037
,,,-0.63869
,,,-0.63658
,,,-0.63557
,,,-0.63483
,,,-0.63263
,,,-0.63212
,,,-0.63076
,,,-0.62979
,,,-0.62653
,,,-0.62579
,,,-0.62547
,,,-0.62514
,,,-0.62144
,,,-0.6202
,,,-0.61989
,,,-0.61905
,,,-0.61896
,,,-0.61828
,,,-0.61739
,,,-0.61692
,,,-0.61626
,,,-0.61547
,,,-0.61545
,,,-0.61465
,,,-0.61274
,,,-0.6113
,,,-0.61021
,,,-0.60906
,,,-0.6066
,,,-0.60591
,,,-0.60539
,,,-0.6053
,,,-0.60525
,,,-0.60477
,,,-0.60178
,,,-0.60107
,,,-0.60082
,,,-0.60039
,,,-0.60037
,,,-0.60024
,,,-0.59866
,,,-0.59836
,,,-0.59723
,,,-0.59611
,,,-0.59505
,,,-0.59411
,,,-0.59256
,,,-0.59096
,,,-0.59003
,,,-0.5893
,,,-0.58923
,,,-0.58715
,,,-0.5865
,,,-0.58585
,,,-0.58482
,,,-0.58337
,,,-0.58333
,,,-0.57961
,,,-0.57543
,,,-0.57518
,,,-0.57493
,,,-0.57474
,,,-0.57245
,,,-0.57199
,,,-0.57197
,,,-0.56835
,,,-0.56821
,,,-0.56769
,,,-0.56768
,,,-0.5652
,,,-0.5652
,,,-0.56495
,,,-0.56422
,,,-0.56206
,,,-0.56155
,,,-0.55844
,,,-0.55817
,,,-0.55103
,,,-0.5495
,,,-0.5483
,,,-0.54796
,,,-0.54716
,,,-0.54613
,,,-0.54531
,,,-0.54375
,,,-0.54292
,,,-0.54043
,,,-0.54032
,,,-0.53937
,,,-0.53825
,,,-0.53675
,,,-0.53668
,,,-0.53662
,,,-0.53653
,,,-0.53562
,,,-0.53443
,,,-0.53434
,,,-0.53246
,,,-0.52913
,,,-0.52823
,,,-0.52819
,,,-0.52727
,,,-0.5249
,,,-0.52438
,,,-0.52349
,,,-0.52142
,,,-0.52136
,,,-0.52131
,,,-0.51918
,,,-0.51687
,,,-0.51682
,,,-0.51475
,,,-0.51443
,,,-0.51312
,,,-0.51216
,,,-0.51178
,,,-0.51099
,,,-0.51011
,,,-0.51
,,,-0.50624
,,,-0.50534
,,,-0.50484
,,,-0.50468
,,,-0.50275
,,,-0.50129
,,,-0.50064
,,,-0.50004
,,,-0.49908
,,,-0.49586
,,,-0.49541
,,,-0.49513
,,,-0.49432
,,,-0.49374
,,,-0.49265
,,,-0.48805
,,,-0.48802
,,,-0.48797
,,,-0.48532
,,,-0.48443
,,,-0.4835
,,,-0.48309
,,,-0.48288
,,,-0.47989
,,,-0.47965
,,,-0.47832
,,,-0.47487
,,,-0.47391
,,,-0.4712
,,,-0.46913
,,,-0.46737
,,,-0.46733
,,,-0.46719
,,,-0.467
,,,-0.46692
,,,-0.46468
,,,-0.46141
,,,-0.45873
,,,-0.45835
,,,-0.45828
,,,-0.45808
,,,-0.45559
,,,-0.45317
,,,-0.45311
,,,-0.45276
,,,-0.45247
,,,-0.45128
,,,-0.44921
,,,-0.44895
,,,-0.44891
,,,-0.44874
,,,-0.44835
,,,-0.44589
,,,-0.44302
,,,-0.43511
,,,-0.43417
,,,-0.43337
,,,-0.43328
,,,-0.43316
,,,-0.43266
,,,-0.43266
,,,-0.43249
,,,-0.43224
,,,-0.42979
,,,-0.4279
,,,-0.42759
,,,-0.42723
,,,-0.4267
,,,-0.42629
,,,-0.42587
,,,-0.42405
,,,-0.42177
,,,-0.42129
,,,-0.42075
,,,-0.42074
,,,-0.42059
,,,-0.41962
,,,-0.41954
,,,-0.41947
,,,-0.41842
,,,-0.41788
,,,-0.41745
,,,-0.41591
,,,-0.41449
,,,-0.41234
,,,-0.41133
,,,-0.41115
,,,-0.41032
,,,-0.40984
,,,-0.40901
,,,-0.40777
,,,-0.40755
,,,-0.40302
,,,-0.4029
,,,-0.40123
,,,-0.40064
,,,-0.40053
,,,-0.39733
,,,-0.39673
,,,-0.39644
,,,-0.39613
,,,-0.39339
,,,-0.39266
,,,-0.39192
,,,-0.38815
,,,-0.3875
,,,-0.38737
,,,-0.38582
,,,-0.38306
,,,-0.38282
,,,-0.38251
,,,-0.38221
,,,-0.3816
,,,-0.3815
,,,-0.38063
,,,-0.37981
,,,-0.3785
,,,-0.3784
,,,-0.37692
,,,-0.37468
,,,-0.37417
,,,-0.37121
,,,-0.37033
,,,-0.36856
,,,-0.3682
,,,-0.36793
,,,-0.36789
,,,-0.36761
,,,-0.3674
,,,-0.36713
,,,-0.36708
,,,-0.36687
,,,-0.36499
,,,-0.36468
,,,-0.36448
,,,-0.36401
,,,-0.36378
,,,-0.36337
,,,-0.36299
,,,-0.36288
,,,-0.3625
,,,-0.36091
,,,-0.36055
,,,-0.3602
,,,-0.36013
,,,-0.35777
,,,-0.35558
,,,-0.35499
,,,-0.35401
,,,-0.35294
,,,-0.35153
,,,-0.35132
,,,-0.35127
,,,-0.35115
,,,-0.35094
,,,-0.3499
,,,-0.34779
,,,-0.34725
,,,-0.34702
,,,-0.347
,,,-0.34696
,,,-0.34657
,,,-0.34648
,,,-0.34426
,,,-0.34319
,,,-0.34263
,,,-0.34172
,,,-0.34122
,,,-0.34061
,,,-0.34055
,,,-0.34013
,,,-0.34007
,,,-0.33865
,,,-0.33669
,,,-0.33633
,,,-0.33308
,,,-0.33165
,,,-0.33127
,,,-0.33118
,,,-0.32959
,,,-0.32842
,,,-0.32819
,,,-0.32736
,,,-0.3273
,,,-0.32517
,,,-0.32503
,,,-0.32419
,,,-0.32283
,,,-0.32193
,,,-0.31939
,,,-0.31797
,,,-0.31719
,,,-0.3153
,,,-0.31312
,,,-0.31288
,,,-0.31065
,,,-0.30978
,,,-0.30902
,,,-0.30556
,,,-0.3051
,,,-0.30446
,,,-0.30304
,,,-0.303
,,,-0.30265
,,,-0.3023
,,,-0.30229
,,,-0.30134
,,,-0.29996
,,,-0.29913
,,,-0.29822
,,,-0.29707
,,,-0.29545
,,,-0.29475
,,,-0.29442
,,,-0.29415
,,,-0.29393
,,,-0.29157
,,,-0.2893
,,,-0.28868
,,,-0.28839
,,,-0.28778
,,,-0.28632
,,,-0.28482
,,,-0.28455
,,,-0.28316
,,,-0.2831
,,,-0.28256
,,,-0.28239
,,,-0.28219
,,,-0.28159
,,,-0.2759
,,,-0.27465
,,,-0.27427
,,,-0.27416
,,,-0.27338
,,,-0.27325
,,,-0.27247
,,,-0.27152
,,,-0.2699
,,,-0.26901
,,,-0.26892
,,,-0.26777
,,,-0.26679
,,,-0.26596
,,,-0.26243
,,,-0.26198
,,,-0.25871
,,,-0.25807
,,,-0.25803
,,,-0.25549
,,,-0.25546
,,,-0.25426
,,,-0.25246
,,,-0.25207
,,,-0.2513
,,,-0.24988
,,,-0.24978
,,,-0.24603
,,,-0.24406
,,,-0.24206
,,,-0.24126
,,,-0.24125
,,,-0.24085
,,,-0.24028
,,,-0.23926
,,,-0.23906
,,,-0.23867
,,,-0.23861
,,,-0.23824
,,,-0.23788
,,,-0.23314
,,,-0.23293
,,,-0.23198
,,,-0.23187
,,,-0.23041
,,,-0.22987
,,,-0.22948
,,,-0.22806
,,,-0.22576
,,,-0.22559
,,,-0.22414
,,,-0.22387
,,,-0.22337
,,,-0.22334
,,,-0.21936
,,,-0.2192
,,,-0.21737
,,,-0.21723
,,,-0.2163
,,,-0.21592
,,,-0.21577
,,,-0.2157
,,,-0.21479
,,,-0.21338
,,,-0.21115
,,,-0.21047
,,,-0.21014
,,,-0.20916
,,,-0.20877
,,,-0.20846
,,,-0.20827
,,,-0.20687
,,,-0.20672
,,,-0.20633
,,,-0.20497
,,,-0.20497
,,,-0.20306
,,,-0.20301
,,,-0.20286
,,,-0.20241
,,,-0.20116
,,,-0.198
,,,-0.19736
,,,-0.19699
,,,-0.19593
,,,-0.19466
,,,-0.19451
,,,-0.19385
,,,-0.1936
,,,-0.1934
,,,-0.19115
,,,-0.18974
,,,-0.18648
,,,-0.18617
,,,-0.18513
,,,-0.18375
,,,-0.18336
,,,-0.18305
,,,-0.18281
,,,-0.1813
,,,-0.17925
,,,-0.17652
,,,-0.17312
,,,-0.17281
,,,-0.17208
,,,-0.1718
,,,-0.171
,,,-0.16992
,,,-0.16989
,,,-0.16946
,,,-0.16945
,,,-0.1693
,,,-0.16762
,,,-0.16552
,,,-0.16155
,,,-0.16021
,,,-0.15779
,,,-0.15739
,,,-0.15647
,,,-0.15637
,,,-0.15611
,,,-0.15567
,,,-0.15551
,,,-0.1542
,,,-0.1536
,,,-0.15295
,,,-0.1518
,,,-0.15124
,,,-0.15074
,,,-0.15013
,,,-0.1495
,,,-0.14923
,,,-0.14658
,,,-0.14629
,,,-0.14406
,,,-0.14332
,,,-0.14329
,,,-0.14043
,,,-0.14
,,,-0.1386
,,,-0.1382
,,,-0.13549
,,,-0.13546
,,,-0.13414
,,,-0.13264
,,,-0.13235
,,,-0.13093
,,,-0.1297
,,,-0.12897
,,,-0.12648
,,,-0.12533
,,,-0.12292
,,,-0.12286
,,,-0.12284
,,,-0.12173
,,,-0.12153
,,,-0.12068
,,,-0.12059
,,,-0.11999
,,,-0.11376
,,,-0.11355
,,,-0.113
,,,-0.11083
,,,-0.10944
,,,-0.10932
,,,-0.10754
,,,-0.10714
,,,-0.10677
,,,-0.10361
,,,-0.10315
,,,-0.10311
,,,-0.1031
,,,-0.1023
,,,-0.09897
,,,-0.09837
,,,-0.09684
,,,-0.09576
,,,-0.09429
,,,-0.09395
,,,-0.09349
,,,-0.09348
,,,-0.09304
,,,-0.09202
,,,-0.09144
,,,-0.08925
,,,-0.0875
,,,-0.08643
,,,-0.08494
,,,-0.08466
,,,-0.08453
,,,-0.08344
,,,-0.08196
,,,-0.08192
,,,-0.07876
,,,-0.07774
,,,-0.07723
,,,-0.07666
,,,-0.07656
,,,-0.07534
,,,-0.07456
,,,-0.07449
,,,-0.07446
,,,-0.07421
,,,-0.0715
,,,-0.07033
,,,-0.0699
,,,-0.06986
,,,-0.06806
,,,-0.06753
,,,-0.06379
,,,-0.06375
,,,-0.06367
,,,-0.06229
,,,-0.06191
,,,-0.06042
,,,-0.0604
,,,-0.06019
,,,-0.05888
,,,-0.05858
,,,-0.05833
,,,-0.05781
,,,-0.05778
,,,-0.05772
,,,-0.05717
,,,-0.05709
,,,-0.05631
,,,-0.05615
,,,-0.05507
,,,-0.05412
,,,-0.05365
,,,-0.05358
,,,-0.0532
,,,-0.05307
,,,-0.05251
,,,-0.05167
,,,-0.0511
,,,-0.05063
,,,-0.0499
,,,-0.04965
,,,-0.04963
,,,-0.04661
,,,-0.0458
,,,-0.04486
,,,-0.0436
,,,-0.04317
,,,-0.04282
,,,-0.04211
,,,-0.03855
,,,-0.03641
,,,-0.03557
,,,-0.03549
,,,-0.03506
,,,-0.03363
,,,-0.0321
,,,-0.03048
,,,-0.0296
,,,-0.02632
,,,-0.02594
,,,-0.02269
,,,-0.02024
,,,-0.01994
,,,-0.01936
,,,-0.01876
,,,-0.01798
,,,-0.01663
,,,-0.01617
,,,-0.01603
,,,-0.01592
,,,-0.01573
,,,-0.01477
,,,-0.0147
,,,-0.0127
,,,-0.01248
,,,-0.01243
,,,-0.00973
,,,-0.00905
,,,-0.00816
,,,-0.00763
,,,-0.00628
,,,-0.00608
,,,-0.00598
,,,-0.00569
,,,-0.0056
,,,-0.00281
,,,-0.002
,,,-0.00102
,,,-0.00064
,,,-0.00036
,,,0.001686
,,,0.002548
,,,0.002915
,,,0.003717
,,,0.003753
,,,0.005218
,,,0.005912
,,,0.006397
,,,0.006687
,,,0.007223
,,,0.007345
,,,0.007415
,,,0.009486
,,,0.01073
,,,0.011169
,,,0.01163
,,,0.011869
,,,0.013521
,,,0.014343
,,,0.014357
,,,0.016316
,,,0.016376
,,,0.021577
,,,0.021771
,,,0.022116
,,,0.022449
,,,0.023502
,,,0.025031
,,,0.026099
,,,0.026196
,,,0.029705
,,,0.029839
,,,0.029952
,,,0.030834
,,,0.031639
,,,0.032025
,,,0.032266
,,,0.032274
,,,0.032302
,,,0.032805
,,,0.0332
,,,0.033427
,,,0.035538
,,,0.036442
,,,0.038945
,,,0.039728
,,,0.039877
,,,0.039958
,,,0.04011
,,,0.040731
,,,0.041713
,,,0.041811
,,,0.041944
,,,0.043244
,,,0.043496
,,,0.04352
,,,0.045856
,,,0.046939
,,,0.047296
,,,0.047606
,,,0.048283
,,,0.048758
,,,0.04892
,,,0.049844
,,,0.051479
,,,0.052249
,,,0.052786
,,,0.052863
,,,0.057364
,,,0.060199
,,,0.060791
,,,0.062581
,,,0.06488
,,,0.065005
,,,0.066003
,,,0.067093
,,,0.067767
,,,0.068998
,,,0.071538
,,,0.071797
,,,0.072062
,,,0.072085
,,,0.072341
,,,0.072884
,,,0.074839
,,,0.075145
,,,0.07627
,,,0.076729
,,,0.076807
,,,0.07703
,,,0.079365
,,,0.079586
,,,0.080185
,,,0.080341
,,,0.081114
,,,0.081153
,,,0.082027
,,,0.082118
,,,0.082219
,,,0.083996
,,,0.085447
,,,0.085603
,,,0.087204
,,,0.087476
,,,0.088991
,,,0.090242
,,,0.090677
,,,0.091236
,,,0.09249
,,,0.092534
,,,0.092777
,,,0.093475
,,,0.094757
,,,0.096229
,,,0.09725
,,,0.099719
,,,0.100531
,,,0.100921
,,,0.101236
,,,0.105135
,,,0.106285
,,,0.106666
,,,0.107528
,,,0.108212
,,,0.109485
,,,0.109995
,,,0.111697
,,,0.112197
,,,0.113194
,,,0.113688
,,,0.113966
,,,0.114355
,,,0.114573
,,,0.114653
,,,0.115033
,,,0.115778
,,,0.117042
,,,0.11819
,,,0.119696
,,,0.119851
,,,0.121189
,,,0.122955
,,,0.12311
,,,0.124663
,,,0.124907
,,,0.12653
,,,0.12728
,,,0.128053
,,,0.129186
,,,0.129273
,,,0.129813
,,,0.130413
,,,0.131032
,,,0.131325
,,,0.133619
,,,0.133763
,,,0.134136
,,,0.13477
,,,0.134793
,,,0.135926
,,,0.136487
,,,0.139441
,,,0.140946
,,,0.141047
,,,0.14265
,,,0.144569
,,,0.144882
,,,0.145388
,,,0.145424
,,,0.145528
,,,0.147527
,,,0.147825
,,,0.148914
,,,0.1503
,,,0.150725
,,,0.151199
,,,0.151756
,,,0.152345
,,,0.154594
,,,0.155139
,,,0.155752
,,,0.156049
,,,0.156585
,,,0.156745
,,,0.156937
,,,0.15828
,,,0.158281
,,,0.158428
,,,0.158543
,,,0.158601
,,,0.159805
,,,0.160471
,,,0.160843
,,,0.161506
,,,0.162021
,,,0.162172
,,,0.162175
,,,0.163869
,,,0.164387
,,,0.16714
,,,0.168938
,,,0.170337
,,,0.170463
,,,0.170892
,,,0.172464
,,,0.17249
,,,0.173578
,,,0.173948
,,,0.175635
,,,0.175818
,,,0.176041
,,,0.176806
,,,0.177397
,,,0.177927
,,,0.178196
,,,0.179127
,,,0.180102
,,,0.180184
,,,0.183457
,,,0.184481
,,,0.184502
,,,0.18551
,,,0.185894
,,,0.187039
,,,0.187525
,,,0.18831
,,,0.188907
,,,0.189377
,,,0.189685
,,,0.191282
,,,0.191865
,,,0.194959
,,,0.195262
,,,0.195845
,,,0.196404
,,,0.196791
,,,0.196966
,,,0.196974
,,,0.198093
,,,0.19961
,,,0.200959
,,,0.201376
,,,0.201627
,,,0.202332
,,,0.203424
,,,0.203463
,,,0.203883
,,,0.203897
,,,0.205066
,,,0.206367
,,,0.208001
,,,0.210804
,,,0.212378
,,,0.213384
,,,0.216465
,,,0.218441
,,,0.220127
,,,0.220848
,,,0.22122
,,,0.22162
,,,0.221773
,,,0.223173
,,,0.223666
,,,0.224159
,,,0.225625
,,,0.227222
,,,0.229054
,,,0.229231
,,,0.230251
,,,0.2305
,,,0.231275
,,,0.2341
,,,0.234525
,,,0.234823
,,,0.234862
,,,0.2351
,,,0.235339
,,,0.235579
,,,0.236541
,,,0.237617
,,,0.238496
,,,0.238672
,,,0.240798
,,,0.241212
,,,0.243239
,,,0.2435
,,,0.243901
,,,0.244286
,,,0.244306
,,,0.244972
,,,0.246788
,,,0.248056
,,,0.250029
,,,0.250344
,,,0.250645
,,,0.251853
,,,0.251854
,,,0.25194
,,,0.25288
,,,0.253343
,,,0.253757
,,,0.253997
,,,0.254046
,,,0.254396
,,,0.254652
,,,0.256384
,,,0.257548
,,,0.257669
,,,0.25928
,,,0.25963
,,,0.25988
,,,0.260114
,,,0.260875
,,,0.260913
,,,0.261147
,,,0.261633
,,,0.26275
,,,0.263189
,,,0.263529
,,,0.266095
,,,0.266382
,,,0.26811
,,,0.26815
,,,0.268421
,,,0.269307
,,,0.269739
,,,0.270992
,,,0.271079
,,,0.271666
,,,0.272302
,,,0.273035
,,,0.273691
,,,0.275621
,,,0.276068
,,,0.276068
,,,0.27671
,,,0.277438
,,,0.277893
,,,0.278292
,,,0.278426
,,,0.278979
,,,0.279018
,,,0.279206
,,,0.280067
,,,0.281613
,,,0.282038
,,,0.282422
,,,0.284942
,,,0.285141
,,,0.287657
,,,0.287996
,,,0.287999
,,,0.288223
,,,0.288683
,,,0.289578
,,,0.289603
,,,0.289862
,,,0.289971
,,,0.29088
,,,0.291279
,,,0.293206
,,,0.2938
,,,0.293881
,,,0.295384
,,,0.295493
,,,0.296109
,,,0.296408
,,,0.297676
,,,0.297925
,,,0.299353
,,,0.300553
,,,0.300667
,,,0.301242
,,,0.301405
,,,0.303045
,,,0.303347
,,,0.304831
,,,0.305031
,,,0.305348
,,,0.306182
,,,0.306197
,,,0.306414
,,,0.306414
,,,0.307003
,,,0.307048
,,,0.307205
,,,0.308625
,,,0.308899
,,,0.308906
,,,0.310354
,,,0.311538
,,,0.31215
,,,0.312249
,,,0.31295
,,,0.313707
,,,0.314129
,,,0.314607
,,,0.315623
,,,0.316108
,,,0.317577
,,,0.317988
,,,0.318431
,,,0.319669
,,,0.320047
,,,0.323326
,,,0.323396
,,,0.323657
,,,0.32491
,,,0.325462
,,,0.326338
,,,0.326489
,,,0.326996
,,,0.327696
,,,0.329047
,,,0.329111
,,,0.331098
,,,0.331148
,,,0.331574
,,,0.332149
,,,0.333887
,,,0.334233
,,,0.33431
,,,0.335553
,,,0.335613
,,,0.335937
,,,0.336064
,,,0.337707
,,,0.338819
,,,0.339572
,,,0.339888
,,,0.340787
,,,0.34112
,,,0.341225
,,,0.34169
,,,0.341828
,,,0.342001
,,,0.34222
,,,0.343386
,,,0.344647
,,,0.344707
,,,0.345034
,,,0.34731
,,,0.347753
,,,0.348417
,,,0.34873
,,,0.348871
,,,0.349863
,,,0.352283
,,,0.353525
,,,0.354064
,,,0.354204
,,,0.354468
,,,0.354713
,,,0.355516
,,,0.35649
,,,0.357968
,,,0.360834
,,,0.361675
,,,0.361837
,,,0.362495
,,,0.36295
,,,0.363828
,,,0.36472
,,,0.364891
,,,0.364944
,,,0.36517
,,,0.365272
,,,0.365292
,,,0.36576
,,,0.366117
,,,0.367627
,,,0.368458
,,,0.368505
,,,0.369072
,,,0.36965
,,,0.370813
,,,0.370854
,,,0.373187
,,,0.374659
,,,0.37545
,,,0.375489
,,,0.375895
,,,0.376314
,,,0.378986
,,,0.379226
,,,0.38217
,,,0.382864
,,,0.384832
,,,0.384986
,,,0.385024
,,,0.386901
,,,0.387248
,,,0.388174
,,,0.390532
,,,0.391229
,,,0.392194
,,,0.392246
,,,0.392566
,,,0.394417
,,,0.39453
,,,0.395232
,,,0.396632
,,,0.39688
,,,0.398039
,,,0.398138
,,,0.398481
,,,0.39866
,,,0.399048
,,,0.399188
,,,0.399448
,,,0.400472
,,,0.401609
,,,0.401994
,,,0.402732
,,,0.403111
,,,0.403654
,,,0.404263
,,,0.405087
,,,0.406069
,,,0.406069
,,,0.406495
,,,0.40879
,,,0.408928
,,,0.409313
,,,0.409938
,,,0.41018
,,,0.410795
,,,0.415641
,,,0.416225
,,,0.416857
,,,0.417372
,,,0.417749
,,,0.419238
,,,0.419337
,,,0.421754
,,,0.422699
,,,0.423582
,,,0.424004
,,,0.42446
,,,0.425457
,,,0.425473
,,,0.425575
,,,0.427864
,,,0.428198
,,,0.428921
,,,0.430054
,,,0.430475
,,,0.431584
,,,0.432868
,,,0.434702
,,,0.434944
,,,0.436127
,,,0.436254
,,,0.436398
,,,0.436652
,,,0.437015
,,,0.437587
,,,0.438925
,,,0.439587
,,,0.44164
,,,0.441669
,,,0.44171
,,,0.442097
,,,0.44278
,,,0.443323
,,,0.443615
,,,0.445105
,,,0.445221
,,,0.44883
,,,0.451899
,,,0.452028
,,,0.453195
,,,0.455948
,,,0.456212
,,,0.457981
,,,0.458038
,,,0.45833
,,,0.458619
,,,0.459482
,,,0.46046
,,,0.461813
,,,0.462096
,,,0.462158
,,,0.462449
,,,0.462544
,,,0.463016
,,,0.464079
,,,0.464414
,,,0.466957
,,,0.467289
,,,0.467379
,,,0.46738
,,,0.469544
,,,0.469576
,,,0.470602
,,,0.470701
,,,0.47084
,,,0.472039
,,,0.472936
,,,0.473527
,,,0.473852
,,,0.474193
,,,0.474792
,,,0.47538
,,,0.476189
,,,0.476549
,,,0.477739
,,,0.479274
,,,0.480126
,,,0.480493
,,,0.481125
,,,0.481618
,,,0.483091
,,,0.484012
,,,0.485112
,,,0.485174
,,,0.485653
,,,0.486265
,,,0.487326
,,,0.488662
,,,0.488666
,,,0.489264
,,,0.490313
,,,0.49033
,,,0.490353
,,,0.490677
,,,0.491149
,,,0.491344
,,,0.492218
,,,0.49333
,,,0.493911
,,,0.495057
,,,0.495164
,,,0.496541
,,,0.496542
,,,0.496932
,,,0.496957
,,,0.496999
,,,0.498249
,,,0.498458
,,,0.498486
,,,0.499027
,,,0.499846
,,,0.500062
,,,0.501575
,,,0.501853
,,,0.502547
,,,0.5027
,,,0.504751
,,,0.505261
,,,0.505711
,,,0.50604
,,,0.50758
,,,0.508115
,,,0.508193
,,,0.508287
,,,0.508783
,,,0.510467
,,,0.510737
,,,0.51144
,,,0.512293
,,,0.513531
,,,0.513551
,,,0.51487
,,,0.515259
,,,0.51587
,,,0.518313
,,,0.522406
,,,0.522557
,,,0.52295
,,,0.524453
,,,0.525927
,,,0.526533
,,,0.526791
,,,0.527032
,,,0.527817
,,,0.52798
,,,0.528598
,,,0.530904
,,,0.531667
,,,0.533357
,,,0.533387
,,,0.533562
,,,0.533998
,,,0.53536
,,,0.535778
,,,0.53601
,,,0.540099
,,,0.540244
,,,0.54042
,,,0.540641
,,,0.541731
,,,0.541925
,,,0.542509
,,,0.542745
,,,0.544207
,,,0.54534
,,,0.545506
,,,0.546186
,,,0.548495
,,,0.549432
,,,0.549968
,,,0.551094
,,,0.551161
,,,0.55152
,,,0.553279
,,,0.553522
,,,0.555791
,,,0.555968
,,,0.556546
,,,0.5572
,,,0.559044
,,,0.56037
,,,0.560415
,,,0.560805
,,,0.561847
,,,0.561867
,,,0.562193
,,,0.56241
,,,0.562502
,,,0.562602
,,,0.564127
,,,0.564237
,,,0.564374
,,,0.564762
,,,0.569339
,,,0.571432
,,,0.571618
,,,0.57171
,,,0.573282
,,,0.573703
,,,0.578377
,,,0.578473
,,,0.57922
,,,0.579882
,,,0.580029
,,,0.580524
,,,0.581214
,,,0.581516
,,,0.582215
,,,0.584192
,,,0.584581
,,,0.585074
,,,0.585404
,,,0.586406
,,,0.587777
,,,0.587927
,,,0.589162
,,,0.590573
,,,0.591334
,,,0.591564
,,,0.592015
,,,0.592174
,,,0.594025
,,,0.594159
,,,0.594326
,,,0.594823
,,,0.594928
,,,0.596884
,,,0.597003
,,,0.597395
,,,0.598045
,,,0.598281
,,,0.598655
,,,0.599443
,,,0.600758
,,,0.601647
,,,0.60201
,,,0.602469
,,,0.602659
,,,0.602881
,,,0.60293
,,,0.604568
,,,0.607675
,,,0.609043
,,,0.609547
,,,0.609736
,,,0.609907
,,,0.610093
,,,0.611164
,,,0.611382
,,,0.613471
,,,0.613975
,,,0.61482
,,,0.615488
,,,0.615822
,,,0.616158
,,,0.616291
,,,0.619377
,,,0.619759
,,,0.620502
,,,0.620979
,,,0.621863
,,,0.623009
,,,0.623035
,,,0.623305
,,,0.624622
,,,0.625029
,,,0.625165
,,,0.62599
,,,0.626229
,,,0.627156
,,,0.628646
,,,0.629139
,,,0.629311
,,,0.629475
,,,0.629824
,,,0.630961
,,,0.631135
,,,0.631982
,,,0.632802
,,,0.634666
,,,0.636149
,,,0.636816
,,,0.63727
,,,0.637499
,,,0.639835
,,,0.63998
,,,0.640303
,,,0.640933
,,,0.641068
,,,0.641076
,,,0.641579
,,,0.641943
,,,0.64395
,,,0.644013
,,,0.645518
,,,0.646612
,,,0.647518
,,,0.648997
,,,0.649343
,,,0.650218
,,,0.652888
,,,0.654794
,,,0.655006
,,,0.655229
,,,0.656237
,,,0.656647
,,,0.65724
,,,0.657543
,,,0.657862
,,,0.658695
,,,0.661672
,,,0.662226
,,,0.663556
,,,0.664944
,,,0.667207
,,,0.667343
,,,0.668568
,,,0.670551
,,,0.67074
,,,0.671068
,,,0.67241
,,,0.67391
,,,0.674426
,,,0.674667
,,,0.674824
,,,0.675309
,,,0.676747
,,,0.67735
,,,0.67852
,,,0.678792
,,,0.679559
,,,0.680878
,,,0.683577
,,,0.684225
,,,0.684947
,,,0.685453
,,,0.685456
,,,0.686534
,,,0.686832
,,,0.688639
,,,0.690481
,,,0.690501
,,,0.69085
,,,0.691637
,,,0.692915
,,,0.693466
,,,0.693473
,,,0.694136
,,,0.694431
,,,0.694528
,,,0.694828
,,,0.695485
,,,0.695594
,,,0.69571
,,,0.695724
,,,0.697769
,,,0.697949
,,,0.69851
,,,0.698624
,,,0.700505
,,,0.700513
,,,0.700554
,,,0.700557
,,,0.703663
,,,0.705747
,,,0.705933
,,,0.707703
,,,0.707917
,,,0.709472
,,,0.710936
,,,0.712703
,,,0.71366
,,,0.713931
,,,0.71435
,,,0.714528
,,,0.715552
,,,0.716193
,,,0.716261
,,,0.716554
,,,0.71738
,,,0.718046
,,,0.718174
,,,0.718525
,,,0.718536
,,,0.718542
,,,0.718548
,,,0.719592
,,,0.719923
,,,0.720267
,,,0.720346
,,,0.723822
,,,0.724207
,,,0.724667
,,,0.725411
,,,0.726364
,,,0.726674
,,,0.72921
,,,0.729495
,,,0.732063
,,,0.73302
,,,0.734419
,,,0.734979
,,,0.734987
,,,0.738581
,,,0.738988
,,,0.739137
,,,0.739458
,,,0.739976
,,,0.741231
,,,0.743038
,,,0.743423
,,,0.743965
,,,0.744394
,,,0.745656
,,,0.746369
,,,0.74645
,,,0.74681
,,,0.747335
,,,0.747673
,,,0.75036
,,,0.750503
,,,0.750847
,,,0.751967
,,,0.752569
,,,0.752591
,,,0.75287
,,,0.753024
,,,0.75371
,,,0.756405
,,,0.756918
,,,0.757183
,,,0.758949
,,,0.759185
,,,0.760176
,,,0.760372
,,,0.761829
,,,0.763019
,,,0.763713
,,,0.763987
,,,0.765013
,,,0.765659
,,,0.766175
,,,0.767702
,,,0.768904
,,,0.76931
,,,0.770622
,,,0.772751
,,,0.773581
,,,0.773646
,,,0.773743
,,,0.774763
,,,0.776659
,,,0.779125
,,,0.779605
,,,0.77975
,,,0.780252
,,,0.781139
,,,0.781583
,,,0.78215
,,,0.78221
,,,0.783118
,,,0.784281
,,,0.784311
,,,0.787173
,,,0.787655
,,,0.788804
,,,0.790371
,,,0.790942
,,,0.794921
,,,0.796314
,,,0.79852
,,,0.798972
,,,0.799116
,,,0.799242
,,,0.799919
,,,0.800443
,,,0.801076
,,,0.801109
,,,0.801149
,,,0.80134
,,,0.801659
,,,0.802528
,,,0.802996
,,,0.803173
,,,0.803227
,,,0.803626
,,,0.803716
,,,0.805352
,,,0.805373
,,,0.805924
,,,0.806066
,,,0.807614
,,,0.808159
,,,0.80893
,,,0.81077
,,,0.810965
,,,0.81138
,,,0.812172
,,,0.812378
,,,0.813814
,,,0.814154
,,,0.815022
,,,0.816737
,,,0.81951
,,,0.819608
,,,0.820375
,,,0.82056
,,,0.822995
,,,0.824212
,,,0.825659
,,,0.826449
,,,0.829238
,,,0.82991
,,,0.830455
,,,0.830482
,,,0.830852
,,,0.830914
,,,0.831472
,,,0.83197
,,,0.833346
,,,0.833634
,,,0.833667
,,,0.833759
,,,0.8341
,,,0.834478
,,,0.834489
,,,0.834743
,,,0.836105
,,,0.836467
,,,0.836609
,,,0.83797
,,,0.838081
,,,0.83831
,,,0.83893
,,,0.83946
,,,0.841269
,,,0.842502
,,,0.843903
,,,0.845876
,,,0.846729
,,,0.846807
,,,0.847399
,,,0.847427
,,,0.847473
,,,0.847705
,,,0.848985
,,,0.849535
,,,0.852887
,,,0.853187
,,,0.853345
,,,0.853458
,,,0.855147
,,,0.856177
,,,0.857183
,,,0.857786
,,,0.857896
,,,0.85923
,,,0.860233
,,,0.861076
,,,0.861636
,,,0.863625
,,,0.864624
,,,0.864638
,,,0.865033
,,,0.865421
,,,0.866125
,,,0.866132
,,,0.86808
,,,0.868243
,,,0.868348
,,,0.868426
,,,0.86888
,,,0.869643
,,,0.870497
,,,0.87165
,,,0.872849
,,,0.873097
,,,0.873452
,,,0.873885
,,,0.874676
,,,0.875119
,,,0.875124
,,,0.87568
,,,0.875697
,,,0.878458
,,,0.878465
,,,0.880186
,,,0.881021
,,,0.881599
,,,0.881869
,,,0.882326
,,,0.882677
,,,0.884619
,,,0.884845
,,,0.886926
,,,0.891079
,,,0.892478
,,,0.893634
,,,0.894043
,,,0.895989
,,,0.896908
,,,0.900269
,,,0.901425
,,,0.904152
,,,0.904391
,,,0.90519
,,,0.906453
,,,0.906712
,,,0.908232
,,,0.910455
,,,0.911329
,,,0.911377
,,,0.911472
,,,0.912285
,,,0.914302
,,,0.914339
,,,0.91736
,,,0.917367
,,,0.918049
,,,0.919487
,,,0.919644
,,,0.92026
,,,0.921499
,,,0.922505
,,,0.923219
,,,0.923359
,,,0.924008
,,,0.924097
,,,0.925929
,,,0.927834
,,,0.928466
,,,0.930277
,,,0.930295
,,,0.930954
,,,0.931524
,,,0.932501
,,,0.932631
,,,0.933498
,,,0.934226
,,,0.935267
,,,0.935548
,,,0.935759
,,,0.935814
,,,0.936019
,,,0.937235
,,,0.939784
,,,0.939909
,,,0.940181
,,,0.941174
,,,0.941339
,,,0.94148
,,,0.94183
,,,0.942002
,,,0.942196
,,,0.943636
,,,0.944982
,,,0.945054
,,,0.945739
,,,0.945837
,,,0.946718
,,,0.9468
,,,0.950967
,,,0.9512
,,,0.95254
,,,0.953049
,,,0.953176
,,,0.953504
,,,0.953907
,,,0.954185
,,,0.954782
,,,0.956104
,,,0.956611
,,,0.956797
,,,0.957486
,,,0.957507
,,,0.957612
,,,0.95834
,,,0.958772
,,,0.958875
,,,0.959289
,,,0.960987
,,,0.962122
,,,0.962273
,,,0.962842
,,,0.965571
,,,0.966283
,,,0.966902
,,,0.96722
,,,0.968232
,,,0.971049
,,,0.971943
,,,0.973387
,,,0.974332
,,,0.975433
,,,0.976482
,,,0.976671
,,,0.977265
,,,0.977988
,,,0.979722
,,,0.980248
,,,0.981845
,,,0.983208
,,,0.984654
,,,0.986662
,,,0.989175
,,,0.989266
,,,0.99117
,,,0.992405
,,,0.992563
,,,0.993531
,,,0.994267
,,,0.994436
,,,0.995064
,,,0.995179
,,,0.998457
,,,1.000594
,,,1.001246
,,,1.002809
,,,1.007541
,,,1.008018
,,,1.009671
,,,1.010023
,,,1.010445
,,,1.010947
,,,1.01324
,,,1.013594
,,,1.014498
,,,1.014552
,,,1.015448
,,,1.016037
,,,1.016132
,,,1.016572
,,,1.016654
,,,1.017589
,,,1.017702
,,,1.018053
,,,1.019277
,,,1.019839
,,,1.021061
,,,1.021264
,,,1.022238
,,,1.023861
,,,1.02445
,,,1.024648
,,,1.025289
,,,1.026986
,,,1.028426
,,,1.028664
,,,1.029423
,,,1.029823
,,,1.031487
,,,1.031792
,,,1.032287
,,,1.0325
,,,1.03316
,,,1.033752
,,,1.035423
,,,1.038388
,,,1.039452
,,,1.039713
,,,1.039868
,,,1.040847
,,,1.042436
,,,1.042524
,,,1.043607
,,,1.044313
,,,1.045547
,,,1.046195
,,,1.047045
,,,1.04938
,,,1.04955
,,,1.050747
,,,1.052261
,,,1.052392
,,,1.053831
,,,1.055231
,,,1.055517
,,,1.059757
,,,1.060083
,,,1.06025
,,,1.060786
,,,1.060992
,,,1.061817
,,,1.062103
,,,1.06246
,,,1.064052
,,,1.065035
,,,1.065427
,,,1.065751
,,,1.066111
,,,1.066328
,,,1.067025
,,,1.067228
,,,1.068573
,,,1.071574
,,,1.072487
,,,1.073002
,,,1.074278
,,,1.074316
,,,1.075478
,,,1.076047
,,,1.077584
,,,1.078506
,,,1.078963
,,,1.080615
,,,1.080751
,,,1.081845
,,,1.082493
,,,1.083073
,,,1.083833
,,,1.084661
,,,1.086
,,,1.089096
,,,1.090612
,,,1.092953
,,,1.09372
,,,1.095576
,,,1.096989
,,,1.097365
,,,1.099374
,,,1.099927
,,,1.102568
,,,1.103283
,,,1.103806
,,,1.105376
,,,1.105486
,,,1.105629
,,,1.106827
,,,1.107348
,,,1.107675
,,,1.109617
,,,1.110375
,,,1.110419
,,,1.110732
,,,1.110826
,,,1.111046
,,,1.111268
,,,1.112454
,,,1.113224
,,,1.113852
,,,1.114622
,,,1.114695
,,,1.115755
,,,1.116438
,,,1.11691
,,,1.121252
,,,1.12186
,,,1.124251
,,,1.124375
,,,1.124696
,,,1.12489
,,,1.125712
,,,1.126037
,,,1.126216
,,,1.128793
,,,1.129184
,,,1.130157
,,,1.130981
,,,1.132893
,,,1.133252
,,,1.134813
,,,1.135111
,,,1.135971
,,,1.137146
,,,1.138107
,,,1.139805
,,,1.14023
,,,1.140576
,,,1.140897
,,,1.141086
,,,1.141246
,,,1.14145
,,,1.145466
,,,1.145622
,,,1.145812
,,,1.147563
,,,1.150613
,,,1.154258
,,,1.154288
,,,1.154567
,,,1.154569
,,,1.155437
,,,1.155559
,,,1.156035
,,,1.156673
,,,1.158588
,,,1.159435
,,,1.160341
,,,1.162763
,,,1.16554
,,,1.165685
,,,1.16597
,,,1.166973
,,,1.167537
,,,1.16981
,,,1.171347
,,,1.172041
,,,1.173857
,,,1.174072
,,,1.174738
,,,1.177155
,,,1.1779
,,,1.178933
,,,1.179885
,,,1.181006
,,,1.18123
,,,1.181428
,,,1.181751
,,,1.181842
,,,1.1821
,,,1.182356
,,,1.184485
,,,1.18585
,,,1.186354
,,,1.186857
,,,1.187473
,,,1.188478
,,,1.189134
,,,1.191459
,,,1.191684
,,,1.192565
,,,1.192891
,,,1.194552
,,,1.194565
,,,1.194871
,,,1.197389
,,,1.197644
,,,1.198627
,,,1.200024
,,,1.200824
,,,1.200896
,,,1.200896
,,,1.201104
,,,1.203071
,,,1.203656
,,,1.204407
,,,1.2077
,,,1.207802
,,,1.210076
,,,1.210433
,,,1.21107
,,,1.214517
,,,1.216641
,,,1.217341
,,,1.218794
,,,1.219357
,,,1.221656
,,,1.222107
,,,1.222228
,,,1.223719
,,,1.225542
,,,1.225947
,,,1.226918
,,,1.229461
,,,1.229603
,,,1.23008
,,,1.231329
,,,1.231519
,,,1.231802
,,,1.233472
,,,1.235902
,,,1.240392
,,,1.240423
,,,1.241407
,,,1.243761
,,,1.243867
,,,1.244677
,,,1.245385
,,,1.245422
,,,1.246295
,,,1.246742
,,,1.247161
,,,1.247165
,,,1.247411
,,,1.247791
,,,1.248004
,,,1.248112
,,,1.248858
,,,1.248892
,,,1.251928
,,,1.251938
,,,1.252365
,,,1.252621
,,,1.256016
,,,1.256762
,,,1.256847
,,,1.257687
,,,1.258076
,,,1.261468
,,,1.261868
,,,1.262404
,,,1.263733
,,,1.268397
,,,1.269752
,,,1.272782
,,,1.273669
,,,1.273724
,,,1.275606
,,,1.27625
,,,1.276326
,,,1.278212
,,,1.278518
,,,1.280082
,,,1.280319
,,,1.28053
,,,1.281209
,,,1.28311
,,,1.286431
,,,1.28779
,,,1.288282
,,,1.289336
,,,1.289409
,,,1.289648
,,,1.289676
,,,1.292265
,,,1.29373
,,,1.295909
,,,1.297052
,,,1.298649
,,,1.298789
,,,1.300547
,,,1.301382
,,,1.304244
,,,1.306068
,,,1.306562
,,,1.306878
,,,1.307765
,,,1.308326
,,,1.311016
,,,1.311955
,,,1.313087
,,,1.313087
,,,1.313766
,,,1.313852
,,,1.314173
,,,1.314746
,,,1.315742
,,,1.316682
,,,1.316963
,,,1.318211
,,,1.319672
,,,1.320003
,,,1.320777
,,,1.321161
,,,1.321672
,,,1.322787
,,,1.32419
,,,1.324515
,,,1.325086
,,,1.325774
,,,1.326131
,,,1.328919
,,,1.329384
,,,1.329788
,,,1.330719
,,,1.331445
,,,1.332535
,,,1.332751
,,,1.333615
,,,1.334282
,,,1.335049
,,,1.337407
,,,1.338028
,,,1.338109
,,,1.344575
,,,1.347236
,,,1.347404
,,,1.348718
,,,1.350637
,,,1.352613
,,,1.353525
,,,1.353773
,,,1.354525
,,,1.35512
,,,1.357292
,,,1.357871
,,,1.357939
,,,1.35845
,,,1.359051
,,,1.359137
,,,1.359926
,,,1.361081
,,,1.362484
,,,1.363305
,,,1.365575
,,,1.367696
,,,1.368006
,,,1.369367
,,,1.369582
,,,1.369856
,,,1.369882
,,,1.371016
,,,1.371275
,,,1.3717
,,,1.372088
,,,1.372943
,,,1.373125
,,,1.374201
,,,1.374263
,,,1.37435
,,,1.376463
,,,1.376921
,,,1.378072
,,,1.378441
,,,1.380067
,,,1.380514
,,,1.380639
,,,1.380794
,,,1.380892
,,,1.38136
,,,1.382441
,,,1.382799
,,,1.382814
,,,1.385703
,,,1.38664
,,,1.387448
,,,1.390075
,,,1.390785
,,,1.392296
,,,1.395971
,,,1.396154
,,,1.396216
,,,1.397915
,,,1.398388
,,,1.399076
,,,1.399428
,,,1.401251
,,,1.402782
,,,1.404167
,,,1.407022
,,,1.407511
,,,1.413044
,,,1.413853
,,,1.415949
,,,1.418104
,,,1.418922
,,,1.420588
,,,1.422321
,,,1.423713
,,,1.424686
,,,1.425155
,,,1.42664
,,,1.427032
,,,1.427604
,,,1.428566
,,,1.428988
,,,1.432523
,,,1.433867
,,,1.43432
,,,1.434524
,,,1.435879
,,,1.436066
,,,1.439363
,,,1.440243
,,,1.440464
,,,1.440703
,,,1.441258
,,,1.442895
,,,1.442953
,,,1.444554
,,,1.444797
,,,1.445664
,,,1.448419
,,,1.451033
,,,1.453006
,,,1.453333
,,,1.453437
,,,1.454511
,,,1.45508
,,,1.456166
,,,1.460979
,,,1.461155
,,,1.461872
,,,1.461882
,,,1.462654
,,,1.464696
,,,1.465697
,,,1.465776
,,,1.466006
,,,1.46802
,,,1.468406
,,,1.47234
,,,1.474507
,,,1.477051
,,,1.47864
,,,1.48043
,,,1.481676
,,,1.482184
,,,1.48606
,,,1.486787
,,,1.487086
,,,1.489814
,,,1.490726
,,,1.494079
,,,1.494232
,,,1.495043
,,,1.496384
,,,1.496813
,,,1.498702
,,,1.499039
,,,1.499758
,,,1.499899
,,,1.500366
,,,1.502226
,,,1.503429
,,,1.50351
,,,1.503905
,,,1.507293
,,,1.508012
,,,1.508199
,,,1.50822
,,,1.509024
,,,1.509196
,,,1.511715
,,,1.511777
,,,1.512407
,,,1.512932
,,,1.514156
,,,1.515329
,,,1.515337
,,,1.517466
,,,1.519153
,,,1.519178
,,,1.519372
,,,1.521301
,,,1.521566
,,,1.521781
,,,1.522658
,,,1.523338
,,,1.526993
,,,1.528112
,,,1.528772
,,,1.528899
,,,1.529301
,,,1.529606
,,,1.529658
,,,1.529704
,,,1.530482
,,,1.531039
,,,1.532818
,,,1.533311
,,,1.533504
,,,1.534468
,,,1.535398
,,,1.536634
,,,1.537628
,,,1.538448
,,,1.54187
,,,1.54237
,,,1.544128
,,,1.546115
,,,1.549803
,,,1.555033
,,,1.555752
,,,1.555877
,,,1.556367
,,,1.557742
,,,1.557775
,,,1.558424
,,,1.558507
,,,1.558753
,,,1.560117
,,,1.560906
,,,1.561145
,,,1.565701
,,,1.567722
,,,1.567784
,,,1.568767
,,,1.570834
,,,1.570892
,,,1.571716
,,,1.572274
,,,1.575763
,,,1.576351
,,,1.578821
,,,1.581431
,,,1.581904
,,,1.582444
,,,1.583125
,,,1.584132
,,,1.586869
,,,1.587168
,,,1.588855
,,,1.589218
,,,1.593047
,,,1.593182
,,,1.59353
,,,1.594909
,,,1.595101
,,,1.595146
,,,1.596242
,,,1.598237
,,,1.599465
,,,1.599995
,,,1.601186
,,,1.602138
,,,1.602959
,,,1.604319
,,,1.60465
,,,1.605007
,,,1.606699
,,,1.609952
,,,1.61028
,,,1.610343
,,,1.613016
,,,1.61387
,,,1.615647
,,,1.616567
,,,1.617463
,,,1.620517
,,,1.620583
,,,1.621686
,,,1.623011
,,,1.623491
,,,1.623599
,,,1.623742
,,,1.623762
,,,1.624561
,,,1.62486
,,,1.626844
,,,1.62812
,,,1.628138
,,,1.628518
,,,1.629681
,,,1.63071
,,,1.631173
,,,1.633545
,,,1.633986
,,,1.634841
,,,1.635405
,,,1.637379
,,,1.637582
,,,1.637874
,,,1.641603
,,,1.643666
,,,1.647575
,,,1.649688
,,,1.65007
,,,1.650751
,,,1.653078
,,,1.653331
,,,1.653447
,,,1.653583
,,,1.654008
,,,1.654981
,,,1.656273
,,,1.656803
,,,1.658066
,,,1.65843
,,,1.662321
,,,1.662448
,,,1.663205
,,,1.663714
,,,1.666396
,,,1.670995
,,,1.6721
,,,1.672758
,,,1.673614
,,,1.674448
,,,1.675356
,,,1.676544
,,,1.678176
,,,1.678911
,,,1.687502
,,,1.688001
,,,1.688007
,,,1.688628
,,,1.690795
,,,1.692147
,,,1.692191
,,,1.692979
,,,1.694979
,,,1.695081
,,,1.695162
,,,1.695423
,,,1.696816
,,,1.700097
,,,1.70036
,,,1.701616
,,,1.701642
,,,1.702269
,,,1.704195
,,,1.704761
,,,1.70696
,,,1.708149
,,,1.712241
,,,1.712307
,,,1.712888
,,,1.71398
,,,1.717187
,,,1.717725
,,,1.71831
,,,1.719869
,,,1.720181
,,,1.722813
,,,1.72349
,,,1.72366
,,,1.723675
,,,1.724657
,,,1.724809
,,,1.727529
,,,1.727887
,,,1.728661
,,,1.730638
,,,1.733208
,,,1.733836
,,,1.735141
,,,1.736234
,,,1.736974
,,,1.739205
,,,1.741015
,,,1.74129
,,,1.741561
,,,1.743228
,,,1.74422
,,,1.746819
,,,1.747562
,,,1.748173
,,,1.748812
,,,1.749414
,,,1.749682
,,,1.751588
,,,1.753018
,,,1.755233
,,,1.75578
,,,1.756651
,,,1.758488
,,,1.758527
,,,1.759926
,,,1.760379
,,,1.768508
,,,1.769129
,,,1.769354
,,,1.769656
,,,1.771393
,,,1.773184
,,,1.773469
,,,1.775306
,,,1.775901
,,,1.780682
,,,1.781267
,,,1.782246
,,,1.783257
,,,1.785485
,,,1.785529
,,,1.787225
,,,1.787287
,,,1.78821
,,,1.791172
,,,1.793207
,,,1.794131
,,,1.794149
,,,1.794851
,,,1.79837
,,,1.800031
,,,1.800082
,,,1.800416
,,,1.800848
,,,1.800886
,,,1.803053
,,,1.803101
,,,1.806559
,,,1.806867
,,,1.808199
,,,1.808254
,,,1.810466
,,,1.811832
,,,1.812526
,,,1.812551
,,,1.818934
,,,1.821457
,,,1.823553
,,,1.823633
,,,1.823643
,,,1.825594
,,,1.825797
,,,1.829437
,,,1.831454
,,,1.83255
,,,1.83391
,,,1.833958
,,,1.834057
,,,1.834342
,,,1.834525
,,,1.83744
,,,1.839473
,,,1.840685
,,,1.841875
,,,1.842012
,,,1.843405
,,,1.844608
,,,1.844637
,,,1.845292
,,,1.846653
,,,1.847594
,,,1.847832
,,,1.848661
,,,1.850856
,,,1.854245
,,,1.858215
,,,1.858661
,,,1.861618
,,,1.862638
,,,1.862919
,,,1.863797
,,,1.864751
,,,1.865046
,,,1.865077
,,,1.868124
,,,1.869008
,,,1.873803
,,,1.874304
,,,1.875207
,,,1.875479
,,,1.875506
,,,1.881084
,,,1.881091
,,,1.883553
,,,1.883873
,,,1.884686
,,,1.885825
,,,1.885995
,,,1.8861
,,,1.886239
,,,1.889633
,,,1.889655
,,,1.894536
,,,1.894552
,,,1.8947
,,,1.8982
,,,1.89878
,,,1.89949
,,,1.899691
,,,1.901601
,,,1.90196
,,,1.902362
,,,1.903405
,,,1.904505
,,,1.905001
,,,1.908313
,,,1.909059
,,,1.910529
,,,1.912442
,,,1.916851
,,,1.917057
,,,1.926503
,,,1.928787
,,,1.929
,,,1.930262
,,,1.930476
,,,1.932076
,,,1.932598
,,,1.932991
,,,1.933682
,,,1.936341
,,,1.93681
,,,1.938364
,,,1.941582
,,,1.942754
,,,1.948166
,,,1.950309
,,,1.951719
,,,1.952545
,,,1.95642
,,,1.960179
,,,1.964312
,,,1.9679
,,,1.968044
,,,1.974052
,,,1.97476
,,,1.976294
,,,1.977495
,,,1.978575
,,,1.978659
,,,1.982391
,,,1.984114
,,,1.987041
,,,1.993051
,,,1.99357
,,,1.999591
,,,2.000141
,,,2.000955
,,,2.002533
,,,2.002855
,,,2.00497
,,,2.006531
,,,2.00926
,,,2.009496
,,,2.010599
,,,2.012465
,,,2.012716
,,,2.013336
,,,2.015215
,,,2.017246
,,,2.017389
,,,2.020211
,,,2.021498
,,,2.022189
,,,2.026431
,,,2.028228
,,,2.033191
,,,2.033718
,,,2.03457
,,,2.034767
,,,2.037084
,,,2.037334
,,,2.040118
,,,2.052982
,,,2.054483
,,,2.055779
,,,2.058463
,,,2.060196
,,,2.0664
,,,2.071754
,,,2.076805
,,,2.079664
,,,2.080549
,,,2.082552
,,,2.088598
,,,2.091744
,,,2.092071
,,,2.092433
,,,2.098927
,,,2.099542
,,,2.104209
,,,2.110231
,,,2.11056
,,,2.110576
,,,2.112283
,,,2.114831
,,,2.116077
,,,2.116406
,,,2.118562
,,,2.122612
,,,2.124348
,,,2.131
,,,2.132164
,,,2.132686
,,,2.134531
,,,2.137919
,,,2.140417
,,,2.1409
,,,2.141522
,,,2.14421
,,,2.144354
,,,2.150209
,,,2.152398
,,,2.152581
,,,2.159815
,,,2.159834
,,,2.160243
,,,2.160284
,,,2.161722
,,,2.166542
,,,2.167073
,,,2.16932
,,,2.175343
,,,2.178719
,,,2.17933
,,,2.182921
,,,2.192707
,,,2.19479
,,,2.19878
,,,2.200213
,,,2.200587
,,,2.20316
,,,2.207811
,,,2.208374
,,,2.213752
,,,2.213758
,,,2.215474
,,,2.218807
,,,2.219381
,,,2.225581
,,,2.227066
,,,2.228154
,,,2.231314
,,,2.233023
,,,2.236106
,,,2.248617
,,,2.249622
,,,2.251513
,,,2.25278
,,,2.257066
,,,2.259486
,,,2.261611
,,,2.264226
,,,2.268163
,,,2.268637
,,,2.269776
,,,2.272319
,,,2.277001
,,,2.277481
,,,2.280963
,,,2.286052
,,,2.293052
,,,2.294238
,,,2.296581
,,,2.296778
,,,2.297837
,,,2.300095
,,,2.303766
,,,2.303839
,,,2.306027
,,,2.309145
,,,2.31521
,,,2.320978
,,,2.323192
,,,2.323502
,,,2.327807
,,,2.330863
,,,2.331399
,,,2.331893
,,,2.337137
,,,2.338207
,,,2.344408
,,,2.344841
,,,2.346723
,,,2.346726
,,,2.350346
,,,2.352126
,,,2.357215
,,,2.358523
,,,2.367369
,,,2.370025
,,,2.371521
,,,2.376243
,,,2.379378
,,,2.380167
,,,2.38121
,,,2.382079
,,,2.382647
,,,2.384164
,,,2.385003
,,,2.385655
,,,2.387265
,,,2.387621
,,,2.388693
,,,2.391137
,,,2.392206
,,,2.392693
,,,2.394756
,,,2.397858
,,,2.400574
,,,2.408482
,,,2.409882
,,,2.418762
,,,2.424076
,,,2.428339
,,,2.430376
,,,2.431716
,,,2.442215
,,,2.443813
,,,2.447636
,,,2.453055
,,,2.460113
,,,2.463181
,,,2.464619
,,,2.466257
,,,2.467213
,,,2.470107
,,,2.471567
,,,2.473875
,,,2.473961
,,,2.478665
,,,2.481399
,,,2.481629
,,,2.484193
,,,2.488809
,,,2.48888
,,,2.492096
,,,2.493655
,,,2.496753
,,,2.501494
,,,2.506464
,,,2.511953
,,,2.513066
,,,2.516346
,,,2.520439
,,,2.520724
,,,2.52437
,,,2.534134
,,,2.544038
,,,2.54589
,,,2.546481
,,,2.55079
,,,2.565972
,,,2.57714
,,,2.577387
,,,2.57819
,,,2.589832
,,,2.590067
,,,2.591355
,,,2.592309
,,,2.592388
,,,2.595453
,,,2.597188
,,,2.598876
,,,2.599271
,,,2.602783
,,,2.610271
,,,2.610875
,,,2.62057
,,,2.627595
,,,2.627796
,,,2.630032
,,,2.640055
,,,2.645369
,,,2.65035
,,,2.654553
,,,2.655211
,,,2.660143
,,,2.663074
,,,2.663732
,,,2.6669
,,,2.670261
,,,2.672748
,,,2.677185
,,,2.683018
,,,2.693973
,,,2.695669
,,,2.721222
,,,2.722631
,,,2.735797
,,,2.740963
,,,2.756668
,,,2.764682
,,,2.766803
,,,2.769708
,,,2.772375
,,,2.782493
,,,2.789298
,,,2.798945
,,,2.800314
,,,2.801717
,,,2.807277
,,,2.809341
,,,2.810136
,,,2.813711
,,,2.816572
,,,2.821627
,,,2.82281
,,,2.850606
,,,2.850731
,,,2.866768
,,,2.867553
,,,2.871867
,,,2.872549
,,,2.875986
,,,2.885628
,,,2.894971
,,,2.901893
,,,2.902329
,,,2.906435
,,,2.91754
,,,2.920104
,,,2.927633
,,,2.928031
,,,2.936812
,,,2.943109
,,,2.94366
,,,2.94983
,,,2.951947
,,,2.960442
,,,2.967671
,,,2.971626
,,,2.97498
,,,2.984288
,,,2.9922
,,,2.995068
,,,3.010819
,,,3.023793
,,,3.046023
,,,3.058561
,,,3.064734
,,,3.067671
,,,3.07421
,,,3.080905
,,,3.083415
,,,3.11645
,,,3.123742
,,,3.129841
,,,3.130609
,,,3.131906
,,,3.149977
,,,3.153588
,,,3.153972
,,,3.159608
,,,3.178806
,,,3.186963
,,,3.197824
,,,3.200167
,,,3.201364
,,,3.211275
,,,3.212913
,,,3.220521
,,,3.251097
,,,3.257835
,,,3.283055
,,,3.286204
,,,3.321242
,,,3.32787
,,,3.378254
,,,3.39949
,,,3.446047
,,,3.462364
,,,3.479937
,,,3.55821
,,,3.584719
,,,3.58757
,,,3.644936
,,,3.655312
,,,3.711472
,,,3.724134
,,,3.772085
,,,3.779845
,,,3.781241
,,,3.810693
,,,3.862611
,,,4.109491
,,,4.180941
,,,4.182369
,,,4.192545
,,,4.192711
,,,4.215297
,,,4.74002
,,,5.591945
,,,5.827563
,,,6.190803
,,,7.913073