LDLR-FL FUSE,UKB mean LDL-C
0.257709,167.0734
0.740728,131.7354
0.348443,145.6137
0.278613,134.0753
0.35177,144.6096
0.342501,144.6297
0.192051,145.6303
0.232803,141.5931
0.230706,141.3655
0.100812,166.0093
0.457152,177.163
0.354453,145.398
0.268546,140.012
1.223841,199.9502
1.139532,196.481
1.114511,184.6135
1.26202,243.672
1.321326,199.9069
0.927763,226.978
0.626832,274.141
0.72751,84.242
0.354287,165.501
0.173414,186.7956
0.587412,201.1415
0.910764,402.718
0.367678,238.1824
0.674022,288.3566
0.651929,
0.608642,215.0988
0.38545,201.5089
0.552299,194.005
0.558013,194.629
0.501373,
0.417545,339.946
0.646372,166.6875
0.860013,269.0917
0.32334,181.98
0.32904,215.7773
0.599926,178.544
0.37392,163.628
0.43341,204.8182
0.421605,
0.050055,149.381
0.302845,211.3192
0.398051,184.9755
0.427856,172.7994
0.693812,424.815
0.334748,
0.471951,229.8952
0.299015,238.902
0.465866,255.336
0.295548,226.07
0.507907,224.6835
0.891058,188.764
0.452108,173.7708
0.565394,
0.262142,154.781
0.780486,248.9534
-0.05474,94.277
0.548184,120.959
0.337926,104.254
0.383029,336.04
0.473997,229.8017
0.21372,174.9163
0.595925,160.2365
0.708888,222.959
0.375386,226.9585
0.655997,236.272
0.329228,169.484
0.516524,174.1568
0.179791,187.9081
0.478285,133.466
0.43238,371.616
0.185181,196.481
0.543747,227.881
0.116587,207.436
-0.12517,156.883
0.177704,215.9157
0.320846,196.7481
0.380152,
0.19864,155.994
0.770073,319.164
0.55663,
0.536502,240.2855
0.638756,
0.284564,169.4365
0.342747,243.6712
0.464857,200.3658
0.821622,178.9855
1.11589,309.579
1.129886,185.886
1.237298,116.203
0.786267,180.742
0.380447,170.3546
0.305885,114.2195
0.7912,144.8107
0.658267,102.552
0.682729,178.4148
0.304317,132.6705
0.547469,163.7873
0.4422,151.0248
0.213458,143.2569
0.286832,176.6478
0.42831,150.4552
0.517386,145.8059
0.074815,165.566
0.422459,201.827
0.945989,146.0894
0.523048,143.8655
0.509366,
0.038119,154.348
0.358037,116.41
0.221114,160.2417
0.539553,170.7772
0.356454,123.1435
0.176205,150.5707
0.600092,179.157
0.482688,162.0742
0.789389,146.393
0.652542,192.175
0.543578,270.633
0.555432,191.25
0.841388,255.375
0.0302,152.9668
0.354904,200.271
0.121491,142.8042
0.397837,186.891
0.41349,206.22
0.481219,120.5516
0.411715,127.301
0.263766,140.468
0.599214,165.9968
0.417556,134.057
0.408237,
0.330013,153.5793
0.246048,163.0515
0.72818,161.4003
0.466311,219.924
0.516847,183.2682
0.244348,119.49
0.466107,144.5655
0.205855,293.619
0.297723,131.458
0.378102,146.3607
0.321346,238.4265
0.240932,167.8137
0.426573,
0.43566,165.9837
0.879871,196.18
0.343526,137.8938
0.213292,146.6572
0.117852,126.2858
0.319478,164.733
0.437206,165.4668
0.156281,155.1221
0.424433,194.122
0.254978,175.3854
0.414197,134.2645
0.438568,143.4455
0.502896,163.0858
0.022736,151.5227
0.021696,192.118
0.419644,153.4421
0.123902,220.489
0.418127,162.0063
0.128233,131.5935
0.200746,126.953
0.443547,136.7143
0.572021,223.677
0.401185,
0.55486,214.4127
0.084465,217.932
0.713078,156.2713
0.449415,87.2775
0.260673,148.4951
0.369017,165.3122
0.380379,159.2805
0.3129,163.242
-0.03592,
0.379931,165.187
0.13971,150.6029
0.253891,159.899
0.226387,157.1739
0.319448,172.5138
0.283087,135.8824
0.253543,136.4446
0.469953,146.0163
0.103464,141.512
0.1623,97.834
0.336526,129.1536
0.150861,132.2313
0.342997,163.689
0.35131,
0.498177,132.3445
0.376726,149.4538
0.507974,
0.621666,172.9618
0.478849,158.082
0.23762,143.0061
0.236659,106.497
0.315296,163.0002
0.28021,124.885
0.334757,155.6845
0.281427,282.4
0.275483,123.977
0.176581,137.0648
0.131828,135.6038
0.387684,198.9175
0.432464,118.6195
0.236704,165.6543
0.7007,
0.424378,154.9801
1.023812,184.5184
0.426765,107.85
0.228963,166.1089
0.1615,171.0873
0.406156,216.0258
0.402782,159.693
0.059216,154.6627
0.420384,176.8497
0.491631,105.94
0.222187,148.7436
0.272467,171.2297
0.395693,146.6935
0.127852,127.717
0.172908,151.9534
0.498038,150.7223
0.388135,108.717
0.136289,140.9118
0.411371,
0.336344,195.372
0.499217,199.149
-0.0379,140.9538
0.282455,191.0838
0.151494,177.881
0.064866,145.8257
0.308289,152.436
0.051194,149.0465
0.168785,120.379
-0.04001,149.8457
0.147925,122.738
0.397263,146.7246
0.415995,178.5737
0.104961,134.455
0.271453,
0.117809,112.142
0.399633,112.5677
0.151977,144.5205
0.096193,133.7089
0.079719,144.9345
0.493152,176.179
0.283894,152.5226
0.193722,172.544
0.173121,137.8833
0.547935,171.4673
0.30595,172.9815
0.520395,145.4034
0.273821,143.1039
0.50804,137.1771
-0.10914,132.753
0.970084,157.141
1.031791,219.2923
0.259182,156.6279
,144.1663
0.384363,148.5484
0.56664,128.1196
,
0.135031,147.602
0.397674,174.5706
0.282404,120.108
0.383052,209.038
0.402085,135.2499
0.413824,134.841
0.139515,127.2676
0.272047,148.0832
0.493746,150.726
-0.28161,128.7307
0.506098,155.1628
1.363625,
1.032119,
1.582552,
1.394777,
1.317607,
1.069351,
1.217775,
1.099076,
1.458703,
1.197608,
1.44189,
1.403291,
1.405022,
1.003468,
1.305686,
1.227459,
1.368562,
0.95296,
0.78698,
1.313655,
1.401635,
1.12585,
1.277428,
1.090176,
0.877148,
1.351748,
0.995211,
1.030216,
0.857885,
1.468704,
1.076724,
1.582324,
1.015521,
1.208198,
1.056833,
0.949232,
1.475087,
1.208614,
1.214581,
1.038814,
0.864515,
0.948869,
1.598065,
1.398717,
0.907487,
0.816863,
1.323572,
1.00912,
0.850237,
0.780521,
1.332927,
0.910303,
1.113057,
1.154952,
1.345392,
1.23849,
0.83674,
1.154606,
1.029521,
1.392111,
1.14788,
0.685607,
0.682158,
1.391883,
1.32335,
0.857848,
1.088532,
0.865759,
0.817048,
0.760496,
1.278263,
0.787009,
1.314896,
1.130802,
0.501634,
0.884925,
0.656747,
0.775395,
0.457109,
0.720668,
0.760771,
0.934531,
1.497765,
0.537754,
1.469508,
1.259282,
0.913028,
0.63956,
0.87184,
1.416747,
1.017086,
1.239202,
0.86369,
0.887201,
0.959936,
0.745369,
1.04689,
1.195342,
1.214666,
0.980717,
1.212047,
1.126694,
0.419256,
0.878072,
0.984014,
1.028314,
1.393936,
1.177348,
1.032916,
1.015059,
1.111252,
0.75268,
1.419538,
0.614105,
1.24981,
0.420436,
0.944019,
0.735727,
1.067093,
0.852907,
0.988448,
0.666534,
0.617709,
0.576847,
0.341517,
0.561228,
0.696695,
0.633903,
0.875003,
0.554335,
0.811756,
1.266607,
1.098744,
1.02424,
0.715554,
0.385335,
1.153477,
1.034598,
0.607956,
0.935336,
1.056049,
1.056049,
0.54702,147.9008
0.868686,
1.292893,
0.208321,
1.186323,
1.497056,
0.598825,
1.336007,
0.485948,
0.927801,
0.934372,
1.407624,
0.714517,
0.845425,
0.92779,
0.75416,
0.939178,
1.381321,
0.542719,
1.317929,
0.955169,
1.035671,
1.237018,
1.29536,
0.787237,
0.91888,
0.837323,
0.738332,
1.222388,
1.158442,
0.747917,
0.613822,
0.412644,
1.136353,
0.856185,
0.436241,
0.486478,
0.834037,
0.841747,
0.631497,
0.805716,
0.835743,
1.487702,
0.522002,
1.23667,
0.749924,
0.580005,
1.288139,219.368
0.905701,
0.857886,
0.941027,
0.514675,
0.613642,
0.511579,
0.797571,
0.857958,
1.379366,
0.821737,
0.650346,
0.444454,
0.982795,
1.329396,
0.448851,97.873
0.948203,
0.599773,
1.099199,
0.815542,
0.840022,
1.025244,
1.034745,
0.897073,
1.180794,
1.083004,
0.535305,
0.609707,
0.510077,
0.845037,
0.758618,
1.688206,
0.954351,
0.665405,
0.836696,
1.266624,
0.967219,
0.509904,
0.545878,
0.237933,
0.577457,
1.049051,
0.604631,
0.829477,
0.628836,
0.602816,
1.407393,
0.941905,
0.803143,
0.739124,179.66
0.664959,
0.888712,
0.529443,
0.704014,
0.237605,
0.764643,
0.521173,
0.644442,
0.835623,
0.662578,
0.79554,
0.547469,
1.278977,
1.227929,
0.789595,
0.633642,
0.615852,
1.016568,
0.70323,
1.097574,
0.889493,
0.726062,
0.919447,
0.732163,
0.743057,
0.894997,
0.652886,
0.786119,
0.376914,
0.513656,
0.61801,
0.342367,
0.490137,
0.224678,
1.060321,
0.62831,
0.48476,
1.200036,
0.897114,
0.811053,
0.839277,
1.208412,
0.79644,
0.709116,
0.470305,
0.676347,
1.124628,
0.68119,178.4187
0.846072,
0.810278,
0.499898,
0.32674,
0.519905,
0.426755,
0.545802,
0.813536,
0.776844,
0.793284,
0.582397,
0.915713,
0.619842,
0.8448,
1.130226,
0.825694,
0.969384,
0.308166,
0.390971,
0.747386,
0.949695,
0.934467,
0.718957,
1.292434,
0.895876,
0.60519,
0.83577,
0.891941,
0.848603,
0.446649,
0.621402,
0.725975,
0.326588,
0.549149,
0.744424,
0.679816,
0.842703,
1.249381,
0.427262,
0.485357,
0.487529,
0.728831,
0.697963,
1.372743,
0.604022,
0.835345,
0.733494,
0.687543,
0.927412,
0.87641,
1.037866,
0.256515,
0.634559,
0.478004,
0.630519,
0.939672,
0.767046,
0.275367,
0.272009,
0.589449,
0.684578,
0.796067,
0.922745,
0.648126,
0.491802,
0.263349,
0.748298,
1.220393,
1.029047,
0.332053,
0.412341,
0.202318,
0.834086,
0.445826,
1.158705,
1.250006,
1.38526,
0.741151,
0.544569,
1.098427,
0.526886,
0.92168,
0.863139,
0.853847,
0.822738,
0.608455,
0.612136,
0.636379,
0.708218,
0.366297,
0.704071,
0.756252,
0.555679,
0.921746,
0.571712,
0.382577,
0.4548,
1.030721,
0.432608,
0.544735,
1.199037,
0.360755,
1.136098,
0.659513,
1.017078,
0.372515,
0.961492,
0.770573,
0.476864,
0.840836,
0.455943,
0.819133,
0.640978,
0.917957,
0.881602,
0.599418,
1.313995,
0.856968,
0.597967,
0.839084,
0.640093,
0.836265,
0.758016,
0.47944,
0.669768,
0.641757,
0.50499,
0.310757,
0.386494,
0.509079,
0.396099,
0.564324,
1.074859,
0.770727,
0.536737,
0.568001,
0.807172,
0.720333,
0.643912,
0.503506,
0.591314,
0.402841,219.755
0.630471,
0.835988,
0.972041,
0.435667,
0.340201,
0.894738,
0.452515,
0.453804,
1.168623,
0.505224,
0.505727,
0.663787,
0.578421,
1.076078,
0.353408,
0.846255,
0.701168,
0.549788,
0.11519,
1.043956,
0.633227,
0.901195,
0.582457,157.5765
0.292957,217.788
0.798275,
0.922816,
0.482481,
0.343306,
0.645096,
0.286833,
0.671782,
0.395267,
0.593905,
0.512904,198.2405
0.52956,
0.807931,
0.97377,
0.045332,137.554
0.682466,
0.84936,
0.56568,
0.298068,
0.767754,
0.897651,
0.458688,
0.415499,
0.890861,
0.639291,
0.662768,
0.227741,
0.465458,
0.370099,
0.916596,
0.577116,
0.941296,
0.758483,
0.445415,
0.575145,
0.624302,
0.611436,
0.910285,
0.720731,
0.726918,
0.568031,
0.554862,
0.813706,
0.887543,
0.528089,
0.35921,
0.7583,
0.750199,
0.937209,
0.700812,
0.877651,
0.573404,
0.502844,
0.537798,
0.689608,
0.756992,
0.633176,
0.987256,
0.537645,
0.8841,
0.867698,
0.421616,
1.090048,
0.541244,
0.446666,
0.60101,
0.861816,
0.296113,
0.637773,
0.720742,
0.370577,
0.445807,
0.567943,
0.654065,
0.472465,
1.058838,
0.881374,
0.828583,
0.495819,
0.487915,
0.79294,
0.498227,
0.844784,
0.410824,
0.70523,
0.839927,
0.508246,
0.569829,
0.637543,
1.248563,
0.626956,
0.494399,
0.45544,
0.889932,
0.577392,
0.854998,
0.710118,
0.780145,
0.821347,
0.472968,
0.801556,
0.607729,
0.540896,
0.492945,
0.845619,
0.829447,
0.494109,
0.326227,
0.925514,
0.593969,
0.669177,
0.573587,
0.469013,
0.930776,
0.721306,
0.404128,
0.240664,
0.286239,
0.730666,
0.662277,
1.145453,
0.427318,
1.063996,
0.393744,
0.735001,
0.647487,
0.268354,
0.422234,
0.11905,
0.337267,
0.958695,
1.231387,
0.494317,
0.499532,
0.894651,
0.222591,151.353
0.396502,
0.953283,
1.1726,
0.496306,
0.350167,
0.486933,
0.546561,
0.394688,
0.817091,
0.956142,
0.729061,
1.130252,
0.502274,
0.327003,
0.800196,
0.675077,
0.72563,
1.00248,
0.638202,
1.342329,
0.308056,
0.542683,161.754
0.441503,
0.120883,
0.922763,
0.541219,
0.586282,
0.99132,
0.661885,
0.589273,
0.469883,
1.026355,
0.326567,
0.746941,
0.409812,
0.785348,
0.338129,
0.668956,
0.816533,
1.128487,
0.63413,
0.559034,
0.41811,
0.852646,
0.544285,
0.323491,
1.136606,
0.878641,
0.698923,
0.931491,
0.418453,
0.599253,
0.548691,
0.599971,
0.762705,
0.20436,
0.690416,
0.198292,
0.755472,
0.461737,
0.500976,
0.401437,
0.601488,
0.568217,
0.646217,
0.534421,
0.768574,
-0.02481,
0.490533,
0.718895,
0.393177,
0.371862,
0.575466,
0.448974,
0.576775,
0.548573,
0.443381,
0.610473,
0.422134,
0.585533,
0.859321,
0.526671,
0.574392,
0.829803,
0.344439,
0.826283,
0.564942,
0.953814,
0.621167,
0.268368,
0.618938,
0.296599,
0.854015,
0.596639,
0.341195,
0.533848,
0.36586,
0.49634,
0.323854,
0.189334,
0.651123,
0.762983,
0.618325,
0.416521,
0.639423,
0.931226,
0.336589,
0.726401,
0.380126,
0.760368,
0.668789,294.374
0.386784,
0.520618,
0.546794,
0.682238,
0.303863,
0.743619,141.415
0.626171,
0.385238,
0.770481,
0.469574,
0.477551,
0.170603,
0.436553,
0.275331,
0.407685,
0.472055,
0.507339,
0.614893,
0.497992,
0.298656,
0.248133,
0.507273,
0.648316,
0.931629,
0.467915,
0.34544,
0.468138,
0.641017,
0.534045,
0.548467,
0.547018,
0.68351,
0.374251,
0.661897,
0.79522,
0.819917,
0.384,
0.598458,
0.33722,
0.524274,
0.08015,
0.550934,
0.436406,
0.535207,
0.688424,113.109
0.585479,
0.402106,
0.410879,
0.712958,
0.607664,
0.415382,
0.299709,
0.433561,
0.529038,
0.226901,
0.661483,
0.6299,
0.394447,
0.357109,
0.622574,
0.518381,
0.185965,
0.403392,
0.555254,
0.706748,
0.334699,
1.16097,
0.540335,
1.277366,
0.546834,
0.548894,
0.794873,
0.667403,
0.753063,
0.462771,
0.628625,132.7535
0.584713,
0.870511,
0.350339,
0.400691,
0.583869,
0.357801,
0.611913,
0.669813,
0.278651,
0.569408,
0.429884,
0.596041,
0.519015,
0.358621,
0.435096,
0.83977,
0.512779,
0.408648,
0.719684,
0.624864,
0.667825,
0.7537,
0.761397,
0.415686,
0.315516,
0.420518,
0.404469,
0.388565,
0.22193,
0.625062,
0.669795,
0.837829,
0.932159,
0.536662,
0.641565,
0.414914,
0.56178,
0.439183,
0.437088,
0.482548,
0.331722,
0.486011,
0.817607,
0.584749,
0.478605,
0.632866,
0.72311,
0.456628,
0.518055,
0.649697,
0.591689,
0.483434,
0.24299,
0.21155,
0.713611,
0.252838,
0.996807,
0.191659,
0.836664,
0.41708,
0.467103,
0.354603,
0.728581,
0.598236,
0.640522,
0.517622,
0.778808,
0.697979,
0.39391,
0.465532,
0.610298,
0.577882,
0.591261,
0.707669,
0.831785,
0.309027,
1.016203,
0.367193,
0.253687,
0.415864,
0.229659,
0.815645,
1.081112,
0.611289,
0.852828,
0.601257,
0.57339,
0.122097,
0.754823,
0.155716,
0.740476,
0.588217,
0.364042,
0.250425,
0.401624,
0.855638,
0.469642,
0.805422,
0.3557,
0.254378,
0.692815,
0.705002,
0.382953,179.853
0.37333,
0.250854,
0.468756,
0.432737,
0.313347,
0.578914,
0.456172,
0.421644,
0.428346,
0.46179,
0.551427,
0.91915,
0.750583,
0.651616,
0.371548,
0.328642,
0.84469,
0.497619,
0.235836,
0.591382,
0.407454,
0.120851,
0.150895,
0.367133,
0.569388,144.973
0.659235,
0.442465,88.94
0.419018,
0.575831,
0.415065,
0.508906,
0.463667,144.68
0.717564,
0.371323,
0.137165,
0.636404,
0.46936,
0.418973,
0.429489,
0.634389,
0.193349,
1.175519,
0.623744,
0.435751,
0.81552,
0.332043,
0.186953,
0.58498,83.643
0.676736,
0.184332,
0.469958,
0.362264,
0.197627,
0.752102,
0.764781,
0.517881,
0.348089,
0.351517,
0.5372,
0.611812,
0.454928,158.855
0.101935,
0.337498,
0.42266,
0.412164,
0.627314,
0.376789,
0.903673,
0.450352,
0.326557,
0.550077,
0.314723,
0.616137,
0.64194,
0.839185,
0.313321,
1.0374,
0.468116,
0.754986,
0.658504,
0.245208,
0.187502,
0.118486,
0.917529,
0.570901,
0.540432,
0.446499,
0.687207,
0.618557,
0.436825,
0.473002,
0.396442,
0.483176,
0.405905,
0.697355,
0.872451,
0.486586,
0.904933,
0.706656,
0.851321,
0.562402,
0.379465,138.8887
0.393166,
0.521517,
0.421551,
0.475426,
0.206815,
0.790092,
0.728783,
0.279481,
0.443043,
0.555987,
0.489953,
0.565479,
1.070275,
0.448727,
0.314107,
0.606331,
0.745051,
0.345434,123.473
0.202717,
0.405498,
0.497443,
0.764403,
0.349597,
1.353049,
0.603803,
0.554877,
0.401234,
0.417763,
0.901972,
0.423925,
0.457466,
0.214962,145.05
0.485728,
0.825653,
0.891849,
0.398287,
0.968475,
1.063008,
0.820447,
0.588216,
0.935493,
0.568619,
0.66001,
0.288081,
0.482987,
0.394883,126.088
0.450449,
0.543688,
0.499186,
0.240817,
0.699708,
0.508095,
0.513474,
0.193571,
0.170124,
0.451056,
0.545279,
0.240563,
0.095921,
0.535078,
0.52938,
0.279294,
0.367839,
0.886886,
0.448095,
0.856914,
0.364514,
0.459537,
0.955323,
0.367718,
0.484703,
0.551187,
0.445912,
0.181563,
0.4496,
0.722138,
0.870863,
0.708459,
0.683142,
0.111602,
0.4889,
0.539353,
0.437496,
0.866708,
0.389617,
0.388899,
0.660168,
0.521073,
0.567885,
0.315913,
0.903025,
0.431392,
0.706113,
0.693949,
0.302398,
0.44764,
0.531993,
0.457864,
0.612801,
0.591815,
0.317973,
0.779491,
0.784648,
0.295608,
0.368295,
-0.04912,
0.205116,
0.905494,
0.637415,
0.428667,
0.492604,
0.172301,
0.386399,
0.410236,
0.546938,
0.335563,
0.717873,
0.504936,
0.527846,
0.428401,
0.5426,
0.475486,
0.133281,
0.527289,
0.46671,
0.597634,
0.655551,
0.522263,
0.938218,
0.368949,
0.938073,
0.919589,
0.34842,
0.456067,
0.504869,
0.627668,
0.134054,
0.569548,
0.52744,
0.602294,
0.522014,
0.295259,
0.379077,
0.446718,
0.784013,
0.57282,
0.631137,
0.418721,
0.526845,
0.85181,
0.251168,
0.249827,
0.289137,
0.353527,
0.714717,
0.454666,
0.50683,
0.57383,
0.453221,
0.753593,101.547
0.179439,
0.301619,
0.337615,136.968
0.569463,
0.586176,
0.367852,
0.813457,
0.61755,
0.512229,
0.602714,
0.500728,157.9807
0.662067,
0.361111,
0.655289,
0.338888,
0.230994,
0.216084,
0.825113,
0.312806,
0.531477,
0.407675,
0.33908,
0.297254,
0.332256,
0.795177,
-0.04819,126.759
0.566702,
0.703243,
0.108007,
0.611888,
0.1293,
0.91477,
0.428578,
0.636905,
0.403272,
0.32544,
0.755184,
0.637303,
0.431922,
0.481287,
0.507387,
0.700276,
0.346389,
0.38195,
0.587926,
0.586665,
0.37364,
0.558898,
0.434194,
0.470566,
0.297802,
0.588627,
0.895193,
0.849103,
0.313684,
0.354733,
0.567991,
0.576361,
0.17839,
0.24559,
0.305171,
0.332173,
0.629979,
0.376248,
0.524747,
0.32907,
0.70671,
0.590827,
1.188886,
0.425508,
0.427816,
0.321273,
0.473401,
0.755781,
0.374754,
0.361048,
0.243167,
0.501375,
0.245541,
0.298019,
0.883804,
0.278378,
0.435765,
0.444194,
0.271671,
0.678775,
0.421517,
0.135096,
0.470369,
0.151163,
0.350879,
0.204283,
0.457654,
0.386713,
0.622336,
0.677369,
0.431364,
0.639581,
0.229619,
0.270213,
0.619723,
0.810884,
0.379398,
0.429796,
0.552921,
0.274759,
0.562749,
0.518208,
0.567396,
0.508426,
0.359339,
0.47837,
0.489464,113.7195
0.563436,
0.463316,
0.329549,
0.461646,
0.645178,
0.511766,
0.484581,
0.569036,
0.148463,
0.443834,
0.185897,
0.652798,
0.223502,
0.61362,
0.321996,
0.411045,
0.514461,
0.688919,
0.664812,
0.551983,
0.551655,
0.264367,
0.611739,
0.135524,
0.306257,
0.493262,
0.56841,
0.333727,
0.585303,
0.435159,
0.495375,
0.353032,168.655
0.689351,
0.458775,
0.463036,282.731
0.552118,
0.696455,
0.76111,
0.49188,
0.58843,
0.674102,
0.674472,
0.393812,
0.67359,
0.435593,
0.340796,
0.472291,
0.828498,
0.770925,
0.31215,
0.179368,
0.217912,
0.423203,
0.235979,
0.4826,
0.628533,
0.693069,
0.657622,
0.872529,
0.544372,
1.313883,229.864
0.775777,
0.618409,
0.25717,
0.456976,
0.394381,
0.559989,
1.227788,
0.498114,
0.355243,
0.358761,
0.329597,
0.599837,
0.367191,
0.522275,
0.61252,
0.620753,
0.459286,
0.443906,
0.920366,
0.637072,
0.547544,
0.529271,
0.636409,
0.004683,
0.479435,
0.958826,
0.485917,
0.466506,
0.295481,
0.534058,
0.46807,
0.237316,
0.354364,
0.527022,
0.379187,
0.324213,
0.212231,
0.536009,
0.746542,
0.473138,
0.218781,
0.55612,
0.82972,
0.940846,
0.370547,
0.464154,
0.339029,
0.759842,
0.411992,
0.711396,
0.598176,
0.615067,
-0.04121,
0.770386,
0.321797,
0.332485,
0.518253,
0.566856,
0.246381,
0.543735,
0.383808,
0.318775,
0.480753,
0.549828,
0.498478,
0.420455,
0.928359,
0.642767,
0.014406,
0.295298,
0.278363,
0.382974,
0.377576,
0.604573,
0.598298,
0.238735,
0.339067,
0.433279,
0.538909,
0.35839,
0.518395,
0.953913,
0.671251,
0.646967,
0.059445,
0.375073,
0.995522,
0.426295,
0.368843,
0.100283,
0.323074,
0.359592,
0.367606,
0.699362,
0.485945,
0.568853,
0.535901,
0.62575,
0.536603,
0.668094,
0.803631,
0.195191,
0.433565,
0.39765,
0.50461,
1.038672,
0.45451,
0.291865,
0.669623,
0.525131,
0.289684,
0.700923,
0.267693,
0.404,
0.42973,
0.435097,
0.173965,
0.375857,
0.334638,
0.556031,
0.268959,
0.39414,
0.016782,
0.49975,
0.414137,
0.284277,
0.464,
0.340135,
0.340872,
0.106807,
0.331991,
0.2376,
0.717606,
0.355419,
0.302841,142.0535
0.416593,
0.270011,
0.836478,
0.201385,
0.448922,
0.44902,
0.570373,
0.508184,
0.575585,
0.489842,
0.60544,
0.554856,
0.375613,
0.38758,
0.342216,
0.66617,
0.045336,
0.333054,
0.536875,
0.530341,
0.412838,
0.574027,
0.819037,
0.538746,
0.428023,
0.466219,
0.366268,151.199
0.496739,
0.451552,
0.422174,
0.390147,
0.415189,235.654
1.04227,
0.36004,
0.107375,
0.49566,
0.382627,
0.597733,
0.475206,
0.31171,
0.453793,
0.873396,
0.606012,
0.655484,
0.405526,
0.464275,
0.187327,
0.323268,
0.550591,
0.533996,
0.429639,
0.363265,143.0785
0.592294,
0.251815,153.674
0.483544,
0.212343,
0.527699,
0.990072,
0.410824,
0.451251,
0.535478,
0.335753,
0.58782,
0.509213,
0.470056,
0.537214,
0.433361,
0.740142,
0.447809,
0.641747,
0.617748,
0.501875,
0.58911,
0.371036,
0.366794,
0.212118,
0.61402,
0.731889,
0.388539,
0.564069,
0.598299,
0.79263,
0.473507,
0.545957,
0.621158,
0.435637,
0.432425,
0.643637,
0.283734,
0.458885,
0.560797,
0.634167,
0.391463,
0.471569,
0.6568,
0.493373,
0.640097,
0.546247,
0.709672,
0.559884,
0.49946,285.2175
0.31677,
0.299989,
0.324748,
0.610399,
0.654479,
0.423409,
0.568902,
0.37595,
0.741903,
0.205549,
0.402603,
0.899435,
0.375768,
0.51717,
0.46973,
0.3945,
0.330511,
0.566465,
0.599983,
0.395878,
0.66973,
0.402376,
0.305036,
0.212763,
0.42037,173.6454
0.396921,
0.140723,
1.031168,
0.427802,
0.358093,
0.663313,
0.501938,
0.518276,
0.757455,
0.605588,
0.597778,
0.713449,
0.525365,
0.213213,
0.459909,
0.40501,
0.610214,
0.33952,
0.328035,
0.340769,
0.367521,
0.450108,
0.408396,
0.272996,147.7313
0.609901,
0.311906,
0.451469,
0.503891,
0.461306,
0.630681,
0.386578,
0.602605,
0.878871,
0.664477,
0.223064,
0.546558,
0.312921,
0.358018,
0.626245,
0.85592,
0.506421,
0.396648,
0.36745,
0.960653,
0.642306,
0.372862,
0.623931,
0.615445,
0.677468,
0.546061,
0.238194,
0.798146,
0.355528,
0.163928,
0.355271,
0.468592,
0.353859,
0.73047,
0.523259,
0.568973,
0.263393,
0.489197,
0.464297,
0.567126,
0.110962,
0.611968,
0.378039,83.836
0.341139,
0.4533,
0.391666,
0.457444,
0.519992,
0.520986,
0.442379,
0.374353,
0.601828,
0.517054,
0.298003,
0.599565,
0.584973,
0.644569,
0.67945,
0.209304,
0.494329,
0.377274,
0.496262,
0.454835,
0.219673,
0.627629,
0.629733,
0.413716,120.688
0.323037,
0.493475,
0.288729,
0.611243,
0.371422,
0.350406,106.3225
0.860868,
0.491704,
0.395288,
0.873925,
0.482021,
0.502011,
0.561932,
0.446815,
0.519722,
0.575792,
0.261087,
0.596098,
0.398011,
0.519046,
0.339103,
0.380482,
0.169063,
0.492623,
0.194615,
0.366537,
0.515182,
0.235581,
0.793467,
0.465183,
0.416175,
0.158579,163.4655
0.443974,
0.535586,
0.467583,
0.767203,
0.258542,
0.472789,
0.121084,
0.417204,
0.37062,
0.085413,
0.69418,
0.606749,
0.392314,
0.39429,
0.050646,
0.553503,
0.54645,
0.596197,
0.255451,
0.505517,
0.801443,
0.475829,
0.430424,
0.567898,
0.675893,
0.236829,
0.354502,
0.558863,
0.673609,
0.414537,
0.299288,
0.29376,
0.374654,
0.370871,
0.41674,
0.51644,
0.188639,
0.206389,130.82
0.269472,
0.297306,125.677
0.317847,
0.438089,
0.680528,
0.484832,
0.425974,
0.580332,
0.950581,
0.464714,
0.712312,
0.168662,
0.924712,
0.520379,
0.631641,184.107
0.481199,
0.625085,
0.576922,
0.700087,
0.364559,
0.378182,
0.361981,
0.569697,
0.400999,
0.320804,
0.71779,
0.391545,
0.50686,
0.452043,
0.202553,
0.457916,
0.453167,
0.475399,
0.403171,
0.176272,
0.531246,
0.312512,
0.218855,
0.268155,
0.337785,
0.485291,
0.569623,
0.415235,
0.218494,
0.306133,
0.606671,
0.381912,
0.672265,
0.707351,
0.36513,
0.579955,
0.524335,
0.733644,
0.303591,
0.690892,
0.334626,
0.832603,
0.625117,
0.430514,
0.554406,
0.424005,
0.542397,142.3985
0.503252,
0.877886,
0.371336,
0.550159,
0.612999,
0.244275,141.0565
0.381756,
0.341482,
0.557396,
0.609764,
0.20972,
0.468645,
0.6371,
0.52124,
0.411424,107.753
0.300341,
0.407127,
0.36433,
0.210583,
0.535548,
0.681109,
0.542292,
0.454023,
0.327316,
0.513102,
0.545656,
0.318563,
0.128971,
0.861066,
0.310189,
0.430426,
0.616788,
0.730789,
0.207456,
0.554954,
0.331826,
0.465436,
0.52707,
0.830463,
0.474298,
0.433903,
0.52378,
0.585306,
0.650159,
0.432461,
0.460459,
0.008098,
0.519979,
0.58502,
0.879549,
0.584801,
0.517926,
0.25307,
0.216698,
0.06771,
0.496314,
0.588193,
0.136775,
0.128246,
0.70544,
0.530934,
0.631471,
0.386052,
0.856397,
0.530687,
0.344806,
0.550187,
0.190512,
0.539146,
0.577224,
0.310799,
0.430873,
0.396729,
0.153865,
0.515347,
0.081587,
0.165199,
0.203844,
0.319308,
0.391247,
0.454387,
0.408878,
0.56921,
0.371946,
0.394516,
0.277583,
0.147684,
0.362777,
0.606529,
0.457063,154.447
0.425367,
0.387572,
0.393325,
0.641929,
0.747265,
0.041891,
0.331052,
0.389529,
0.668987,
0.059449,137.626
0.593828,
0.442004,
0.434235,
0.328827,
0.521026,
0.409178,
0.623862,
0.509854,
0.620318,
0.314193,
0.553047,
0.744281,
0.558111,
0.54735,
0.480588,
0.465383,
0.379671,126.362
0.400997,
0.317721,154.06
0.461886,
0.172602,
0.611167,
0.739083,
0.460037,
0.532177,
0.057996,
0.283291,
0.272379,
0.335111,177.8667
0.192071,
0.50905,
0.499995,
0.396743,
0.473054,
0.268635,
0.264605,
0.48609,
0.452471,
0.302282,
0.40182,
0.407869,
0.742806,
0.414265,
0.477392,
0.548374,
0.427052,
0.957457,
0.536723,
0.322896,201.031
0.27262,
0.109185,
0.205862,
0.162242,
0.291491,
0.186191,
0.423671,
0.58165,
0.394654,
0.40439,
0.457104,
0.089314,111.756
0.559534,
0.673837,
0.451981,
0.344422,
0.415438,
0.568782,
0.544587,
0.490974,
0.287893,
0.441939,
0.459493,
0.563941,
0.500455,
0.118333,
0.589529,
0.232223,
0.349726,
0.482055,
0.571764,
0.408502,
0.481532,
0.518225,
0.307145,
0.534886,
0.481596,
0.638515,
0.278727,
0.343419,126.257
0.685846,
0.329898,
0.310988,
0.427109,
0.315368,
0.285247,
0.336781,
0.316219,
0.537627,
0.267817,
0.67956,
0.451031,
0.357893,
0.387141,
0.380508,
0.448329,
0.318073,
0.391174,
0.566312,
0.323741,
0.201785,
0.296566,
0.296467,
0.347374,
0.259945,
0.447748,
0.112513,
0.630953,
0.527261,
0.574202,
0.613768,
0.320601,
0.379544,
0.494084,
0.347284,
0.310636,
0.348276,
0.616465,
0.502151,
0.232268,
0.515307,
0.365773,
0.167345,
0.448713,
0.274821,
0.355497,
0.176461,
0.132925,
0.618805,
0.351764,
0.672977,
0.472353,
0.50513,
0.17602,
0.510255,
0.452665,
0.465113,
0.366929,
0.190795,
0.363766,
0.154413,
0.49876,
0.196948,
0.322751,
0.439483,
0.87139,
0.348864,
0.338336,
0.378857,
0.34515,
0.443164,
0.5231,
0.173882,
0.233254,
0.433716,
0.581737,
0.398993,
0.48899,
0.366106,
0.3522,
0.318404,
0.65883,
0.612028,
0.402369,
0.625463,
0.317359,
0.336454,
0.649812,
0.439334,
0.449565,
0.465456,
0.393406,
0.735404,
0.793089,
0.219238,
1.178199,
0.63844,
0.408496,
0.407513,
0.558804,
0.573067,
0.038451,
0.246854,
0.490093,
0.281757,
0.002271,
0.74569,
0.624813,
0.180539,
0.662427,
0.543937,
0.495138,123.6465
0.35801,228.2
0.430557,
0.432355,
0.995412,
0.425594,
0.410381,
0.511972,
0.384167,
0.237395,184.4713
0.133772,
0.578135,
0.360541,
0.384599,
0.294437,
0.476613,
0.479571,
0.34657,
0.555143,
0.226598,
0.371964,
0.429222,
0.248295,
0.358151,
0.58574,
0.340932,
0.576677,
0.421553,
0.479254,
0.296146,
0.414792,
0.466981,
0.718712,
0.487305,
0.33902,
0.827434,
0.413668,
0.38735,
0.980982,
0.270106,
0.419009,
0.451561,
0.44433,
0.511116,
0.441329,
0.473852,
0.315364,194.934
0.721245,
0.737903,
0.433559,
0.627717,
0.705017,120.031
0.586228,
0.336007,
0.336298,
0.329292,
0.330204,
0.426111,
0.580712,
0.310066,
0.279874,
0.529631,
0.26324,
0.649343,
0.403685,
0.433497,
0.423118,
0.470694,
0.475573,
0.374153,
0.363651,
0.106441,
0.219241,
0.258444,
0.498432,
0.267258,
0.431575,232.251
0.329375,
0.555286,
0.456661,
0.407904,
0.224742,
0.260172,121.075
0.424595,
0.482847,
0.412194,
0.205706,
0.454718,
0.418681,
0.089162,
0.694736,
0.365607,
0.328701,
0.438585,135.383
0.483816,
0.563783,
0.258112,
0.250953,193.5425
0.776171,
0.454842,
0.291537,
0.608251,
0.603428,
0.468553,
0.35491,
0.4498,
0.348278,
0.178762,
0.195013,
0.665101,
0.496556,
0.440735,
0.071324,
0.691244,
0.432503,
0.036895,
0.32446,
0.416446,
0.30197,
0.405708,
0.381339,
0.471019,
0.602758,
0.339899,
0.203562,
0.416647,
0.320306,
0.171404,
0.554975,
0.439265,
0.577684,
0.635469,
0.253103,
0.53982,
0.034464,
0.368893,
0.230021,
0.786198,
0.473769,
0.302303,
0.537618,
0.932297,
0.987393,
0.476069,
0.537843,
0.564061,
0.503813,
0.304601,
0.90389,
0.423671,
0.198582,
0.414952,
0.27071,
0.481124,
0.471306,
0.55921,
0.844965,
0.371534,
0.489213,
0.35515,
0.344964,
0.234105,
0.306748,
0.555919,
0.657537,
0.583279,
0.210098,
0.233877,
0.180612,
0.161942,
0.412967,
0.573837,
0.687216,
0.5723,
0.713783,
0.524319,
0.237753,
0.453604,
0.431821,
0.256982,
0.363837,
0.560688,
0.577796,
0.858404,
0.486859,
0.483907,
0.312782,
0.360428,
0.5352,
0.051427,143.117
0.098215,
0.809587,
0.30379,
0.476378,
0.362775,
0.543584,
0.509688,
0.221566,
0.318189,144.6445
0.518825,
0.347064,
0.330784,
0.528248,
0.542505,
0.323238,
0.494286,
0.663265,
0.558344,
0.281789,
0.502734,
0.319181,
0.420473,
0.654413,
0.204574,
0.42794,
0.537977,
0.409199,
0.251784,
0.420602,
0.554309,
0.354463,
0.416845,
0.235215,
0.471995,
0.303846,
0.323995,
0.535446,
0.500701,
0.273213,163.844
0.515341,
0.527683,
0.746893,
0.61901,
0.136447,
0.225672,
0.259999,
0.443866,
0.521345,
0.546973,
0.516281,
0.683938,
0.533609,
0.288605,
0.626291,
0.323084,
0.410192,
0.267662,
0.539213,
0.246505,
0.447526,
0.309484,
0.539336,
0.258546,
0.521071,
0.353437,
0.415757,
0.389485,
0.193922,
0.504282,
0.473093,
0.131992,
0.475816,
0.405761,
0.419983,
0.47836,
0.418848,
0.575683,
0.841664,
0.079333,
0.273404,
0.309743,
0.217204,
0.627419,
0.629036,
0.379733,
0.385305,
0.488651,
0.496759,
0.472971,
0.370885,
0.550842,
0.513789,
0.292822,
0.242609,
0.561119,
0.376554,
0.459271,
0.282022,
0.867322,
0.213402,
0.31283,
0.745653,
0.338238,
0.394665,
0.487449,
0.107252,
0.259744,
0.500252,
0.556065,
0.31479,
0.195447,
0.361435,
0.699786,
0.677104,
0.491243,
0.572191,
0.591323,
0.41472,
0.386413,
0.197668,
0.555529,
0.363025,
0.419088,204.486
0.230585,
0.363175,
0.505865,
0.367928,
0.316664,
0.003005,
0.145253,
0.46017,
0.153949,
0.492332,
0.223138,
0.179267,141.587
0.283557,
0.406508,
0.350769,
0.28585,
0.250262,
0.442553,
0.547566,
0.38774,
0.55138,
1.045957,
0.800519,
0.287808,
0.465881,
0.338977,
0.371347,
0.603284,
0.5415,
-0.07102,
0.428109,
0.299981,
0.57925,
0.489659,
0.570424,
0.556046,
0.436725,
0.213457,
0.606036,
0.43148,
0.558087,
0.547355,
0.518313,116.6223
0.084247,
0.407747,
0.33147,
0.46621,
0.455784,
0.426382,
0.300564,
0.36001,
0.525582,
0.033415,
0.230577,
0.259378,
0.576179,
0.648737,
0.378105,
0.363335,
0.375222,
0.418051,
0.706294,
0.522803,
0.254541,
0.498749,
0.402956,
0.387495,
0.269895,
0.333567,
0.51585,
0.445658,
0.277201,
0.203294,
0.363559,
1.237506,
0.397056,
0.385598,
0.366607,
0.400858,
0.498944,
0.353364,
0.466006,
0.599575,
0.141155,
0.339048,
0.312485,
0.661649,
0.35274,
0.319509,
0.461057,
0.419326,
0.542926,
0.890132,
0.411423,
0.479753,
0.344378,
0.442047,
0.401856,
0.440363,
0.15001,
0.525349,
0.687954,
0.388119,
0.511802,
0.343369,
0.403395,
0.293642,
0.251941,
0.326845,
0.37179,
0.301963,
0.331831,
0.361911,
0.650694,
0.403416,
0.353312,
0.311633,
0.212534,
0.588587,
0.219136,
0.487067,
0.168917,
0.548107,
0.25318,
0.45683,
0.160855,
0.305412,
0.077191,
0.39931,148.437
0.308404,
0.730559,
0.303,
0.443904,
0.477053,
0.33744,
0.54123,
0.492342,
0.429265,
0.246796,
0.31017,
0.367624,
0.284982,
0.660978,
0.478771,
0.261734,
0.572818,
0.321261,
0.548171,
0.579931,
0.316799,
0.597281,
0.281586,
0.417478,
0.154796,
0.349984,
0.599044,
0.425727,
0.32976,
0.262409,
0.30729,
0.31845,
0.534125,
0.172884,
0.272513,
0.470137,
0.589994,
0.279806,
0.482597,
0.062369,
0.055173,
0.554,
0.651277,
0.259913,
0.259918,
0.534312,
0.171126,
0.288512,
0.313128,
0.268816,148.3675
0.458711,
0.30176,
0.490086,
0.4738,
0.197568,
0.734293,
0.356751,
0.567113,
0.248529,
0.682314,
0.534053,
0.556816,
0.394189,
0.180331,
0.354177,
0.116433,151.083
0.44842,
0.179477,
0.504664,
0.36081,
0.63306,
0.265503,
0.248799,
0.494532,
0.574376,
0.419336,
0.374239,
0.518143,
0.593508,
0.357477,
0.34537,
0.332272,
0.250892,
0.504065,
0.485031,
0.415632,
0.650036,
0.191999,
0.220639,
0.419531,162.606
0.318169,
0.403408,
0.478143,
0.454751,
0.060508,194.067
0.681403,
0.472277,
0.303773,
0.432248,
0.63802,
0.414197,
-0.00476,
0.438704,
0.344136,
0.489183,
0.40245,
0.398128,
0.189077,
0.312551,
0.407757,112.954
0.290738,
0.144191,
0.505864,
0.630079,
0.063815,
0.487842,
0.153407,
0.61098,
0.405556,
0.389934,
0.351894,
0.346184,
0.38306,
0.316487,
0.549157,
0.413845,
0.28251,
0.54207,
0.564594,
0.238089,
0.788715,
0.541109,
0.293071,
0.149422,
0.571367,
0.393928,
0.5151,
0.256693,
0.422205,
0.297938,
0.454044,
0.333541,
0.438172,
0.057645,
0.702311,
0.319019,
0.421526,
0.333864,
0.170866,
0.33379,
0.247345,
0.412147,
0.251707,
0.867033,
0.436985,
0.417603,
0.236407,
0.191815,
0.130846,
0.019028,
0.440909,
0.373347,
0.578792,
0.530744,
0.429983,
0.528606,
0.265871,
0.164439,
0.512411,
0.097279,
0.842384,
0.032692,
0.321449,
0.158101,
0.274408,
0.461969,
0.641977,
0.096171,
0.386957,
0.504786,
0.331566,
0.61551,
0.504461,
0.231532,
0.394862,
0.585272,
0.294746,
0.16698,
0.486305,
0.458501,
0.277359,
0.538455,
0.613633,
0.126121,
0.410373,
0.514436,
0.370789,
0.17884,
0.45134,
0.506435,
0.357134,
0.546141,
0.289969,
0.200142,
0.427059,191.4597
0.402614,
0.31967,
0.387562,
0.62806,
0.27207,
0.360156,
0.529613,
0.672068,
0.606098,
0.126952,
0.212706,121.578
0.470069,
0.542987,
0.379333,
0.361872,
0.55434,
0.180978,
0.2861,
0.212042,
0.631153,
0.355345,
0.229603,
0.243049,
0.299718,
0.38552,
0.316192,
0.42329,
0.252977,
0.462852,
0.459445,
0.253212,
0.437096,
0.449595,
0.326792,
0.425592,
0.543373,
0.334174,
0.453016,
0.812675,
0.471642,
0.177675,136.156
0.184456,
0.500551,
0.491295,
0.254005,
-0.07257,
0.152029,
0.395866,
0.541393,
0.695331,
0.805208,
0.126171,
0.147037,
0.444756,
0.399445,
0.322753,
0.321915,
0.387731,
0.372308,
0.366391,
0.476462,
0.323432,
0.455834,
0.389799,
0.382362,
0.332863,
0.47369,
0.223343,
0.494308,
0.318513,
0.307108,101.083
0.137158,
0.795313,
0.517328,
0.169982,
0.35019,
0.35764,171.926
0.233665,
0.263883,
0.5123,
0.4002,
0.181642,
0.615576,
0.772998,
0.463267,
0.108155,
0.177776,
0.394304,
0.321521,
0.449399,
0.55249,
0.57481,
0.334081,
0.547982,
0.175573,
0.525127,
0.160798,
0.354028,
0.343771,
0.408388,
0.522761,
0.438264,
0.289854,
0.188941,104.022
0.205565,
0.418496,
0.190322,
0.075418,
0.41946,
0.431599,
0.318514,
0.320698,
0.457927,
0.361771,
0.132835,
-0.01333,
0.387914,
0.722137,
0.475386,
0.315958,
0.146816,142.802
0.514958,
0.431645,
0.225892,
0.10747,
0.490459,
0.35211,
0.394643,
0.438318,
0.385379,
0.354834,
0.311006,
0.44085,
0.367707,
0.501397,
0.36866,
0.505568,
0.386051,
0.234603,
0.422084,
0.090242,
0.28091,
0.211493,
0.409857,
0.776672,
0.340726,
0.285083,
0.149211,
0.401879,
0.260349,142.0983
0.300333,
0.530143,
0.397803,
0.490281,
0.403035,
0.387393,
0.443102,
0.071149,
0.430513,
0.028892,
0.26095,
0.641367,
0.338309,
0.450008,
0.360409,
0.352877,
0.051829,
0.213611,
0.269204,
0.269746,
0.406028,
0.566561,
0.29951,
0.689655,
0.668838,
0.253928,
0.647172,
0.190814,
0.477243,
0.346786,
0.383913,
0.49346,
0.265217,
0.274198,
0.204349,
0.293329,
0.35142,
0.951373,
0.115565,
0.271527,
0.353554,
0.472429,
0.6961,
0.698705,
0.1719,
0.351543,
0.539995,
0.023265,
0.563969,
0.892891,
0.531069,
0.213824,
0.470586,
0.212301,
0.632551,
0.643682,
0.057565,
0.266113,
0.221592,
0.045356,
0.045965,
0.423986,
0.702947,
0.465779,
0.43086,
0.184469,
0.40303,
0.017774,
0.449372,
0.238388,
0.679054,
0.252767,
0.395556,
0.448948,
0.509842,
0.073205,
0.499662,
0.359876,
0.282244,
0.134985,
0.817754,
0.398611,
0.191453,
0.346385,
0.594066,
0.381544,
0.091017,
0.425014,
0.234094,
0.485099,
0.411304,
0.404613,
0.523147,
0.574108,
0.022149,
0.400065,
0.389176,
0.432539,
0.326304,
0.227883,
0.337839,164.617
0.185099,
0.523114,
0.163398,
0.684036,
0.097965,125.235
0.203175,
0.517992,
0.083912,
0.336423,
0.034819,
0.547964,
0.210059,
0.207356,
0.243854,
0.343519,
0.102284,
0.070322,
0.386851,
0.204001,
0.207312,
0.642618,
0.670014,
0.361141,133.991
0.371066,
0.373303,
1.264636,
0.24554,
0.480578,
-0.028,
0.806253,
0.457502,
0.048848,
0.009548,
0.302078,
0.264091,
0.37012,
0.622699,
0.340683,
0.376578,
0.245614,
0.558722,
0.339527,
0.494706,
0.337025,
0.277102,
0.220582,
0.507084,
0.137693,
0.382756,
0.549327,
0.289712,
0.845403,
0.515776,
0.563355,
0.295518,
0.287952,
0.281368,
0.296124,
0.19973,
0.433111,
0.697457,
0.122558,
0.327709,
0.137138,
0.46122,
0.470868,
0.465591,
0.267495,
0.141497,
0.381295,152.1075
0.296357,
0.058623,
0.560248,
0.443723,
0.563579,
0.35929,
0.361718,
0.22192,
0.542237,
0.235374,
0.354577,
0.444238,
0.572264,
0.432678,
0.532001,
0.935532,
0.331653,
0.368029,
0.303351,
0.53004,
0.336219,
0.327983,
0.294055,
0.113756,
0.450275,
0.407223,
0.516474,
0.616201,
0.555912,
0.405487,
0.087706,
0.359979,
0.216772,
0.493018,
0.159899,
0.400583,
0.268382,
0.404128,
0.267252,
0.215516,
0.460314,
0.482178,
0.404126,
0.652712,
0.035942,
0.221127,
0.374405,
0.208647,
0.442185,
0.144906,
0.612197,
0.207671,
0.185179,
0.366819,
0.387683,
0.143107,
0.681693,
0.371792,
0.216434,
0.114218,
0.33847,
-0.02579,
0.108886,
0.584421,
0.526079,148.105
0.506194,
0.370173,
-0.05814,
-0.00749,
0.234172,
0.286555,
0.492883,
0.137012,
0.338553,
0.340301,
0.495243,
0.438148,
0.344213,
0.408772,
0.394448,161.562
0.436349,179.814
0.104582,
0.275713,
0.225686,
0.574042,155.95
0.585732,
0.463149,
0.369052,
0.709062,
0.445859,
0.501428,
0.56482,
0.401062,
0.300175,
0.264052,
0.391696,
0.277294,
0.426283,
0.496781,
0.601244,
0.291677,
-0.15607,
0.503062,
0.203087,
0.286654,
0.438806,
-0.07619,
0.463757,
0.40806,
0.304833,
0.413954,
0.334786,
0.160091,
0.235671,
0.308335,
0.445958,
0.39123,
0.392246,
0.518903,
0.076722,
0.416842,
0.298296,
0.089627,
0.330965,
0.395402,
0.179897,
0.234283,
0.225527,
0.071449,
0.361947,
0.418872,
0.253858,
0.42745,
0.756727,
0.317012,
0.480064,
0.269372,
0.429222,
0.335354,
0.303724,
0.345484,
0.006592,
0.425026,
0.448752,
0.329192,
0.252411,
0.563777,
0.35126,
0.330585,
0.139318,
0.303918,
0.26853,
0.653204,
0.376233,244.282
0.250648,
0.579563,
0.48951,
0.328305,
0.61751,
0.251265,108.0542
0.388363,
0.278962,
0.454807,
0.029117,
0.327857,
0.298083,
0.326889,
0.411276,
0.405094,
0.157011,
0.352418,
0.475818,189.056
0.34574,
0.658565,
0.536814,
0.260714,
0.830656,
0.332401,
0.540177,
0.622041,
0.298109,
0.036103,
0.578749,
0.300173,
0.424366,
0.398375,
0.395468,
0.122344,167.672
0.377887,124.517
0.347512,
0.126584,
0.404318,
0.405734,
0.367762,
0.68722,
0.50237,
0.082035,
0.454382,
0.324989,
0.455254,
0.372737,
0.248885,
0.375801,
0.54945,
0.387199,
0.151767,166.241
0.605102,
0.774689,
0.488198,
0.521532,
0.141477,
0.270268,
0.251024,
0.181103,
0.183772,
0.356883,
-0.00797,
0.647082,
0.309544,
0.433978,
0.381282,
0.478253,
0.036047,
-0.03319,
0.347721,
0.213556,
0.310993,
0.234605,
0.379907,
0.335358,
0.383512,
0.531837,
0.438063,
0.027771,
0.365989,
0.283813,
0.38068,
-0.11126,
0.240985,
0.270986,
0.715804,
0.34769,
0.557337,
0.41418,
0.133159,
0.174962,
0.162194,
0.545334,
0.447065,
0.515287,
0.556128,
0.494391,
0.258685,
0.543978,
0.390444,
0.41581,
0.017822,134.3888
0.184927,
0.097292,
0.45729,185.035
0.438035,
0.341201,
0.429554,
0.114034,
0.316563,
0.335037,
0.558714,
0.393644,
0.037895,166.667
0.469454,
0.116825,
0.327529,
0.556144,
0.189362,
0.334451,
-0.06112,
0.565015,
0.219055,
0.272349,
0.480105,
0.566495,
0.686412,
0.352549,
0.556535,
0.284018,
0.173206,
0.806139,
0.021445,
0.309242,
-0.12696,
0.675426,
0.454482,
0.39845,
0.110146,
0.443595,
0.508822,
0.723138,
0.472338,
0.50035,
0.142457,
0.043999,149.323
0.43392,
0.298601,
0.60467,
0.397718,
0.497093,
0.395633,
0.10675,167.053
0.269269,
0.216677,
0.342473,
0.469208,
0.235576,
0.338937,
0.448173,
0.481867,
0.280829,
0.550181,130.691
0.523316,
0.327588,
0.659391,
0.330839,
0.096266,
0.47291,
0.519858,
0.459059,
0.324985,
0.037523,
0.031263,
0.349382,
0.769196,
0.339457,
0.252459,
0.588537,
0.381591,
0.288923,
0.257164,
0.52477,
0.312212,
0.432909,
0.494882,
0.620018,
0.236476,
0.583249,
0.460515,
0.227732,
0.45731,
0.403969,
0.104106,
0.280757,
0.118296,
0.177196,
0.413086,
0.510324,
0.298681,
0.335601,
0.115308,
0.142887,
0.240909,
0.250465,
0.245407,
-0.04099,
0.029789,
0.351016,
0.430436,
0.198411,
0.258366,
0.444001,145.36
0.117229,
0.322337,
0.405189,
0.374212,
-0.06011,
0.109592,
0.544916,
0.226444,
0.367028,
0.558036,
0.081623,
0.53351,
0.611673,
0.320962,
0.382778,
0.324914,
0.401613,
0.145093,
0.305974,
0.107622,
0.534305,
0.782563,
0.482881,
0.321318,
0.34041,
0.254569,
0.195044,
0.145605,
0.386524,
0.361311,
0.469232,
0.238974,
0.217,190.062
0.489128,
0.483852,
0.398027,
0.084332,
0.355995,
0.684489,
0.284791,
0.253726,
0.289714,
-0.02139,
0.01323,
0.105094,
0.381598,134.068
0.314279,
0.584737,
0.370831,
0.66391,
0.060694,162.49
0.274621,
0.156383,
0.110353,
0.308233,
0.428516,
0.251232,
0.140297,
0.331563,
0.096856,
0.4748,
0.154948,
0.422698,
-0.04785,
0.178873,
0.08917,
0.373208,
0.47494,
0.236794,
0.285068,
0.346828,
0.014704,
0.220054,
0.109289,
0.485846,
0.107203,
0.484741,
0.244257,153.9586
0.103406,
0.126779,
0.263464,
0.187166,
0.39401,
0.193921,
0.46363,
0.443332,
0.465893,
0.54005,
0.271124,
0.184992,
0.300939,142.0285
0.151345,
0.407499,
0.123999,
0.43334,
0.575163,
-0.17305,
0.166533,
0.283444,
0.338535,
0.249005,
0.233474,
0.073209,
0.416527,
0.123488,119.711
0.281707,
0.53714,
0.361657,
0.081221,
0.556213,
0.319138,
0.293896,
0.14759,
0.484378,
0.351744,
0.517539,
0.378071,
0.32636,
0.066865,
0.141676,
0.312474,
0.479357,
0.481967,
0.093289,187.935
0.047163,151.1082
0.210422,
0.395276,
0.262776,
0.60764,
0.269005,
0.23605,
0.00807,
0.197514,112.181
0.0944,
0.53034,
0.49538,
0.339396,
0.054391,
0.117279,
0.306866,
0.494554,
0.336183,
0.289883,
0.301675,
0.277968,
0.447198,
0.632898,
0.021962,
0.05778,
0.325417,
0.139619,142.885
0.224463,
0.271854,
0.040657,142.1695
0.052496,
0.136505,
0.393325,
0.304978,
0.363725,
0.083083,
-0.03909,
0.038177,
0.094855,
0.274299,
0.364666,
0.745505,
0.087881,
0.131926,
0.266205,
0.065257,
0.146037,
0.143886,
-0.13565,
0.516744,
0.424784,
0.277823,
0.444716,
0.225877,
0.290978,
0.134801,
0.167552,
0.320016,
0.502418,
0.453522,
0.36184,
0.567718,
0.678717,
0.17206,
0.062203,
0.357924,
0.498156,
0.312093,181.903
-0.21477,
0.413958,
0.200706,
0.099133,
0.27822,
0.478918,
0.01221,
0.418256,159.242
0.565908,
0.41056,
0.266612,
0.184215,
0.204203,
0.453668,
0.395416,
0.556802,
0.532898,
0.369741,
0.310638,
0.283004,
0.389581,
0.501565,
0.427899,
0.367978,
0.343972,
0.403613,
0.109761,
0.571266,
0.166082,
-0.03681,
0.665981,
0.243578,
0.40651,
0.153854,
0.386985,
0.221332,
0.099601,
0.132247,
0.422382,
0.412653,
0.410524,
0.204067,
0.514436,
0.224019,
0.160223,
0.243786,
0.314999,
0.355808,
0.265272,
0.015597,
0.310904,
0.248832,
0.304094,
0.202891,
0.209254,
-0.02659,
0.407649,
0.578986,
0.430806,
0.104392,
0.273303,151.641
0.224727,
0.155485,
0.511469,
0.034751,
0.19824,
0.396668,
0.572764,
0.183314,
0.407235,
0.114661,
-0.02814,
0.443468,
0.487222,
0.222633,
0.07954,
0.086408,
0.18717,
0.468128,
0.209201,
0.155499,
0.275261,
0.631821,
0.197902,
0.111391,
0.245698,
0.673389,
0.288583,
0.561253,
0.415919,
0.201491,
0.303513,
-0.01114,
0.018159,117.672
0.116272,
-0.17719,
0.10842,
-0.15113,
0.479565,
0.279613,
0.416145,
0.284469,
0.441422,
0.445511,
-0.05029,
0.31775,
0.480731,
0.01528,
0.352148,
0.431898,
0.186298,
0.392231,
0.444947,
0.052611,
0.306861,
0.181521,172.964
0.235382,
0.474925,
0.471621,
0.357823,157.85
0.226137,
-0.14935,
0.208174,
0.325732,
0.298874,
0.200241,
0.164104,
0.021371,
0.343221,
0.259081,
0.21838,
0.193108,
0.312111,
0.087158,
0.282429,
0.060614,
0.384425,
0.328734,
0.355721,
0.280919,
0.274151,
0.253176,
0.225025,
0.470181,
0.508739,
0.515109,
0.582734,
0.325096,
0.158604,
0.037319,
0.264586,
0.440684,
0.361267,218.042
0.377256,
0.225451,
0.20419,
0.184078,
0.249229,
0.203711,
0.369119,
0.633196,
0.481846,
0.387283,
0.623469,
0.074114,
0.057575,
0.290741,
0.196832,
0.393963,
0.275309,
0.441535,
0.226181,
0.154864,
0.051405,
0.157726,
0.38589,
-0.10051,
0.134845,
-0.06959,
0.213939,
0.276939,
0.208774,
0.186631,
0.597777,
-0.04033,129.234
0.289689,
0.349157,
0.447336,
0.549057,
0.219409,
0.364641,
0.407382,
0.567659,
0.623063,
0.625716,
0.680993,
0.205381,
0.417904,
0.48286,
0.5703,
0.587535,
-0.1266,
0.538455,
0.653413,
,
,
,
,
,
0.36015,
0.579652,
0.387472,
0.055771,143.503
0.119345,
0.502963,
0.223181,
0.400228,
0.6051,
0.474884,
0.44207,
0.7112,
0.389893,
0.350382,
0.453243,
0.1318,
0.414041,
0.254829,
0.33601,
-0.02733,
-0.00862,
-0.00245,
0.99175,
1.018165,
1.022305,
1.119688,
0.395112,
0.402756,
0.350634,
0.689349,
0.50225,
0.282954,
0.527611,
0.349586,
0.629241,
0.816476,
0.283637,
0.824454,
0.771256,
0.558592,
0.622275,
0.735894,
0.751635,
0.841776,
0.59995,
0.352517,
0.444776,
0.306196,
0.316022,
0.636705,
0.618911,
0.656195,
0.778607,
0.310463,
0.452297,
0.518307,
0.59668,
0.651816,
0.680709,
0.766775,
0.77613,
0.511699,
0.612221,
0.618391,
0.638862,
0.84151,
0.852115,
0.883951,
0.80275,
,
,
,
,
,
0.066342,
0.144951,
0.278696,
0.424839,
0.506015,
0.252304,
0.284349,
0.527025,
0.788121,
0.019611,
0.625727,
0.232007,
0.672421,
0.52024,
0.533831,
0.544483,
0.634166,
0.814389,
1.007432,
0.608186,
0.629018,
0.386007,
1.031149,
1.137031,
0.694522,
0.703876,
0.263065,
0.448714,
0.470803,
0.512397,
0.527027,
0.626017,
0.731899,
0.540069,
0.222883,241.796
0.312566,
0.747984,
0.811666,
0.839089,
0.925286,
0.168126,
0.280409,172.931
0.420486,
0.5081,
0.549694,
0.295982,
0.374934,
0.582645,
0.341966,
0.241151,
0.214688,
0.234939,
0.243969,
0.494568,
,
,
,
,
,
,
,
0.571682,
0.281409,
0.303498,
0.345092,
0.474452,
0.548061,
0.298863,
0.130693,
0.383365,
0.335264,
0.445397,
0.467485,
0.622927,
0.36289,
0.467785,
0.572702,
0.674639,
,
,
,
0.42291,
0.828169,
0.081778,
0.145461,
0.364963,
0.848226,
0.725078,
0.199671,
0.47729,
0.656322,
0.215184,
0.225789,
0.257625,
0.276699,
,
,
,
,
,
0.123807,
0.165394,
0.122691,
0.361057,
0.369056,
0.434997,
0.507745,
0.52068,
0.544591,
0.646148,
0.537,
0.6463,
0.419929,
0.492121,
0.016059,
0.184964,
0.464311,
0.57857,
0.671113,
0.43212,
0.46027,
0.540088,
0.212238,
0.446919,
0.302602,
0.508192,
0.56328,
0.528246,
0.612779,
0.245908,
0.400423,
0.331452,
0.337833,
0.405003,
0.407848,
0.450213,
0.471199,
0.260991,
0.474202,
0.480396,
0.461821,
0.493063,
-0.38152,
-0.04695,
0.496112,
0.515813,
0.036414,
0.618745,
0.530823,
0.639218,
0.555346,
0.377627,
0.384008,
0.401278,
0.496388,
0.610022,
0.616403,
0.637944,
0.686418,
0.349136,
0.454358,
0.602146,
0.128607,
0.492135,
0.573316,
0.311324,
0.129373,
0.515937,
0.431429,
0.622471,
-0.12239,
0.046514,
0.064844,
0.146019,
0.455725,
0.459865,
0.557247,
0.634261,
0.643292,
0.647851,
0.748186,
0.457665,
0.444675,
0.451055,
0.743315,
0.379335,
0.371639,
0.231945,
0.498954,
0.575674,
0.50651,
0.385013,
0.466821,
0.485534,
0.681633,
0.60525,
0.917722,
0.985516,
0.746645,
0.422069,
0.958454,
0.205913,
0.208193,
0.344602,
0.381448,
0.658027,
0.504885,
0.246617,
0.328426,
0.347139,
0.353309,
0.368903,
0.37719,
0.470372,
0.474311,
0.437508,
0.226054,
0.241371,
0.296648,
0.546605,
0.4876,
0.450536,
0.656973,
0.364496,
0.401903,
0.336764,143.194
0.407772,
0.484553,
0.519773,
0.530532,
,
,
,
,
,
,
0.475817,
0.557167,
0.810387,
0.489061,
0.31486,
0.401848,
0.515773,
0.663882,
0.349671,
0.069047,
0.111787,
0.127103,
0.18238,
0.785533,
0.67193,
0.251968,
0.698985,
0.449201,
0.261723,
0.362058,
0.183056,
0.209471,
0.229172,
0.356991,
0.433772,
0.479752,
0.413328,
1.000891,
0.852914,
1.030444,
0.05769,
0.551883,
0.174601,
0.364425,
0.453099,
0.083693,
0.111566,
0.294257,
0.19784,
0.172482,
0.497464,
0.5293,
0.456838,
0.387871,
0.44191,
0.48789,
0.373043,
0.190683,
0.196874,
0.499979,
0.257884,
0.348852,
0.398801,
0.185656,
0.162147,
0.260098,
0.090077,
0.181037,
0.213394,
-0.0292,
0.077494,
0.469201,
0.052925,
0.503203,
-0.20361,175.445
-0.15749,
-0.07567,
0.25754,
0.268145,
0.319055,
0.305629,
0.635197,