LDLR-FL BEAN mu_Z,Differential PFAM score
-5.97012,5.52807
-5.83798,
-5.61268,6.68808
-5.57486,5.0256
-5.38348,1.70034
-5.16872,
-5.0482,3.78661
-5.04677,4.47188
-5.04559,
-4.94964,
-4.93341,2.07504
-4.91709,
-4.8956,5.68653
-4.82153,3.48874
-4.78904,4.8286
-4.71609,
-4.66149,5.92768
-4.65304,
-4.6503,
-4.63574,0.87158
-4.53352,
-4.5116,
-4.48557,3.42502
-4.47384,5.92768
-4.36094,5.92768
-4.33658,
-4.31992,2.86008
-4.28408,6.16284
-4.22066,
-4.19383,
-4.16706,
-4.12157,4.74738
-4.08139,
-4.06174,5.52807
-4.0595,
-4.03762,1.84197
-4.02942,4.50337
-4.00276,
-3.95441,5.0256
-3.93379,2.88042
-3.92152,4.8286
-3.91352,
-3.87009,
-3.84601,4.24521
-3.83322,1.5921
-3.8203,6.16284
-3.80743,4.6303
-3.76015,
-3.76009,
-3.71658,3.91358
-3.70221,
-3.66805,3.17018
-3.65973,
-3.63571,3.48874
-3.62346,
-3.60758,5.68111
-3.5822,4.47188
-3.57431,4.47188
-3.5679,
-3.56611,
-3.56478,
-3.55298,
-3.55189,6.68808
-3.53525,2.44273
-3.52317,3.95575
-3.52163,
-3.5119,5.52807
-3.50696,0.86722
-3.50611,0.4049
-3.49356,
-3.45093,4.36847
-3.42106,
-3.41489,
-3.40961,4.74738
-3.39108,5.52807
-3.38954,3.94183
-3.36496,
-3.36378,2.55152
-3.35567,
-3.34758,3.57052
-3.3358,
-3.33122,1.92668
-3.32114,0.38491
-3.30009,2.36685
-3.29979,4.8286
-3.28589,
-3.27378,5.68653
-3.25846,3.44819
-3.25278,5.68653
-3.2282,
-3.21774,4.15483
-3.18965,
-3.17749,
-3.17709,4.15483
-3.17692,
-3.17191,
-3.16633,2.54323
-3.15796,
-3.15358,5.06064
-3.14812,
-3.14734,6.16284
-3.10088,1.9248
-3.09638,
-3.07685,5.25235
-3.0716,5.52807
-3.06845,4.47188
-3.06143,
-3.06119,
-3.04245,4.74738
-3.04159,5.68111
-3.02559,
-3.0205,3.91358
-2.99343,
-2.98618,3.91358
-2.98254,
-2.9824,
-2.98177,4.93741
-2.97784,
-2.97691,
-2.97443,5.92768
-2.9586,0.14062
-2.94924,
-2.94279,-0.14126
-2.93539,
-2.93263,0.1371
-2.92932,
-2.92514,
-2.91885,
-2.90718,
-2.89693,
-2.88561,
-2.87892,
-2.87129,
-2.86819,
-2.85215,2.87877
-2.8321,0.75706
-2.82869,
-2.82605,
-2.82096,6.16284
-2.82059,3.94183
-2.81884,2.80596
-2.81725,
-2.81398,2.07504
-2.80763,
-2.80185,
-2.79405,
-2.79242,
-2.78821,
-2.78635,
-2.78532,
-2.7831,1.55934
-2.7825,5.68111
-2.77764,0.15237
-2.77258,4.8286
-2.76846,4.15483
-2.75633,
-2.72486,5.52807
-2.71664,
-2.715,1.60285
-2.7056,6.68346
-2.70539,1.70034
-2.70482,6.16284
-2.70021,
-2.69479,4.24521
-2.6743,4.50337
-2.6592,4.65106
-2.65543,
-2.64576,4.53723
-2.6185,
-2.59789,5.68653
-2.59458,5.96739
-2.59105,
-2.59086,5.68111
-2.58939,0.58145
-2.58126,6.68808
-2.5693,
-2.56414,3.42502
-2.56286,4.2183
-2.56283,
-2.55472,4.74738
-2.55302,
-2.55255,
-2.55115,0.15882
-2.52898,2.55152
-2.52466,
-2.51762,4.24878
-2.49167,
-2.48414,-2.23385
-2.48152,4.18162
-2.48106,
-2.47554,
-2.4717,
-2.46826,
-2.45837,4.54937
-2.45334,
-2.45152,4.50337
-2.42153,1.22413
-2.41174,1.22109
-2.40867,3.78661
-2.39399,4.8286
-2.39343,2.6543
-2.3808,6.16284
-2.37382,
-2.34818,
-2.34817,3.1195
-2.34533,
-2.34363,-0.21939
-2.33976,
-2.33813,6.16284
-2.33267,
-2.30673,
-2.30455,
-2.29795,
-2.28923,
-2.28167,
-2.28028,
-2.27836,4.50337
-2.26872,
-2.26798,
-2.26792,1.66274
-2.26676,
-2.26511,4.8286
-2.26504,
-2.25728,4.50337
-2.25616,5.52807
-2.25614,
-2.24905,
-2.24865,4.8286
-2.24839,
-2.24734,
-2.23908,
-2.23904,3.78652
-2.23887,5.68653
-2.22241,
-2.21556,1.50383
-2.2152,5.92768
-2.21447,
-2.214,
-2.20224,
-2.19572,
-2.19425,
-2.18796,
-2.17831,
-2.17309,1.45334
-2.16942,
-2.16035,5.14508
-2.15659,2.86008
-2.15445,
-2.14215,4.54937
-2.14081,5.39014
-2.13799,
-2.13547,
-2.13349,
-2.13088,
-2.1307,3.42502
-2.12891,
-2.12196,
-2.11891,
-2.10751,
-2.09894,4.47188
-2.09709,4.36847
-2.09582,
-2.09089,6.68808
-2.08579,4.36847
-2.08029,2.88042
-2.07872,1.42047
-2.07418,
-2.07184,
-2.06064,5.92768
-2.05465,
-2.05378,
-2.03601,5.68653
-2.03428,
-2.03217,4.59383
-2.02337,
-2.02088,
-2.00704,
-2.00545,4.6303
-1.99441,
-1.98118,
-1.97999,4.02487
-1.97959,
-1.97819,
-1.97766,4.8286
-1.97699,
-1.96206,
-1.96166,
-1.95244,
-1.95102,
-1.9473,5.07595
-1.94339,
-1.94276,0.17857
-1.9386,
-1.9364,6.16284
-1.93582,6.16284
-1.93213,
-1.92669,4.50337
-1.92667,
-1.91663,5.92768
-1.9165,
-1.91364,3.84295
-1.91316,
-1.91294,
-1.90305,4.47188
-1.89768,3.51824
-1.89098,
-1.88692,
-1.88395,
-1.88217,1.82145
-1.87983,
-1.87832,3.15398
-1.87819,1.27588
-1.87327,
-1.86515,0.60334
-1.86412,
-1.86162,
-1.85694,5.14508
-1.85529,0.60935
-1.85338,5.17683
-1.84703,4.74738
-1.83988,
-1.8335,0.1371
-1.83194,
-1.83176,6.68346
-1.8314,
-1.82981,
-1.82875,3.44819
-1.82773,
-1.82498,6.16284
-1.82353,4.32523
-1.82237,1.33094
-1.82019,
-1.80533,4.01829
-1.7951,0.75706
-1.79445,1.51611
-1.7941,2.13932
-1.7775,0.75706
-1.77238,
-1.76736,3.91135
-1.76701,
-1.76692,2.11297
-1.76095,
-1.76083,1.41953
-1.75744,1.03655
-1.75356,
-1.7505,
-1.75021,3.44819
-1.74915,3.04293
-1.74891,4.02487
-1.74814,3.59535
-1.74162,0.35806
-1.73788,
-1.73354,
-1.73041,0.43326
-1.7291,
-1.72816,
-1.72176,4.93741
-1.71752,
-1.71682,3.78652
-1.71066,5.92768
-1.71045,
-1.70666,
-1.70585,
-1.70396,-1.72376
-1.70134,5.52807
-1.70026,2.54323
-1.69344,
-1.69261,
-1.68949,
-1.68348,
-1.67811,
-1.67451,
-1.67061,
-1.66781,
-1.66618,0.35806
-1.66616,
-1.66456,
-1.66447,
-1.66257,
-1.66058,4.8286
-1.65859,4.74738
-1.65034,3.94183
-1.64804,
-1.6467,
-1.64423,4.74738
-1.64109,
-1.64053,0.86003
-1.63997,
-1.63911,
-1.6362,4.8286
-1.63583,
-1.63502,3.1195
-1.62863,1.35909
-1.62758,0.79713
-1.62586,
-1.62577,
-1.62308,4.8286
-1.623,3.23878
-1.61938,
-1.61903,
-1.61535,
-1.61496,
-1.61441,
-1.61024,1.59324
-1.61,1.79142
-1.60758,0.09591
-1.60694,0.60334
-1.59868,
-1.59551,
-1.59401,
-1.59009,0.51787
-1.59001,5.92768
-1.58529,5.10044
-1.58379,
-1.58375,
-1.58253,
-1.58232,0.37817
-1.57643,
-1.57587,
-1.57297,2.88042
-1.57251,6.68808
-1.56285,3.57052
-1.55632,1.20403
-1.55473,
-1.55391,-0.51653
-1.55141,5.68111
-1.54972,
-1.54933,4.16961
-1.54871,5.07595
-1.53844,4.02487
-1.53479,
-1.53354,6.16284
-1.53141,
-1.52957,
-1.52872,
-1.52781,4.74738
-1.52743,
-1.52218,5.68111
-1.51975,
-1.50977,
-1.50078,6.16284
-1.4999,1.54683
-1.49298,0.86003
-1.49234,
-1.49121,1.8316
-1.48635,0.04447
-1.48032,
-1.47931,
-1.47879,-0.77628
-1.47427,
-1.47042,
-1.46754,
-1.4636,5.39014
-1.46316,
-1.46264,
-1.46111,
-1.46079,1.82157
-1.46061,
-1.45979,
-1.45896,1.12571
-1.4538,
-1.4505,
-1.44736,0.54477
-1.44571,
-1.44343,
-1.44099,
-1.44075,0.29884
-1.43498,
-1.42729,0.30597
-1.42623,1.15904
-1.42615,
-1.42107,4.50337
-1.41995,
-1.41944,5.68653
-1.4122,0.87447
-1.40871,5.68653
-1.40741,
-1.40726,
-1.40483,
-1.40394,5.39014
-1.40193,
-1.40024,
-1.39996,
-1.39467,1.9248
-1.39273,5.06064
-1.38809,0.58656
-1.38409,
-1.38341,-1.15974
-1.37704,
-1.3765,5.68653
-1.37508,
-1.37403,
-1.37388,
-1.37231,
-1.37206,6.68808
-1.36918,4.18162
-1.36766,
-1.36704,
-1.36641,4.74738
-1.34926,
-1.34575,3.23878
-1.34239,
-1.33754,
-1.33669,
-1.33427,
-1.33065,
-1.33001,-0.12289
-1.32798,
-1.32743,
-1.32731,
-1.32564,1.08468
-1.32479,
-1.32366,5.92768
-1.31702,2.54323
-1.31331,
-1.31166,1.70034
-1.30866,0.65205
-1.30572,
-1.29978,
-1.2997,
-1.29845,
-1.29339,
-1.28776,
-1.28617,5.92768
-1.28315,5.52807
-1.28136,1.98491
-1.27838,
-1.27618,
-1.27617,
-1.27522,2.87877
-1.27451,3.1195
-1.27212,
-1.26934,5.92768
-1.26792,-2.14226
-1.2678,
-1.26715,
-1.26428,3.57052
-1.26422,
-1.26362,
-1.25976,
-1.25454,5.68653
-1.2537,
-1.25307,
-1.25051,1.51323
-1.25012,
-1.24944,
-1.2488,
-1.2483,6.68346
-1.24352,
-1.24011,
-1.23528,0.06528
-1.23501,1.20456
-1.23444,
-1.23009,
-1.229,6.16284
-1.228,
-1.2266,-1.59803
-1.22622,
-1.22566,
-1.2209,
-1.22044,
-1.21988,5.52807
-1.21794,-0.42885
-1.21784,
-1.21664,
-1.21373,
-1.21346,
-1.21249,
-1.21097,5.17683
-1.20419,
-1.20246,6.68808
-1.2007,
-1.20017,
-1.19743,1.13705
-1.19307,
-1.19184,1.98491
-1.19023,5.68653
-1.18976,
-1.1897,
-1.18839,3.84295
-1.18369,
-1.17928,
-1.17915,
-1.17658,
-1.16967,0.21783
-1.16658,-0.11666
-1.16623,2.88042
-1.16597,
-1.16564,
-1.16439,
-1.16365,
-1.16222,3.76023
-1.16115,6.16284
-1.16046,
-1.15846,
-1.15649,
-1.15559,6.68808
-1.15535,
-1.15505,
-1.15292,
-1.15287,-0.03218
-1.15006,
-1.14869,3.06879
-1.14388,4.47188
-1.1436,-0.11404
-1.14107,
-1.13929,
-1.13893,0.5489
-1.13881,
-1.13517,4.32523
-1.1337,
-1.12839,
-1.12817,
-1.12693,
-1.12338,
-1.12086,
-1.11998,
-1.11502,
-1.1148,1.23235
-1.11263,3.30256
-1.10623,
-1.10451,
-1.10393,1.455
-1.10389,4.24521
-1.10008,
-1.09889,1.67573
-1.09809,3.91135
-1.09751,1.56863
-1.09707,4.8286
-1.0911,
-1.09073,1.5921
-1.08967,
-1.08856,
-1.08804,
-1.08693,
-1.08667,1.08468
-1.08478,
-1.08456,3.00887
-1.08139,
-1.07932,3.39171
-1.07683,3.4456
-1.07618,
-1.07603,
-1.07361,
-1.07144,2.87877
-1.068,1.455
-1.06401,
-1.06329,
-1.063,0.19001
-1.06293,
-1.06001,
-1.0591,1.1592
-1.05512,
-1.05435,0.01735
-1.05293,0.37543
-1.05283,
-1.04998,
-1.04885,
-1.04823,
-1.04718,
-1.04646,5.68653
-1.04539,4.36847
-1.04268,
-1.04206,
-1.04169,
-1.04111,4.36847
-1.04044,
-1.03976,0.57151
-1.03907,2.67468
-1.03666,
-1.03545,-0.37852
-1.03132,2.17494
-1.03089,4.2183
-1.03031,1.8316
-1.02997,1.23235
-1.02732,
-1.02644,
-1.0242,3.23878
-1.02382,5.25235
-1.02358,5.52807
-1.01964,
-1.01736,
-1.01728,4.50337
-1.01684,
-1.01684,
-1.01646,0.26901
-1.01584,
-1.01481,
-1.0148,
-1.00783,
-1.00396,0.11013
-0.99821,
-0.99799,
-0.99747,
-0.99388,
-0.99342,
-0.99241,
-0.9918,
-0.99071,2.03108
-0.98993,
-0.98884,
-0.98369,
-0.98335,5.92768
-0.98287,
-0.9827,
-0.9796,4.47188
-0.97835,
-0.97724,
-0.97589,-2.10349
-0.9753,0.83221
-0.9716,
-0.96862,-1.2842
-0.96762,
-0.96492,2.93144
-0.96112,2.88042
-0.95928,
-0.95617,4.74738
-0.95281,
-0.95181,1.50867
-0.94974,
-0.94584,6.16284
-0.94268,2.55152
-0.94262,
-0.94161,
-0.94125,
-0.94106,1.67315
-0.94079,
-0.94022,
-0.93894,
-0.93522,
-0.93105,4.50337
-0.92988,
-0.92761,0.22917
-0.92668,
-0.92584,
-0.92545,0.62634
-0.92368,
-0.92333,
-0.92123,1.03655
-0.9203,0.35721
-0.91898,
-0.91791,
-0.91787,
-0.91647,
-0.9148,
-0.91201,
-0.90994,5.92768
-0.90563,0.51925
-0.90036,
-0.89958,
-0.8987,5.52807
-0.89718,
-0.89419,
-0.89395,
-0.89293,-0.88476
-0.8917,0.75706
-0.89111,-0.69935
-0.89104,0.17236
-0.89005,
-0.88947,-0.44382
-0.88911,
-0.8885,
-0.88692,
-0.88687,2.03108
-0.88614,
-0.88537,
-0.88463,5.39014
-0.88265,2.87877
-0.88259,
-0.88098,0.7306
-0.87845,
-0.87699,
-0.87541,
-0.87397,
-0.87346,
-0.87311,
-0.87102,
-0.86994,
-0.86669,
-0.86637,
-0.86383,
-0.86345,
-0.86156,
-0.85926,
-0.85724,0.03238
-0.85465,
-0.85386,
-0.85381,
-0.85239,
-0.85138,3.219
-0.85018,
-0.85008,
-0.84947,
-0.84765,
-0.84701,
-0.84514,
-0.84492,0.99371
-0.84328,
-0.84294,
-0.84264,3.84295
-0.84085,
-0.84056,
-0.84019,
-0.83767,
-0.83659,
-0.83635,
-0.83584,3.10632
-0.8344,2.03235
-0.82935,
-0.82928,
-0.82895,1.92668
-0.82776,
-0.82425,
-0.82396,
-0.82394,4.18162
-0.8234,
-0.82288,
-0.82279,
-0.82268,
-0.82258,
-0.82232,5.68653
-0.82066,
-0.82063,-0.34987
-0.82003,
-0.8199,
-0.81913,
-0.81876,3.9616
-0.81876,0.81025
-0.81825,
-0.81786,
-0.81703,
-0.81474,
-0.81107,-0.24903
-0.80729,
-0.80711,
-0.80221,1.10504
-0.80132,
-0.79616,
-0.79583,
-0.79544,0.14062
-0.79516,
-0.79456,
-0.79384,0.86003
-0.7938,
-0.79026,5.92768
-0.78875,5.17683
-0.78814,
-0.78735,
-0.78649,
-0.78552,
-0.77981,
-0.77784,
-0.77772,4.15483
-0.77647,-0.18026
-0.77328,
-0.77073,3.44819
-0.76924,
-0.76831,
-0.76783,0.89612
-0.76507,3.10632
-0.76098,
-0.76077,0.45145
-0.76021,
-0.75995,
-0.75667,
-0.75549,5.68111
-0.75472,
-0.75252,4.74738
-0.75224,
-0.74572,
-0.74363,
-0.7428,
-0.74157,
-0.74147,
-0.73898,
-0.7362,4.8286
-0.73616,3.42502
-0.73602,3.06879
-0.73521,
-0.73382,
-0.73276,
-0.73202,
-0.73039,4.47188
-0.72887,5.92768
-0.72858,-0.29009
-0.7282,
-0.72736,
-0.72713,0.73431
-0.72677,
-0.72605,
-0.72465,
-0.72032,5.92768
-0.7198,
-0.71944,0.938
-0.718,1.07769
-0.71788,
-0.71743,
-0.71488,5.68653
-0.71461,
-0.71304,1.8017
-0.71281,
-0.71171,4.93741
-0.71112,6.16284
-0.70743,
-0.70621,
-0.70506,
-0.70086,4.8286
-0.69951,
-0.69867,
-0.69782,
-0.69754,
-0.69655,
-0.69639,1.56863
-0.69472,
-0.69423,
-0.69366,
-0.69324,
-0.69318,
-0.6899,4.93741
-0.68883,1.42047
-0.68603,
-0.68346,
-0.67777,
-0.67498,
-0.67433,
-0.67244,
-0.67236,
-0.67221,
-0.66851,
-0.66838,4.8286
-0.66684,
-0.66575,
-0.66539,
-0.66496,
-0.66441,
-0.66318,
-0.66054,
-0.65863,5.52807
-0.65672,1.70034
-0.65625,
-0.6562,
-0.65424,6.16284
-0.65392,
-0.65356,
-0.65137,
-0.65029,
-0.64997,
-0.6499,0.36218
-0.64811,
-0.64662,
-0.64587,
-0.64533,
-0.64515,
-0.64431,
-0.64393,
-0.64302,
-0.64053,
-0.64037,4.13433
-0.63869,-0.61407
-0.63658,
-0.63557,4.74738
-0.63483,4.74738
-0.63263,
-0.63212,
-0.63076,4.13433
-0.62979,
-0.62653,
-0.62579,1.92867
-0.62547,
-0.62514,
-0.62144,
-0.6202,
-0.61989,
-0.61905,
-0.61896,5.52807
-0.61828,
-0.61739,0.18686
-0.61692,
-0.61626,4.8286
-0.61547,
-0.61545,5.17683
-0.61465,
-0.61274,-0.18808
-0.6113,
-0.61021,
-0.60906,
-0.6066,
-0.60591,
-0.60539,
-0.6053,
-0.60525,
-0.60477,0.87447
-0.60178,4.53723
-0.60107,
-0.60082,
-0.60039,
-0.60037,
-0.60024,
-0.59866,
-0.59836,
-0.59723,
-0.59611,
-0.59505,1.74672
-0.59411,3.57052
-0.59256,
-0.59096,0.42936
-0.59003,
-0.5893,2.17494
-0.58923,
-0.58715,
-0.5865,
-0.58585,
-0.58482,4.54937
-0.58337,
-0.58333,
-0.57961,4.47188
-0.57543,
-0.57518,5.39014
-0.57493,
-0.57474,
-0.57245,
-0.57199,
-0.57197,5.75995
-0.56835,5.52807
-0.56821,
-0.56769,
-0.56768,
-0.5652,
-0.5652,4.74738
-0.56495,
-0.56422,5.0256
-0.56206,0.65204
-0.56155,
-0.55844,
-0.55817,
-0.55103,
-0.5495,
-0.5483,1.19053
-0.54796,
-0.54716,1.20403
-0.54613,
-0.54531,
-0.54375,
-0.54292,-1.53547
-0.54043,
-0.54032,4.15483
-0.53937,
-0.53825,
-0.53675,
-0.53668,
-0.53662,
-0.53653,
-0.53562,1.51323
-0.53443,
-0.53434,
-0.53246,
-0.52913,
-0.52823,0.58145
-0.52819,
-0.52727,
-0.5249,
-0.52438,
-0.52349,4.74738
-0.52142,3.219
-0.52136,
-0.52131,
-0.51918,
-0.51687,
-0.51682,
-0.51475,
-0.51443,
-0.51312,
-0.51216,
-0.51178,
-0.51099,3.51824
-0.51011,
-0.51,
-0.50624,
-0.50534,
-0.50484,
-0.50468,2.36685
-0.50275,
-0.50129,
-0.50064,0.87447
-0.50004,
-0.49908,
-0.49586,4.32523
-0.49541,
-0.49513,2.6543
-0.49432,4.74738
-0.49374,
-0.49265,
-0.48805,
-0.48802,
-0.48797,0.33221
-0.48532,
-0.48443,
-0.4835,
-0.48309,4.16961
-0.48288,
-0.47989,1.87376
-0.47965,
-0.47832,
-0.47487,
-0.47391,
-0.4712,
-0.46913,
-0.46737,
-0.46733,
-0.46719,
-0.467,
-0.46692,
-0.46468,
-0.46141,
-0.45873,
-0.45835,
-0.45828,
-0.45808,0.53673
-0.45559,
-0.45317,
-0.45311,
-0.45276,
-0.45247,
-0.45128,3.17018
-0.44921,
-0.44895,
-0.44891,0.00623
-0.44874,
-0.44835,-0.05067
-0.44589,
-0.44302,
-0.43511,
-0.43417,
-0.43337,
-0.43328,
-0.43316,5.52807
-0.43266,
-0.43266,1.30147
-0.43249,
-0.43224,
-0.42979,
-0.4279,0.03654
-0.42759,
-0.42723,
-0.4267,
-0.42629,
-0.42587,
-0.42405,
-0.42177,
-0.42129,5.68653
-0.42075,
-0.42074,
-0.42059,3.10186
-0.41962,0.09192
-0.41954,
-0.41947,0.84758
-0.41842,
-0.41788,5.92768
-0.41745,3.76023
-0.41591,
-0.41449,1.35909
-0.41234,
-0.41133,
-0.41115,
-0.41032,
-0.40984,
-0.40901,
-0.40777,4.8286
-0.40755,
-0.40302,4.01829
-0.4029,2.97217
-0.40123,
-0.40064,
-0.40053,
-0.39733,
-0.39673,
-0.39644,
-0.39613,3.23878
-0.39339,3.82419
-0.39266,
-0.39192,
-0.38815,0.37543
-0.3875,5.52807
-0.38737,
-0.38582,5.68653
-0.38306,
-0.38282,
-0.38251,1.56863
-0.38221,
-0.3816,
-0.3815,1.46575
-0.38063,4.74738
-0.37981,0.21271
-0.3785,
-0.3784,0.97185
-0.37692,
-0.37468,
-0.37417,
-0.37121,
-0.37033,
-0.36856,
-0.3682,1.47062
-0.36793,
-0.36789,
-0.36761,
-0.3674,0.15326
-0.36713,1.53547
-0.36708,
-0.36687,5.68111
-0.36499,
-0.36468,
-0.36448,
-0.36401,
-0.36378,
-0.36337,-0.4658
-0.36299,0.80317
-0.36288,0.61073
-0.3625,
-0.36091,
-0.36055,1.14388
-0.3602,
-0.36013,6.68808
-0.35777,
-0.35558,
-0.35499,
-0.35401,
-0.35294,
-0.35153,4.15483
-0.35132,-0.07211
-0.35127,
-0.35115,
-0.35094,4.50337
-0.3499,
-0.34779,4.47188
-0.34725,2.22724
-0.34702,
-0.347,
-0.34696,2.87877
-0.34657,6.16284
-0.34648,
-0.34426,5.92768
-0.34319,5.92768
-0.34263,
-0.34172,2.49808
-0.34122,
-0.34061,0.0149
-0.34055,
-0.34013,
-0.34007,
-0.33865,
-0.33669,
-0.33633,5.68111
-0.33308,
-0.33165,
-0.33127,5.52807
-0.33118,3.23878
-0.32959,
-0.32842,
-0.32819,
-0.32736,
-0.3273,0.83114
-0.32517,
-0.32503,4.89552
-0.32419,3.91358
-0.32283,
-0.32193,
-0.31939,5.68653
-0.31797,6.16284
-0.31719,
-0.3153,
-0.31312,4.50337
-0.31288,
-0.31065,
-0.30978,
-0.30902,0.95137
-0.30556,
-0.3051,4.89552
-0.30446,4.24521
-0.30304,3.39171
-0.303,
-0.30265,
-0.3023,
-0.30229,0.51991
-0.30134,
-0.29996,4.8286
-0.29913,
-0.29822,0.86722
-0.29707,
-0.29545,5.68653
-0.29475,
-0.29442,
-0.29415,2.13477
-0.29393,
-0.29157,
-0.2893,
-0.28868,
-0.28839,
-0.28778,
-0.28632,0.31849
-0.28482,3.51824
-0.28455,
-0.28316,
-0.2831,
-0.28256,4.2183
-0.28239,
-0.28219,2.6543
-0.28159,
-0.2759,
-0.27465,
-0.27427,
-0.27416,
-0.27338,0.80804
-0.27325,
-0.27247,
-0.27152,1.82624
-0.2699,
-0.26901,-0.32058
-0.26892,
-0.26777,
-0.26679,
-0.26596,0.32503
-0.26243,5.68653
-0.26198,4.02487
-0.25871,
-0.25807,-0.4658
-0.25803,
-0.25549,
-0.25546,
-0.25426,
-0.25246,-0.41896
-0.25207,
-0.2513,2.91205
-0.24988,-0.07661
-0.24978,
-0.24603,
-0.24406,
-0.24206,
-0.24126,0.91854
-0.24125,
-0.24085,
-0.24028,1.88011
-0.23926,
-0.23906,0.83795
-0.23867,1.2736
-0.23861,5.07595
-0.23824,
-0.23788,4.74531
-0.23314,1.82145
-0.23293,
-0.23198,
-0.23187,
-0.23041,
-0.22987,1.12571
-0.22948,
-0.22806,
-0.22576,
-0.22559,
-0.22414,
-0.22387,0.9202
-0.22337,
-0.22334,4.13433
-0.21936,
-0.2192,
-0.21737,
-0.21723,
-0.2163,3.91358
-0.21592,
-0.21577,
-0.2157,
-0.21479,
-0.21338,
-0.21115,
-0.21047,4.74738
-0.21014,
-0.20916,
-0.20877,1.64695
-0.20846,4.93741
-0.20827,
-0.20687,1.08723
-0.20672,
-0.20633,
-0.20497,6.16284
-0.20497,
-0.20306,
-0.20301,
-0.20286,
-0.20241,
-0.20116,0.3756
-0.198,1.34987
-0.19736,0.79713
-0.19699,
-0.19593,
-0.19466,
-0.19451,4.6303
-0.19385,
-0.1936,1.92737
-0.1934,3.219
-0.19115,4.47188
-0.18974,
-0.18648,
-0.18617,4.74738
-0.18513,6.16284
-0.18375,
-0.18336,
-0.18305,
-0.18281,3.16546
-0.1813,1.1752
-0.17925,
-0.17652,1.09772
-0.17312,
-0.17281,
-0.17208,
-0.1718,
-0.171,
-0.16992,4.949
-0.16989,
-0.16946,1.02857
-0.16945,
-0.1693,
-0.16762,
-0.16552,
-0.16155,-1.05503
-0.16021,
-0.15779,
-0.15739,
-0.15647,
-0.15637,4.47188
-0.15611,
-0.15567,0.85203
-0.15551,0.06479
-0.1542,
-0.1536,0.15349
-0.15295,4.18162
-0.1518,
-0.15124,2.17494
-0.15074,
-0.15013,
-0.1495,0.07432
-0.14923,
-0.14658,
-0.14629,
-0.14406,5.06064
-0.14332,-0.33511
-0.14329,
-0.14043,
-0.14,0.35721
-0.1386,
-0.1382,
-0.13549,
-0.13546,
-0.13414,
-0.13264,0.34361
-0.13235,3.17018
-0.13093,
-0.1297,
-0.12897,4.47188
-0.12648,
-0.12533,
-0.12292,
-0.12286,0.66182
-0.12284,
-0.12173,
-0.12153,
-0.12068,
-0.12059,
-0.11999,
-0.11376,
-0.11355,
-0.113,1.4112
-0.11083,2.18798
-0.10944,
-0.10932,
-0.10754,
-0.10714,0.28725
-0.10677,
-0.10361,0.99448
-0.10315,
-0.10311,
-0.1031,3.00317
-0.1023,
-0.09897,
-0.09837,4.50337
-0.09684,
-0.09576,
-0.09429,1.64695
-0.09395,
-0.09349,
-0.09348,
-0.09304,
-0.09202,3.63962
-0.09144,
-0.08925,
-0.0875,4.18162
-0.08643,0.65094
-0.08494,
-0.08466,
-0.08453,0.90149
-0.08344,4.93741
-0.08196,1.10102
-0.08192,
-0.07876,
-0.07774,
-0.07723,
-0.07666,
-0.07656,
-0.07534,
-0.07456,
-0.07449,
-0.07446,
-0.07421,
-0.0715,3.48874
-0.07033,
-0.0699,
-0.06986,
-0.06806,
-0.06753,
-0.06379,
-0.06375,
-0.06367,
-0.06229,
-0.06191,
-0.06042,
-0.0604,
-0.06019,2.2383
-0.05888,2.10249
-0.05858,3.63962
-0.05833,
-0.05781,
-0.05778,1.0559
-0.05772,
-0.05717,0.82473
-0.05709,0.24903
-0.05631,2.11297
-0.05615,
-0.05507,
-0.05412,
-0.05365,
-0.05358,
-0.0532,
-0.05307,
-0.05251,0.50854
-0.05167,4.50337
-0.0511,
-0.05063,
-0.0499,
-0.04965,
-0.04963,
-0.04661,
-0.0458,
-0.04486,
-0.0436,
-0.04317,
-0.04282,
-0.04211,
-0.03855,
-0.03641,1.98843
-0.03557,
-0.03549,
-0.03506,-1.66678
-0.03363,
-0.0321,
-0.03048,
-0.0296,0.34672
-0.02632,4.24521
-0.02594,
-0.02269,4.16961
-0.02024,2.07938
-0.01994,
-0.01936,
-0.01876,
-0.01798,0.12938
-0.01663,
-0.01617,3.48874
-0.01603,
-0.01592,0.67392
-0.01573,
-0.01477,
-0.0147,
-0.0127,
-0.01248,
-0.01243,
-0.00973,
-0.00905,5.68111
-0.00816,
-0.00763,
-0.00628,
-0.00608,
-0.00598,0.53673
-0.00569,
-0.0056,3.39171
-0.00281,
-0.002,
-0.00102,-0.50573
-0.00064,
-0.00036,
0.001686,
0.002548,
0.002915,
0.003717,4.8286
0.003753,5.06064
0.005218,
0.005912,
0.006397,
0.006687,4.74738
0.007223,
0.007345,
0.007415,-0.02321
0.009486,
0.01073,
0.011169,0.32503
0.01163,
0.011869,
0.013521,3.4456
0.014343,
0.014357,
0.016316,
0.016376,
0.021577,
0.021771,
0.022116,5.07595
0.022449,
0.023502,
0.025031,
0.026099,1.2736
0.026196,5.68653
0.029705,
0.029839,0.41896
0.029952,
0.030834,
0.031639,
0.032025,
0.032266,
0.032274,
0.032302,5.06064
0.032805,
0.0332,
0.033427,6.16284
0.035538,
0.036442,5.0256
0.038945,
0.039728,
0.039877,
0.039958,
0.04011,3.80805
0.040731,
0.041713,
0.041811,2.17494
0.041944,
0.043244,
0.043496,
0.04352,6.68346
0.045856,1.30589
0.046939,
0.047296,
0.047606,
0.048283,
0.048758,
0.04892,0.62634
0.049844,
0.051479,
0.052249,
0.052786,
0.052863,
0.057364,
0.060199,
0.060791,
0.062581,5.68653
0.06488,
0.065005,-0.63409
0.066003,
0.067093,
0.067767,
0.068998,3.80805
0.071538,
0.071797,
0.072062,5.68653
0.072085,4.01829
0.072341,0.48481
0.072884,5.52807
0.074839,
0.075145,
0.07627,1.1949
0.076729,
0.076807,
0.07703,
0.079365,
0.079586,0.05709
0.080185,3.84295
0.080341,
0.081114,
0.081153,
0.082027,
0.082118,
0.082219,
0.083996,-0.11737
0.085447,
0.085603,3.06713
0.087204,
0.087476,
0.088991,
0.090242,1.46803
0.090677,
0.091236,
0.09249,
0.092534,
0.092777,0.35294
0.093475,
0.094757,
0.096229,
0.09725,
0.099719,0.79517
0.100531,
0.100921,
0.101236,6.68808
0.105135,
0.106285,
0.106666,
0.107528,
0.108212,
0.109485,
0.109995,
0.111697,4.50337
0.112197,
0.113194,4.65106
0.113688,
0.113966,
0.114355,
0.114573,
0.114653,3.57052
0.115033,
0.115778,
0.117042,
0.11819,1.30147
0.119696,
0.119851,
0.121189,3.91135
0.122955,
0.12311,
0.124663,
0.124907,3.219
0.12653,0.03563
0.12728,
0.128053,1.55934
0.129186,0.18148
0.129273,1.18382
0.129813,
0.130413,
0.131032,6.68346
0.131325,
0.133619,
0.133763,
0.134136,
0.13477,
0.134793,4.02487
0.135926,3.77592
0.136487,
0.139441,
0.140946,
0.141047,3.63962
0.14265,
0.144569,6.68808
0.144882,
0.145388,
0.145424,
0.145528,1.85654
0.147527,0.58145
0.147825,2.96129
0.148914,
0.1503,-1.49063
0.150725,1.08723
0.151199,1.33915
0.151756,
0.152345,
0.154594,
0.155139,5.68653
0.155752,
0.156049,
0.156585,
0.156745,
0.156937,
0.15828,
0.158281,
0.158428,2.06474
0.158543,
0.158601,5.92768
0.159805,
0.160471,
0.160843,0.4658
0.161506,
0.162021,4.74738
0.162172,
0.162175,
0.163869,
0.164387,0.89612
0.16714,
0.168938,
0.170337,
0.170463,3.59535
0.170892,
0.172464,
0.17249,
0.173578,
0.173948,2.11297
0.175635,
0.175818,
0.176041,
0.176806,
0.177397,3.00887
0.177927,
0.178196,1.4112
0.179127,
0.180102,
0.180184,0.34987
0.183457,0.42315
0.184481,
0.184502,
0.18551,
0.185894,
0.187039,3.219
0.187525,
0.18831,
0.188907,
0.189377,
0.189685,4.74738
0.191282,3.84295
0.191865,
0.194959,3.51099
0.195262,
0.195845,
0.196404,-0.2664
0.196791,
0.196966,5.52807
0.196974,
0.198093,
0.19961,
0.200959,
0.201376,
0.201627,0.45283
0.202332,
0.203424,0.79713
0.203463,0.438
0.203883,
0.203897,
0.205066,
0.206367,
0.208001,2.32903
0.210804,
0.212378,3.44819
0.213384,
0.216465,
0.218441,0.42334
0.220127,0.35617
0.220848,5.25235
0.22122,
0.22162,
0.221773,0.7168
0.223173,1.92668
0.223666,
0.224159,
0.225625,
0.227222,
0.229054,1.26518
0.229231,0.38891
0.230251,4.74738
0.2305,
0.231275,0.89181
0.2341,
0.234525,
0.234823,
0.234862,
0.2351,6.16284
0.235339,
0.235579,
0.236541,
0.237617,
0.238496,3.15398
0.238672,5.68653
0.240798,
0.241212,-1.70034
0.243239,
0.2435,
0.243901,
0.244286,
0.244306,
0.244972,
0.246788,
0.248056,
0.250029,
0.250344,
0.250645,
0.251853,
0.251854,
0.25194,
0.25288,
0.253343,
0.253757,1.11758
0.253997,
0.254046,
0.254396,5.68653
0.254652,
0.256384,
0.257548,0.75706
0.257669,1.44291
0.25928,
0.25963,
0.25988,
0.260114,-0.60704
0.260875,
0.260913,
0.261147,
0.261633,5.92768
0.26275,
0.263189,
0.263529,
0.266095,1.79142
0.266382,
0.26811,
0.26815,
0.268421,0.31025
0.269307,
0.269739,4.74738
0.270992,
0.271079,
0.271666,
0.272302,
0.273035,1.18163
0.273691,-0.36049
0.275621,
0.276068,0.17774
0.276068,
0.27671,
0.277438,
0.277893,1.53547
0.278292,
0.278426,
0.278979,3.06879
0.279018,
0.279206,
0.280067,0.71192
0.281613,5.68653
0.282038,2.94722
0.282422,
0.284942,
0.285141,
0.287657,3.00887
0.287996,
0.287999,
0.288223,1.45949
0.288683,
0.289578,
0.289603,
0.289862,
0.289971,
0.29088,
0.291279,
0.293206,
0.2938,-1.45829
0.293881,
0.295384,
0.295493,0.55035
0.296109,
0.296408,
0.297676,
0.297925,
0.299353,
0.300553,
0.300667,
0.301242,
0.301405,
0.303045,
0.303347,
0.304831,
0.305031,
0.305348,
0.306182,
0.306197,-0.16703
0.306414,
0.306414,
0.307003,
0.307048,
0.307205,
0.308625,
0.308899,
0.308906,0.90717
0.310354,
0.311538,
0.31215,-0.09934
0.312249,
0.31295,
0.313707,
0.314129,
0.314607,
0.315623,
0.316108,-1.75703
0.317577,0.70734
0.317988,
0.318431,0.56026
0.319669,
0.320047,
0.323326,
0.323396,0.19432
0.323657,
0.32491,4.59383
0.325462,4.74531
0.326338,
0.326489,
0.326996,5.92768
0.327696,
0.329047,
0.329111,
0.331098,
0.331148,
0.331574,
0.332149,5.92768
0.333887,
0.334233,
0.33431,
0.335553,4.50337
0.335613,
0.335937,
0.336064,
0.337707,-0.1278
0.338819,4.36847
0.339572,2.73896
0.339888,
0.340787,4.54937
0.34112,-0.1278
0.341225,
0.34169,4.01829
0.341828,
0.342001,
0.34222,
0.343386,
0.344647,
0.344707,
0.345034,
0.34731,-0.89612
0.347753,
0.348417,
0.34873,
0.348871,2.88324
0.349863,2.92996
0.352283,
0.353525,
0.354064,
0.354204,
0.354468,4.50337
0.354713,
0.355516,
0.35649,
0.357968,
0.360834,
0.361675,5.68111
0.361837,
0.362495,
0.36295,
0.363828,
0.36472,
0.364891,
0.364944,
0.36517,
0.365272,
0.365292,
0.36576,
0.366117,
0.367627,
0.368458,
0.368505,0.52741
0.369072,2.07938
0.36965,2.36685
0.370813,
0.370854,
0.373187,
0.374659,
0.37545,
0.375489,
0.375895,
0.376314,2.11297
0.378986,
0.379226,
0.38217,
0.382864,0.88972
0.384832,
0.384986,
0.385024,6.68808
0.386901,
0.387248,2.96129
0.388174,
0.390532,1.30589
0.391229,
0.392194,
0.392246,
0.392566,1.90503
0.394417,
0.39453,5.68653
0.395232,
0.396632,
0.39688,
0.398039,
0.398138,
0.398481,
0.39866,-0.5622
0.399048,
0.399188,-0.26291
0.399448,
0.400472,
0.401609,-0.5492
0.401994,
0.402732,
0.403111,
0.403654,
0.404263,
0.405087,4.23044
0.406069,4.24878
0.406069,1.18163
0.406495,3.41255
0.40879,
0.408928,-0.22117
0.409313,
0.409938,
0.41018,-0.65022
0.410795,0.80144
0.415641,
0.416225,
0.416857,
0.417372,
0.417749,3.10186
0.419238,
0.419337,
0.421754,0.87447
0.422699,
0.423582,
0.424004,
0.42446,
0.425457,
0.425473,
0.425575,
0.427864,4.8286
0.428198,
0.428921,
0.430054,1.34343
0.430475,
0.431584,
0.432868,
0.434702,-0.16607
0.434944,
0.436127,5.07595
0.436254,
0.436398,
0.436652,
0.437015,5.52807
0.437587,3.44819
0.438925,
0.439587,
0.44164,3.84295
0.441669,
0.44171,
0.442097,0.01398
0.44278,4.36847
0.443323,
0.443615,1.83345
0.445105,
0.445221,
0.44883,
0.451899,
0.452028,5.92768
0.453195,
0.455948,
0.456212,1.06206
0.457981,0.69652
0.458038,0.39277
0.45833,
0.458619,
0.459482,1.60285
0.46046,6.16284
0.461813,
0.462096,4.47188
0.462158,
0.462449,
0.462544,
0.463016,0.39277
0.464079,
0.464414,
0.466957,
0.467289,
0.467379,
0.46738,1.31217
0.469544,0.46116
0.469576,0.27056
0.470602,0.9803
0.470701,
0.47084,
0.472039,1.46803
0.472936,-0.18808
0.473527,
0.473852,
0.474193,
0.474792,
0.47538,0.34793
0.476189,
0.476549,3.00887
0.477739,3.15398
0.479274,
0.480126,
0.480493,
0.481125,-1.27682
0.481618,5.75995
0.483091,
0.484012,
0.485112,
0.485174,
0.485653,
0.486265,
0.487326,
0.488662,1.98491
0.488666,6.16284
0.489264,
0.490313,0.05207
0.49033,0.31025
0.490353,-3.48926
0.490677,
0.491149,
0.491344,
0.492218,
0.49333,
0.493911,
0.495057,5.25235
0.495164,
0.496541,5.25235
0.496542,
0.496932,
0.496957,
0.496999,
0.498249,0.9345
0.498458,
0.498486,
0.499027,
0.499846,
0.500062,
0.501575,
0.501853,
0.502547,
0.5027,
0.504751,
0.505261,
0.505711,
0.50604,
0.50758,
0.508115,0.51787
0.508193,
0.508287,
0.508783,
0.510467,5.68111
0.510737,
0.51144,
0.512293,
0.513531,3.00887
0.513551,
0.51487,1.18382
0.515259,
0.51587,
0.518313,3.42502
0.522406,3.00887
0.522557,
0.52295,1.44291
0.524453,2.17494
0.525927,
0.526533,
0.526791,
0.527032,0.4658
0.527817,
0.52798,2.65049
0.528598,4.13433
0.530904,
0.531667,
0.533357,
0.533387,
0.533562,
0.533998,0.25947
0.53536,1.45761
0.535778,
0.53601,
0.540099,-0.36196
0.540244,
0.54042,
0.540641,
0.541731,
0.541925,
0.542509,
0.542745,1.02857
0.544207,
0.54534,
0.545506,
0.546186,4.50337
0.548495,
0.549432,
0.549968,
0.551094,
0.551161,
0.55152,3.76023
0.553279,
0.553522,
0.555791,
0.555968,1.46454
0.556546,
0.5572,0.78606
0.559044,
0.56037,
0.560415,-0.7145
0.560805,
0.561847,
0.561867,
0.562193,5.92768
0.56241,
0.562502,-0.29948
0.562602,
0.564127,
0.564237,
0.564374,
0.564762,3.44819
0.569339,6.68808
0.571432,
0.571618,
0.57171,
0.573282,
0.573703,
0.578377,
0.578473,0.3156
0.57922,
0.579882,
0.580029,
0.580524,
0.581214,
0.581516,
0.582215,
0.584192,
0.584581,5.0256
0.585074,
0.585404,0.40535
0.586406,
0.587777,
0.587927,
0.589162,
0.590573,
0.591334,-0.37459
0.591564,-0.71201
0.592015,-0.06246
0.592174,
0.594025,
0.594159,
0.594326,
0.594823,
0.594928,
0.596884,-0.34366
0.597003,-0.34987
0.597395,3.80805
0.598045,
0.598281,0.72747
0.598655,
0.599443,
0.600758,
0.601647,
0.60201,
0.602469,2.05361
0.602659,
0.602881,4.8286
0.60293,
0.604568,
0.607675,5.92768
0.609043,
0.609547,3.10186
0.609736,
0.609907,0.9202
0.610093,5.52807
0.611164,
0.611382,
0.613471,3.00887
0.613975,
0.61482,
0.615488,
0.615822,
0.616158,
0.616291,
0.619377,
0.619759,1.50867
0.620502,
0.620979,
0.621863,
0.623009,
0.623035,
0.623305,
0.624622,
0.625029,0.22603
0.625165,
0.62599,
0.626229,0.68566
0.627156,
0.628646,-0.94734
0.629139,
0.629311,0.51925
0.629475,
0.629824,
0.630961,
0.631135,0.88066
0.631982,
0.632802,
0.634666,
0.636149,
0.636816,
0.63727,
0.637499,
0.639835,2.2114
0.63998,
0.640303,1.2736
0.640933,
0.641068,4.65106
0.641076,
0.641579,1.53547
0.641943,
0.64395,
0.644013,2.73896
0.645518,
0.646612,
0.647518,1.27588
0.648997,0.98731
0.649343,
0.650218,
0.652888,
0.654794,
0.655006,
0.655229,
0.656237,
0.656647,
0.65724,0.83829
0.657543,
0.657862,
0.658695,
0.661672,
0.662226,0.36049
0.663556,
0.664944,
0.667207,0.92708
0.667343,
0.668568,
0.670551,
0.67074,
0.671068,
0.67241,
0.67391,
0.674426,
0.674667,-0.87967
0.674824,
0.675309,
0.676747,
0.67735,
0.67852,
0.678792,
0.679559,
0.680878,
0.683577,
0.684225,
0.684947,-0.80188
0.685453,
0.685456,
0.686534,
0.686832,3.17018
0.688639,
0.690481,
0.690501,
0.69085,
0.691637,
0.692915,1.16455
0.693466,-2.22321
0.693473,
0.694136,
0.694431,
0.694528,
0.694828,
0.695485,0.31025
0.695594,-0.35721
0.69571,5.68653
0.695724,
0.697769,
0.697949,
0.69851,
0.698624,-1.8825
0.700505,
0.700513,
0.700554,
0.700557,4.32523
0.703663,
0.705747,
0.705933,
0.707703,
0.707917,
0.709472,
0.710936,
0.712703,
0.71366,
0.713931,-0.02842
0.71435,
0.714528,0.51519
0.715552,
0.716193,
0.716261,3.80805
0.716554,
0.71738,0.25947
0.718046,
0.718174,0.57336
0.718525,
0.718536,
0.718542,-1.4464
0.718548,
0.719592,
0.719923,
0.720267,
0.720346,3.30256
0.723822,
0.724207,
0.724667,
0.725411,
0.726364,0.34987
0.726674,
0.72921,0.87203
0.729495,
0.732063,
0.73302,0.44947
0.734419,
0.734979,
0.734987,1.16455
0.738581,1.74672
0.738988,
0.739137,
0.739458,
0.739976,4.24521
0.741231,
0.743038,3.44819
0.743423,0.84721
0.743965,
0.744394,
0.745656,0.34987
0.746369,0.30484
0.74645,
0.74681,
0.747335,
0.747673,0.7306
0.75036,
0.750503,
0.750847,0.41534
0.751967,
0.752569,
0.752591,0.55909
0.75287,0.86439
0.753024,3.4456
0.75371,6.16284
0.756405,
0.756918,
0.757183,5.92768
0.758949,
0.759185,
0.760176,-0.71202
0.760372,
0.761829,
0.763019,
0.763713,
0.763987,3.44819
0.765013,
0.765659,
0.766175,
0.767702,
0.768904,
0.76931,0.93538
0.770622,
0.772751,
0.773581,1.98491
0.773646,
0.773743,-0.03904
0.774763,
0.776659,
0.779125,2.36685
0.779605,
0.77975,
0.780252,
0.781139,
0.781583,3.14431
0.78215,
0.78221,
0.783118,
0.784281,
0.784311,
0.787173,3.94183
0.787655,
0.788804,
0.790371,3.57052
0.790942,
0.794921,
0.796314,
0.79852,
0.798972,
0.799116,
0.799242,
0.799919,
0.800443,
0.801076,-0.39982
0.801109,
0.801149,
0.80134,4.47188
0.801659,
0.802528,-0.05184
0.802996,0.38125
0.803173,
0.803227,
0.803626,
0.803716,
0.805352,
0.805373,
0.805924,
0.806066,
0.807614,0.77556
0.808159,-0.14969
0.80893,
0.81077,
0.810965,
0.81138,0.82474
0.812172,
0.812378,
0.813814,4.53723
0.814154,
0.815022,0.02101
0.816737,
0.81951,
0.819608,
0.820375,
0.82056,
0.822995,3.14431
0.824212,
0.825659,4.74738
0.826449,
0.829238,
0.82991,
0.830455,
0.830482,
0.830852,
0.830914,
0.831472,
0.83197,
0.833346,
0.833634,
0.833667,
0.833759,
0.8341,
0.834478,
0.834489,
0.834743,
0.836105,
0.836467,
0.836609,1.2108
0.83797,0.84758
0.838081,
0.83831,
0.83893,
0.83946,
0.841269,
0.842502,
0.843903,1.45949
0.845876,
0.846729,-0.48083
0.846807,
0.847399,
0.847427,-0.80863
0.847473,
0.847705,
0.848985,
0.849535,
0.852887,
0.853187,
0.853345,
0.853458,
0.855147,
0.856177,0.16508
0.857183,
0.857786,0.26576
0.857896,
0.85923,
0.860233,
0.861076,
0.861636,
0.863625,
0.864624,-0.87447
0.864638,
0.865033,
0.865421,
0.866125,
0.866132,2.03108
0.86808,
0.868243,
0.868348,
0.868426,1.47624
0.86888,0.77628
0.869643,
0.870497,
0.87165,
0.872849,
0.873097,
0.873452,5.52807
0.873885,
0.874676,3.82419
0.875119,-0.12426
0.875124,
0.87568,
0.875697,
0.878458,0.87203
0.878465,
0.880186,
0.881021,4.8286
0.881599,3.48874
0.881869,
0.882326,
0.882677,
0.884619,
0.884845,1.85491
0.886926,1.41969
0.891079,
0.892478,
0.893634,
0.894043,
0.895989,5.06064
0.896908,
0.900269,4.50337
0.901425,2.87877
0.904152,
0.904391,
0.90519,
0.906453,
0.906712,-1.27538
0.908232,
0.910455,5.07595
0.911329,
0.911377,
0.911472,3.84295
0.912285,1.74672
0.914302,
0.914339,
0.91736,1.14733
0.917367,5.52807
0.918049,
0.919487,5.06064
0.919644,6.16284
0.92026,1.12663
0.921499,
0.922505,
0.923219,
0.923359,
0.924008,
0.924097,
0.925929,
0.927834,
0.928466,
0.930277,
0.930295,
0.930954,
0.931524,
0.932501,
0.932631,
0.933498,5.10044
0.934226,
0.935267,
0.935548,
0.935759,3.4456
0.935814,1.15067
0.936019,
0.937235,
0.939784,1.13462
0.939909,0.72196
0.940181,
0.941174,
0.941339,
0.94148,0.82473
0.94183,-0.18674
0.942002,
0.942196,
0.943636,
0.944982,
0.945054,
0.945739,2.18798
0.945837,
0.946718,
0.9468,
0.950967,
0.9512,
0.95254,
0.953049,
0.953176,
0.953504,
0.953907,
0.954185,
0.954782,
0.956104,
0.956611,4.24521
0.956797,
0.957486,
0.957507,0.47925
0.957612,
0.95834,
0.958772,
0.958875,
0.959289,
0.960987,
0.962122,2.55152
0.962273,
0.962842,0.70234
0.965571,
0.966283,
0.966902,
0.96722,3.10186
0.968232,
0.971049,1.51323
0.971943,
0.973387,1.9248
0.974332,
0.975433,
0.976482,
0.976671,
0.977265,
0.977988,
0.979722,
0.980248,3.91358
0.981845,5.68111
0.983208,5.68653
0.984654,
0.986662,3.44819
0.989175,
0.989266,
0.99117,
0.992405,0.6145
0.992563,
0.993531,
0.994267,
0.994436,4.37364
0.995064,
0.995179,
0.998457,
1.000594,
1.001246,2.06817
1.002809,
1.007541,
1.008018,
1.009671,
1.010023,
1.010445,
1.010947,2.17732
1.01324,
1.013594,
1.014498,
1.014552,4.8286
1.015448,
1.016037,
1.016132,
1.016572,
1.016654,
1.017589,
1.017702,
1.018053,
1.019277,4.18162
1.019839,
1.021061,
1.021264,
1.022238,
1.023861,1.15067
1.02445,0.70857
1.024648,-0.69652
1.025289,
1.026986,
1.028426,
1.028664,
1.029423,
1.029823,
1.031487,
1.031792,-0.9345
1.032287,
1.0325,
1.03316,
1.033752,0.71899
1.035423,
1.038388,
1.039452,
1.039713,4.54937
1.039868,-0.24322
1.040847,
1.042436,
1.042524,0.43114
1.043607,0.11361
1.044313,
1.045547,
1.046195,
1.047045,
1.04938,3.51824
1.04955,
1.050747,
1.052261,
1.052392,
1.053831,
1.055231,
1.055517,0.41243
1.059757,0.57728
1.060083,
1.06025,
1.060786,
1.060992,
1.061817,
1.062103,
1.06246,
1.064052,
1.065035,0.9352
1.065427,4.16961
1.065751,4.8286
1.066111,1.0559
1.066328,1.98843
1.067025,4.93741
1.067228,-1.9385
1.068573,0.88407
1.071574,
1.072487,
1.073002,
1.074278,1.22109
1.074316,
1.075478,
1.076047,
1.077584,
1.078506,6.68808
1.078963,
1.080615,
1.080751,
1.081845,
1.082493,
1.083073,0.53673
1.083833,
1.084661,
1.086,
1.089096,
1.090612,
1.092953,-0.71737
1.09372,0.48481
1.095576,-0.02842
1.096989,
1.097365,
1.099374,
1.099927,0.77628
1.102568,
1.103283,
1.103806,
1.105376,
1.105486,
1.105629,
1.106827,
1.107348,
1.107675,3.44819
1.109617,0.37439
1.110375,4.74738
1.110419,
1.110732,
1.110826,
1.111046,
1.111268,5.68653
1.112454,4.02487
1.113224,
1.113852,
1.114622,
1.114695,
1.115755,
1.116438,4.8286
1.11691,
1.121252,1.05494
1.12186,-0.15326
1.124251,
1.124375,
1.124696,
1.12489,
1.125712,
1.126037,1.35202
1.126216,
1.128793,
1.129184,
1.130157,
1.130981,
1.132893,
1.133252,5.52807
1.134813,
1.135111,4.8286
1.135971,
1.137146,2.42423
1.138107,4.74738
1.139805,
1.14023,0.66916
1.140576,
1.140897,
1.141086,
1.141246,
1.14145,
1.145466,
1.145622,
1.145812,
1.147563,
1.150613,
1.154258,
1.154288,
1.154567,
1.154569,
1.155437,
1.155559,
1.156035,
1.156673,
1.158588,3.15398
1.159435,4.8286
1.160341,
1.162763,
1.16554,
1.165685,1.45761
1.16597,
1.166973,
1.167537,
1.16981,4.8286
1.171347,
1.172041,
1.173857,
1.174072,0.27918
1.174738,5.14508
1.177155,
1.1779,1.10611
1.178933,
1.179885,
1.181006,
1.18123,
1.181428,
1.181751,
1.181842,
1.1821,
1.182356,6.16284
1.184485,0.71809
1.18585,
1.186354,
1.186857,5.68111
1.187473,
1.188478,1.17794
1.189134,
1.191459,
1.191684,
1.192565,
1.192891,
1.194552,
1.194565,
1.194871,3.72129
1.197389,1.58384
1.197644,
1.198627,
1.200024,-0.30407
1.200824,5.68111
1.200896,
1.200896,
1.201104,
1.203071,
1.203656,1.35541
1.204407,-0.2664
1.2077,
1.207802,
1.210076,
1.210433,
1.21107,0.87203
1.214517,
1.216641,0.82773
1.217341,
1.218794,
1.219357,
1.221656,
1.222107,
1.222228,3.10186
1.223719,
1.225542,
1.225947,4.74738
1.226918,
1.229461,1.82145
1.229603,1.38577
1.23008,3.219
1.231329,0.51351
1.231519,
1.231802,
1.233472,
1.235902,
1.240392,
1.240423,-0.14306
1.241407,
1.243761,1.45761
1.243867,
1.244677,
1.245385,1.50867
1.245422,
1.246295,
1.246742,-0.76334
1.247161,
1.247165,-0.07313
1.247411,
1.247791,0.9355
1.248004,
1.248112,
1.248858,
1.248892,
1.251928,
1.251938,
1.252365,-0.52513
1.252621,
1.256016,
1.256762,
1.256847,3.48874
1.257687,2.6543
1.258076,
1.261468,
1.261868,
1.262404,2.35676
1.263733,5.68653
1.268397,
1.269752,-0.80847
1.272782,
1.273669,
1.273724,1.63542
1.275606,
1.27625,
1.276326,
1.278212,
1.278518,
1.280082,
1.280319,
1.28053,
1.281209,
1.28311,
1.286431,
1.28779,0.50443
1.288282,
1.289336,5.52807
1.289409,0.89612
1.289648,6.16284
1.289676,
1.292265,5.92768
1.29373,
1.295909,
1.297052,6.16284
1.298649,
1.298789,
1.300547,
1.301382,
1.304244,
1.306068,1.45761
1.306562,
1.306878,1.87159
1.307765,
1.308326,
1.311016,
1.311955,
1.313087,
1.313087,
1.313766,
1.313852,
1.314173,
1.314746,1.64161
1.315742,
1.316682,
1.316963,
1.318211,
1.319672,
1.320003,
1.320777,
1.321161,
1.321672,-1.31205
1.322787,
1.32419,
1.324515,
1.325086,
1.325774,
1.326131,
1.328919,
1.329384,
1.329788,
1.330719,
1.331445,
1.332535,
1.332751,
1.333615,
1.334282,
1.335049,
1.337407,4.32523
1.338028,
1.338109,-0.35873
1.344575,0.58145
1.347236,-0.74081
1.347404,0.93723
1.348718,
1.350637,-0.36049
1.352613,
1.353525,
1.353773,
1.354525,5.68111
1.35512,
1.357292,
1.357871,
1.357939,
1.35845,
1.359051,
1.359137,
1.359926,
1.361081,
1.362484,1.56863
1.363305,0.24765
1.365575,-0.30148
1.367696,5.52807
1.368006,0.89477
1.369367,2.96129
1.369582,
1.369856,
1.369882,1.1752
1.371016,
1.371275,
1.3717,
1.372088,
1.372943,
1.373125,1.92668
1.374201,
1.374263,
1.37435,1.21855
1.376463,0.69957
1.376921,
1.378072,
1.378441,
1.380067,
1.380514,
1.380639,
1.380794,
1.380892,
1.38136,1.98843
1.382441,
1.382799,
1.382814,
1.385703,
1.38664,1.95072
1.387448,
1.390075,1.98491
1.390785,
1.392296,
1.395971,
1.396154,
1.396216,
1.397915,
1.398388,
1.399076,
1.399428,
1.401251,
1.402782,0.28598
1.404167,
1.407022,
1.407511,
1.413044,
1.413853,
1.415949,
1.418104,0.61191
1.418922,2.17494
1.420588,
1.422321,0.9576
1.423713,0.63341
1.424686,
1.425155,-0.00835
1.42664,
1.427032,
1.427604,
1.428566,
1.428988,
1.432523,
1.433867,
1.43432,
1.434524,1.37069
1.435879,
1.436066,
1.439363,
1.440243,
1.440464,-0.15882
1.440703,0.32955
1.441258,1.22682
1.442895,
1.442953,
1.444554,
1.444797,
1.445664,
1.448419,
1.451033,
1.453006,
1.453333,
1.453437,
1.454511,4.2183
1.45508,
1.456166,
1.460979,
1.461155,4.54937
1.461872,
1.461882,4.47188
1.462654,0.48481
1.464696,
1.465697,
1.465776,
1.466006,
1.46802,5.75995
1.468406,5.14508
1.47234,0.87447
1.474507,5.92768
1.477051,
1.47864,
1.48043,
1.481676,4.74738
1.482184,
1.48606,
1.486787,
1.487086,
1.489814,
1.490726,
1.494079,
1.494232,
1.495043,
1.496384,1.4112
1.496813,
1.498702,
1.499039,
1.499758,
1.499899,5.68111
1.500366,
1.502226,
1.503429,
1.50351,
1.503905,
1.507293,2.08417
1.508012,
1.508199,
1.50822,0.90489
1.509024,
1.509196,
1.511715,5.14508
1.511777,
1.512407,4.8286
1.512932,
1.514156,1.45949
1.515329,-0.05582
1.515337,
1.517466,1.70872
1.519153,3.76023
1.519178,
1.519372,
1.521301,
1.521566,
1.521781,0.12034
1.522658,
1.523338,
1.526993,
1.528112,
1.528772,
1.528899,
1.529301,
1.529606,1.1752
1.529658,
1.529704,
1.530482,
1.531039,
1.532818,
1.533311,
1.533504,
1.534468,4.8286
1.535398,0.51131
1.536634,4.74738
1.537628,
1.538448,
1.54187,
1.54237,
1.544128,
1.546115,
1.549803,
1.555033,
1.555752,
1.555877,
1.556367,
1.557742,
1.557775,1.07769
1.558424,
1.558507,
1.558753,2.28237
1.560117,
1.560906,2.17494
1.561145,
1.565701,
1.567722,
1.567784,-1.56262
1.568767,
1.570834,
1.570892,
1.571716,
1.572274,
1.575763,
1.576351,
1.578821,
1.581431,5.68653
1.581904,
1.582444,
1.583125,
1.584132,
1.586869,
1.587168,
1.588855,
1.589218,
1.593047,
1.593182,
1.59353,
1.594909,
1.595101,3.06879
1.595146,
1.596242,
1.598237,1.44155
1.599465,2.23385
1.599995,
1.601186,0.71501
1.602138,1.92131
1.602959,
1.604319,
1.60465,3.06879
1.605007,6.16284
1.606699,
1.609952,0.16436
1.61028,
1.610343,1.40322
1.613016,
1.61387,
1.615647,
1.616567,
1.617463,
1.620517,
1.620583,
1.621686,
1.623011,
1.623491,
1.623599,
1.623742,
1.623762,
1.624561,6.16284
1.62486,
1.626844,
1.62812,
1.628138,
1.628518,0.1278
1.629681,
1.63071,
1.631173,
1.633545,
1.633986,
1.634841,
1.635405,
1.637379,
1.637582,
1.637874,
1.641603,-0.19338
1.643666,
1.647575,6.68808
1.649688,
1.65007,
1.650751,
1.653078,4.13433
1.653331,-0.00835
1.653447,0.71806
1.653583,
1.654008,
1.654981,
1.656273,
1.656803,1.05408
1.658066,
1.65843,
1.662321,
1.662448,
1.663205,0.49508
1.663714,
1.666396,
1.670995,-0.48083
1.6721,
1.672758,
1.673614,
1.674448,
1.675356,1.81091
1.676544,
1.678176,1.3905
1.678911,
1.687502,0.49254
1.688001,
1.688007,
1.688628,
1.690795,
1.692147,0.81713
1.692191,
1.692979,
1.694979,
1.695081,
1.695162,
1.695423,
1.696816,
1.700097,
1.70036,4.02487
1.701616,3.15398
1.701642,
1.702269,
1.704195,1.33616
1.704761,-1.57442
1.70696,
1.708149,
1.712241,
1.712307,
1.712888,
1.71398,
1.717187,
1.717725,
1.71831,
1.719869,
1.720181,
1.722813,
1.72349,5.52807
1.72366,
1.723675,0.92295
1.724657,
1.724809,
1.727529,3.4456
1.727887,
1.728661,
1.730638,1.98491
1.733208,
1.733836,
1.735141,0.53257
1.736234,
1.736974,
1.739205,
1.741015,
1.74129,
1.741561,
1.743228,
1.74422,0.49254
1.746819,
1.747562,0.20204
1.748173,
1.748812,
1.749414,
1.749682,
1.751588,
1.753018,
1.755233,
1.75578,
1.756651,
1.758488,-0.8615
1.758527,4.24878
1.759926,0.39829
1.760379,1.74052
1.768508,
1.769129,
1.769354,5.14508
1.769656,
1.771393,
1.773184,
1.773469,
1.775306,
1.775901,
1.780682,1.12663
1.781267,
1.782246,
1.783257,
1.785485,
1.785529,
1.787225,
1.787287,
1.78821,
1.791172,
1.793207,
1.794131,1.01997
1.794149,
1.794851,
1.79837,
1.800031,
1.800082,
1.800416,-1.91418
1.800848,0.78111
1.800886,
1.803053,
1.803101,4.59383
1.806559,
1.806867,
1.808199,
1.808254,2.44273
1.810466,
1.811832,-0.00092
1.812526,
1.812551,
1.818934,
1.821457,
1.823553,
1.823633,
1.823643,
1.825594,
1.825797,
1.829437,
1.831454,
1.83255,
1.83391,
1.833958,
1.834057,
1.834342,
1.834525,0.94486
1.83744,
1.839473,
1.840685,5.68653
1.841875,
1.842012,
1.843405,2.09714
1.844608,-0.01177
1.844637,
1.845292,
1.846653,5.25235
1.847594,
1.847832,0.7145
1.848661,
1.850856,
1.854245,0.06405
1.858215,5.68111
1.858661,
1.861618,
1.862638,
1.862919,
1.863797,1.51323
1.864751,4.8286
1.865046,0.39277
1.865077,
1.868124,
1.869008,
1.873803,0.24244
1.874304,
1.875207,-0.98731
1.875479,3.42766
1.875506,
1.881084,
1.881091,
1.883553,
1.883873,0.04249
1.884686,
1.885825,
1.885995,
1.8861,0.5193
1.886239,
1.889633,
1.889655,
1.894536,3.17018
1.894552,
1.8947,
1.8982,
1.89878,0.47
1.89949,0.81502
1.899691,-0.77776
1.901601,
1.90196,
1.902362,
1.903405,1.3799
1.904505,1.00555
1.905001,
1.908313,
1.909059,
1.910529,
1.912442,
1.916851,
1.917057,
1.926503,
1.928787,
1.929,
1.930262,
1.930476,-1.9082
1.932076,
1.932598,
1.932991,0.09877
1.933682,
1.936341,
1.93681,
1.938364,
1.941582,
1.942754,
1.948166,
1.950309,
1.951719,
1.952545,
1.95642,
1.960179,
1.964312,
1.9679,
1.968044,
1.974052,
1.97476,0.89477
1.976294,1.55934
1.977495,
1.978575,
1.978659,0.01557
1.982391,
1.984114,-1.03462
1.987041,
1.993051,
1.99357,
1.999591,4.47188
2.000141,
2.000955,
2.002533,
2.002855,1.40647
2.00497,1.50867
2.006531,
2.00926,
2.009496,
2.010599,
2.012465,
2.012716,
2.013336,-0.45145
2.015215,
2.017246,
2.017389,1.86248
2.020211,
2.021498,
2.022189,
2.026431,
2.028228,
2.033191,
2.033718,
2.03457,
2.034767,4.50337
2.037084,
2.037334,
2.040118,
2.052982,
2.054483,
2.055779,
2.058463,
2.060196,
2.0664,0.24244
2.071754,
2.076805,
2.079664,
2.080549,
2.082552,
2.088598,
2.091744,
2.092071,
2.092433,
2.098927,
2.099542,
2.104209,
2.110231,1.85654
2.11056,
2.110576,0.09877
2.112283,
2.114831,-0.16703
2.116077,
2.116406,
2.118562,
2.122612,
2.124348,
2.131,1.35909
2.132164,
2.132686,1.64695
2.134531,1.45949
2.137919,
2.140417,0.12938
2.1409,
2.141522,
2.14421,0.92319
2.144354,
2.150209,4.59383
2.152398,1.46575
2.152581,4.2183
2.159815,
2.159834,1.77903
2.160243,
2.160284,
2.161722,
2.166542,
2.167073,0.20955
2.16932,
2.175343,
2.178719,-0.88572
2.17933,
2.182921,
2.192707,-1.58654
2.19479,
2.19878,
2.200213,0.15326
2.200587,0.67554
2.20316,0.28691
2.207811,2.75863
2.208374,
2.213752,
2.213758,
2.215474,4.74738
2.218807,
2.219381,
2.225581,
2.227066,
2.228154,
2.231314,1.17794
2.233023,0.74766
2.236106,0.14969
2.248617,
2.249622,-0.1371
2.251513,-0.2706
2.25278,
2.257066,
2.259486,
2.261611,1.3382
2.264226,
2.268163,
2.268637,
2.269776,
2.272319,
2.277001,
2.277481,3.51824
2.280963,
2.286052,0.95237
2.293052,
2.294238,
2.296581,-0.20749
2.296778,
2.297837,
2.300095,0.09877
2.303766,
2.303839,0.72233
2.306027,
2.309145,4.8286
2.31521,
2.320978,
2.323192,
2.323502,
2.327807,
2.330863,
2.331399,0.38659
2.331893,1.46803
2.337137,
2.338207,2.88042
2.344408,
2.344841,
2.346723,
2.346726,
2.350346,0.02361
2.352126,1.2736
2.357215,0.24812
2.358523,
2.367369,
2.370025,
2.371521,
2.376243,
2.379378,0.17264
2.380167,
2.38121,
2.382079,
2.382647,
2.384164,
2.385003,0.93538
2.385655,0.30602
2.387265,
2.387621,
2.388693,
2.391137,
2.392206,
2.392693,
2.394756,
2.397858,
2.400574,0.74766
2.408482,-0.26788
2.409882,2.22724
2.418762,0.93538
2.424076,
2.428339,
2.430376,
2.431716,
2.442215,
2.443813,1.54639
2.447636,
2.453055,0.08137
2.460113,1.35909
2.463181,0.17264
2.464619,
2.466257,
2.467213,-1.66273
2.470107,
2.471567,0.74795
2.473875,0.24071
2.473961,
2.478665,-0.72155
2.481399,1.86248
2.481629,
2.484193,-1.79313
2.488809,
2.48888,
2.492096,
2.493655,
2.496753,
2.501494,0.34984
2.506464,1.11114
2.511953,0.8418
2.513066,
2.516346,
2.520439,
2.520724,0.83395
2.52437,
2.534134,
2.544038,
2.54589,
2.546481,
2.55079,
2.565972,
2.57714,0.30974
2.577387,
2.57819,2.88324
2.589832,
2.590067,2.88324
2.591355,
2.592309,
2.592388,
2.595453,0.75663
2.597188,
2.598876,
2.599271,
2.602783,
2.610271,
2.610875,
2.62057,
2.627595,
2.627796,
2.630032,
2.640055,
2.645369,6.16284
2.65035,
2.654553,
2.655211,
2.660143,4.47188
2.663074,
2.663732,1.61261
2.6669,
2.670261,
2.672748,
2.677185,
2.683018,
2.693973,0.25448
2.695669,0.3958
2.721222,
2.722631,4.74738
2.735797,0.65094
2.740963,0.26388
2.756668,
2.764682,
2.766803,
2.769708,
2.772375,
2.782493,
2.789298,
2.798945,0.7012
2.800314,
2.801717,
2.807277,
2.809341,
2.810136,
2.813711,
2.816572,-0.1371
2.821627,
2.82281,
2.850606,0.34021
2.850731,5.25235
2.866768,
2.867553,
2.871867,
2.872549,
2.875986,
2.885628,
2.894971,
2.901893,
2.902329,4.47188
2.906435,
2.91754,
2.920104,
2.927633,
2.928031,-0.16093
2.936812,
2.943109,
2.94366,
2.94983,
2.951947,-0.42313
2.960442,
2.967671,
2.971626,
2.97498,
2.984288,2.22724
2.9922,0.77094
2.995068,
3.010819,
3.023793,
3.046023,
3.058561,
3.064734,
3.067671,
3.07421,
3.080905,
3.083415,
3.11645,0.24498
3.123742,
3.129841,
3.130609,
3.131906,
3.149977,
3.153588,
3.153972,
3.159608,
3.178806,
3.186963,
3.197824,
3.200167,2.17464
3.201364,-1.806
3.211275,-0.26427
3.212913,
3.220521,0.4661
3.251097,
3.257835,
3.283055,
3.286204,
3.321242,3.51824
3.32787,0.2706
3.378254,
3.39949,
3.446047,3.36489
3.462364,
3.479937,-0.33881
3.55821,
3.584719,
3.58757,
3.644936,
3.655312,
3.711472,0.79713
3.724134,3.60095
3.772085,
3.779845,
3.781241,-1.55934
3.810693,
3.862611,0.8418
4.109491,
4.180941,
4.182369,
4.192545,
4.192711,0.70722
4.215297,
4.74002,1.5998
5.591945,-0.08257
5.827563,0.91854
6.190803,0.85887
7.913073,-1.42047
,
,
,2.54323
,0.75706
,3.1195
,4.32523
,4.50337
,5.17683
,5.92768
,
,
,
,
,0.20059
,-0.51777
,1.43347
,2.91381
,
,
,
,
,
,
,
,
,
,
,
,
,
,
,
,
,
,
,
,
,
,
,
,
,
,
,
,
,
,
,
,-0.06707
,0.44189
,0.26809
,-0.20401
,1.23018
,-0.78546
,0.1457
,4.74738
,5.68653
,0.4173
,0.74987
,0.64693
,1.45761
,0.26576
,5.68111
,5.68653
,1.79142
,1.21248
,2.22724
,3.219
,5.68111
,6.68808
,0.29039
,
,
,
,1.29373
,0.95285
,-0.56751
,-0.16417
,0.51052
,0.32422
,0.73394
,5.68111
,3.51824
,3.26301
,6.16284
,2.13908
,0.48368
,1.9248
,0.66453
,3.10186
,3.4456
,2.92339
,4.74738
,1.38642
,4.8286
,4.74738
,5.52807
,6.16284
,5.68653
,3.15398
,4.47188
,-0.34361
,1.17794
,3.10632
,3.23878
,2.73896
,5.68111
,1.66273
,0.70457
,1.85993
,-0.12938
,1.98843
,3.06879
,3.1195
,4.16961
,3.76023
,-0.38907
,0.96634
,0.15609
,1.45464
,
,
,
,6.16284
,
,
,
,
,
,
,
,
,
,
,
,0.85826
,4.50337
,5.68653
,0.36049
,1.4112
,1.0559
,2.36685
,0.98359
,0.43114
,0.32955
,3.95575
,4.8286
,6.16284
,0.05207
,0.34537
,0.83395
,5.52807
,5.68653
,4.16961
,3.76023
,2.10424
,4.8286
,4.50337
,4.74738
,5.68111
,5.52807
,5.68653
,3.15398
,4.13433
,6.68346
,4.8286
,4.74738
,5.92768
,5.52807
,4.50337
,1.04388
,0.41896
,4.50337
,4.74738
,-1.49495
,5.17683
,1.42082
,0.44701
,4.8286
,
,
,
,1.1949
,0.78643
,1.66815
,1.04604
,1.07523
,3.4456
,3.57052
,2.88324
,0.98359
,4.8286
,4.50337
,4.74738
,6.16284
,5.07595
,1.18382
,4.47188
,6.16284
,-1.57068
,4.8286
,4.50337
,6.68808