LDLR137-219 FUSE,LDLR-FL FUSE
,
,
,
,
,
,
,
,
,
,
,
,
,
,
,
,
,
,
,
,
,
,
,
,
,
,
,
,
,
,
,
,
,
,
,
,
,
,
,
,
,
,
,
,
,
,
,
,
,
,
,
,
,
,
,
,
,
,
,
,
,
,
,
,
,
,
,
,
,
,
,
,
,
,
,
,
,
,
,
,
,
,
,
,
,
,
,
,
,
,
,
,
,
,
,
,
,
,
,
,
,
,
,
,
,
,
,
,
,
,
,
,
,
,
,
,
,
,
,
,
,
,
,
,
,
,
,
,
,
,
,
,
,
,
,
,
,
,
,
,
,
,
,
,
,
,
,
,
,
,
,
,
,
,
,
,
,
,
,
,
,
,
,
,
,
,
,
,
,
,
,
,
,
,
,
,
,
,
,
,
,
,
,
,
,
,
,
,
,
,
,
,
,
,
,
,
,
,
,
,
,
,
,
,
,
,
,
,
,
,
,
,
,
,
,
,
,
,
,
,
,
,
,
,
,
,
,
,
,
,
,
,
,
,
,
,
,
,
,
,
,
,
,
,
,
,
,
,
,
,
,
,
,
,
,
,
,
,
,
,
,
,
,
,
,
,
,
,
,
,
,
,
,
,
,
,
,
,
,
,
,
,
,
,
,
,
,
,
,
,
,
,
,
,
,
,
,
,
,
,
,
,
,
,
,
,
,
,
,
,
,
,
,
,
,
,
,
,
,
,
,
,
,
,
,
,
,
,
,
,
,
,
,
,
,
,
,
,
,
,
,
,
,
,
,
,
,
,
,
,
,
,
,
,
,
,
,
,
,
,
,
,
,
,
,
,
,
,
,
,
,
,
,
,
,
,
,
,
,
,
,
,
,
,
,
,
,
,
,
,
,
,
,
,
,
,
,
,
,
,
,
,
,
,
,
,
,
,
,
,
,
,
,
,
,
,
,
,
,
,
,
,
,
,
,
,
,
,
,
,
,
,
,
,
,
,
,
,
,
,
,
,
,
,
,
,
,
,
,
,
,
,
,
,
,
,
,
,
,
,
,
,
,
,
,
,
,
,
,
,
,
,
,
,
,
,
,
,
,
,
,
,
,
,
,
,
,
,
,
,
,
,
,
,
,
,
,
,
,
,
,
,
,
,
,
,
,
,
,
,
,
,
,
,
,
,
,
,
,
,
,
,
,
,
,
,
,
,
,
,
,
,
,
,
,
,
,
,
,
,
,
,
,
,
,
,
,
,
,
,
,
,
,
,
,
,
,
,
,
,
,
,
,
,
,
,
,
,
,
,
,
,
,
,
,
,
,
,
,
,
,
,
,
,
,
,
,
,
,
,
,
,
,
,
,
,
,
,
,
,
,
,
,
,
,
,
,
,
,
,
,
,
,
,
,
,
,
,
,
,
,
,
,
,
,
,
,
,
,
,
,
,
,
,
,
,
,
,
,
,
,
,
,
,
,
,
,
,
,
,
,
,
,
,
,
,
,
,
,
,
,
,
,
,
,
,
,
,
,
,
,
,
,
,
,
,
,
,
,
,
,
,
,
,
,
,
,
,
,
,
,
,
,
,
,
,
,
,
,
,
,
,
,
,
,
,
,
,
,
,
,
,
,
,
,
,
,
,
,
,
,
,
,
,
,
,
,
,
,
,
,
,
,
,
,
,
,
,
,
,
,
,
,
,
,
,
,
,
,
,
,
,
,
,
,
,
,
,
,
,
,
,
,
,
,
,
,
,
,
,
,
,
,
,
,
,
,
,
,
,
,
,
,
,
,
,
,
,
,
,
,
,
,
,
,
,
,
,
,
,
,
,
,
,
,
,
,
,
,
,
,
,
,
,
,
,
,
,
,
,
,
,
,
,
,
,
,
,
,
,
,
,
,
,
,
,
,
,
,
,
,
,
,
,
,
,
,
,
,
,
,
,
,
,
,
,
,
,
,
,
,
,
,
,
,
,
,
,
,
,
,
,
,
,
,
,
,
,
,
,
,
,
,
,
,
,
,
,
,
,
,
,
,
,
,
,
,
,
,
,
,
,
,
,
,
,0.47944
,0.263564
,0.425211
,0.473915
,0.833708
,0.018729
0.202304,0.591394
,0.408213
,0.413746
,0.059404
,0.104205
,0.15261
,0.208303
,0.326753
,0.210701
,0.189543
,0.556541
,0.137535
,0.644877
,0.263003
,0.391633
,0.536961
,0.222668
,0.060339
,0.057163
,0.192436
,0.265889
,0.153315
,0.500723
,0.731576
,0.260998
,0.496455
,0.213323
,0.526485
,0.340746
,0.41861
,0.178686
,0.215042
,0.351247
,0.149592
,0.245673
,0.191281
,1.118331
,0.075767
,0.320416
,-0.04195
,0.257319
,0.248379
0.350403,0.527625
,0.17788
0.248461,0.262962
,0.522974
,0.150314
,0.558972
,0.321196
,0.263564
,0.217459
,0.329081
,0.462429
,0.388848
,0.490554
,-0.03814
,0.080084
,0.344129
0.103317,0.421866
,0.245556
,0.333463
,0.448032
,0.179562
,0.458485
,0.239711
,0.853361
,0.004006
,0.275134
,0.21183
,0.674977
,0.156232
,-0.11865
,0.158373
,0.226738
,0.374432
,0.348596
,0.150678
,0.139663
,0.179163
,-0.02975
,-0.00892
,-0.0021
,0.181002
,0.159789
,0.628069
,0.238724
,0.257639
,0.305536
,0.250618
,0.176173
0.145031,0.108928
,0.100637
,0.286344
,0.274047
,0.264276
,0.20859
,0.183872
,0.519669
0.137328,0.480965
,-0.11069
,0.56066
,0.449954
,-0.01299
,0.419791
,0.34557
,0.441959
,0.208383
,-0.03061
,0.28195
,0.757311
,0.320483
,0.263732
,0.2236
,0.192527
,0.170292
,0.282763
,0.185918
,0.23237
-0.10646,0.197352
,-0.03556
,0.275723
,0.407684
,0.474012
,0.413729
,0.326903
,-0.08148
,0.265173
0.035865,0.47991
,0.111192
,0.254752
,0.233079
,0.170085
,0.281156
,0.374554
,0.403746
,0.388591
,0.292756
,0.116644
,0.28909
,0.271782
,0.312322
,0.627968
,0.270953
,0.352456
,0.130256
,0.550624
,0.16283
,0.310183
,0.416072
,0.205127
,0.162147
,0.254932
,0.236243
,0.335229
,-0.00431
,0.328392
,1.047968
0.130583,0.993488
0.126586,-0.032
,0.103317
,-0.01987
,0.079135
,0.107047
,0.277008
-0.03206,0.112491
0.228688,0.088631
,0.769564
,0.044298
0.071843,0.49785
,0.006217
,0.098127
,0.148483
,0.210918
,0.214065
,0.070309
,0.285188
,0.102262
,0.237747
,-0.17343
,0.364524
,-0.04601
,0.199035
,-0.16866
0.418983,0.349208
0.635353,1.0788
,0.035689
,0.572998
,0.238896
,0.43455
,0.179259
,0.255218
,0.074603
,0.378964
-0.03827,0.268344
,0.293867
,-0.03665
,0.001519
,0.074803
0.515269,0.241099
,0.434531
,0.235132
,0.307934
,0.092512
,0.708523
,0.082543
,0.407236
-0.02244,-0.05104
0.741532,0.655887
,0.157364
,0.251462
,0.235559
,-0.15624
,0.252534
0.303832,0.25166
0.284357,0.178714
,0.144841
,0.036302
,0.217023
,0.628744
,0.386292
,-0.00147
,0.084638
0.41591,0.37785
,0.189048
,0.268661
,0.271853
0.489328,0.733789
,0.116426
,0.13863
,0.18235
,0.810131
-0.03044,0.107834
,0.192835
-0.01421,0.335613
,0.20102
,0.249166
,0.136185
,0.186018
,0.130859
,0.173478
,0.261365
,0.415467
,0.158606
,0.080606
,0.005479
,0.199782
,0.101947
,0.257967
,-0.06993
,0.139162
,0.133764
,0.148986
,0.23256
,0.262014
0.289807,0.421751
,-0.00493
,0.551028
,0.062317
0.119491,0.860101
,0.430239
,0.396959
0.315593,0.394876
,-0.24444
,0.198525
,0.366427
,0.001692
,0.438179
,0.245483
,0.325757
0.234243,0.52344
,0.277938
,-0.04231
,0.624197
,0.159443
,0.279336
,0.130262
,0.369898
,0.273315
,0.501239
,-0.00815
,0.278004
,0.221784
0.192409,0.05911
,0.443123
,0.142019
,0.179268
,0.41662
,0.179748
0.172477,0.213266
,0.031165
,-0.0486
,0.203947
,0.22954
,0.042704
,0.141415
,-0.04756
,0.242825
,0.503297
,-0.02527
,0.761269
,0.015195
,0.148381
1.274458,0.832483
,0.407405
,0.377108
,0.240978
,0.311437
,0.167813
,-0.11592
0.53759,0.085925
,0.693339
0.01034,0.10394
,0.174975
0.011188,0.242435
,0.208183
,-0.07148
0.150713,0.652242
,0.155528
,0.287143
,0.283258
,0.319087
,0.076009
,0.161039
,0.248187
,0.115693
,0.20009
,0.454762
,0.06206
,0.507298
,-0.04547
,0.159918
,0.003369
,0.386823
,0.417085
,0.190614
,0.048608
,0.475486
,-0.08567
,0.288081
,0.098711
,0.308315
,0.16718
,0.122493
,0.112758
,0.099033
,0.888359
,-0.0818
,0.313339
,0.358933
,0.237481
,0.009478
,0.159865
,0.377809
,0.155677
,-0.03664
,0.100383
,0.300574
,-0.05796
,0.055852
,0.207159
,0.012499
,0.58855
,0.153758
,0.163948
,0.075942
,0.2041
,0.120183
,0.234217
,0.329611
,0.526692
,0.218844
,-0.06569
,0.045946
,0.081662
,0.201478
,0.410926
,0.257558
0.381151,0.49117
,0.286893
0.147527,0.190133
,0.137798
,-0.04446
,0.08973
,-0.00183
,-0.1359
,0.002578
,0.226001
,0.341639
,0.007523
,0.168847
,0.250758
-0.17106,0.289442
,0.016988
,0.458773
,-0.04481
,0.164637
,0.096781
,0.40393
,0.339905
,0.010542
,0.128447
,0.610987
,0.427932
0.113617,0.278392
,0.705113
,0.048131
0.317007,0.543752
0.324916,-0.10888
,-0.26447
,0.033411
,0.074862
,0.358508
,0.221063
,0.601096
0.262459,0.028154
,0.039461
,0.138037
,0.005132
,0.285475
,0.217599
-0.11687,0.140326
,0.060057
,0.291789
,0.632819
,0.675378
,0.24236
,-0.19339
0.200992,0.356904
,0.399024
,0.146321
,0.29528
,0.315662
,0.220157
,0.111946
,0.320669
0.241112,0.489147
,-0.06392
,0.294875
,0.133194
-0.18974,0.301805
,0.767385
,0.389061
,0.57948
,-0.01019
,0.032239
,0.100345
,-0.0937
,0.146935
,-0.33184
,0.047588
,-0.045
,-0.17269
,0.166554
,-0.08439
,0.06414
,0.102481
0.155062,0.178056
,0.228023
,0.176474
,0.372486
,0.012595
,0.849297
,0.02358
-0.18439,-0.06801
,0.247574
,0.001596
,-0.06508
,0.218069
,0.141738
0.70951,0.752062
,-0.19988
,-0.15406
0.29835,0.091115
,0.600706
,-0.10332
,-0.05455
,0.505547
,0.025391
,0.150538
,0.318949
,0.360329
,0.09334
,0.069909
,-0.11056
,0.424103
,0.194417
,0.188081
,0.277443
,0.211096
,-0.16173
,-0.01537
,0.250248
0.061159,0.066878
,0.652366
,0.213734
0.163901,0.181892
,0.194964
,-0.06337
,-0.10003
,-0.04944
0.309354,-0.0335
,0.424219
,0.533518
,0.010201
,0.203645
,0.238291
,0.08498
,-0.53667
,0.234575
0.208832,0.590636
,0.220103
,0.483011
,0.244006
,-0.24745
,0.059723
,0.27393
,0.025886
,-0.14664
,0.037066
,0.040002
,0.181354
,0.007901
,0.170943
,-0.32846
,0.383938
,-0.05415
,0.017549
,-0.05051
,-0.0583
,-0.12193
,-0.22199
,0.810214
,-0.00942
,0.352188
0.32776,0.398845
0.141457,0.107957
0.184468,0.773261
0.211108,0.403484
0.133551,0.283485
0.004136,
,-0.09806
0.437821,0.451855
-0.00309,0.488167
0.535892,0.418917
,1.131788
,0.421762
,-0.18018
,0.165534
,-0.08507
,0.121251
,
,0.155375
,
,0.203365
,0.08402
,0.52572
,
,-0.05374
,0.183683
,0.267792
,0.17396
,0.414608
,0.222418
,-0.02566
,0.253733
,0.296482
,0.749639
,0.106124
,0.054563
,0.346254
,0.115379
,0.148589
,0.247774
,0.565876
,-0.00374
,0.518787
,0.272159
,0.207383
,-0.171
,0.22866
,
,0.202006
,0.494564
,0.024241
,-0.28769
,0.497231
,-0.075
,-0.0172
,0.975494
,0.057346
,0.130631
,0.15288
,0.192584
,0.078264
0.614255,1.363625
,1.032119
1.13097,1.582552
,1.394777
0.694638,1.317607
,1.069351
,1.217775
1.532782,1.099076
,1.458703
,0.821622
,1.223841
,1.197608
1.8739,1.44189
,1.403291
0.951977,1.405022
,1.003468
,1.305686
,1.227459
,1.368562
,0.95296
,0.78698
,1.313655
0.77878,1.401635
,1.12585
0.528054,1.277428
,1.090176
0.37459,0.877148
1.785021,1.351748
,0.995211
,1.030216
,0.857885
1.015831,1.468704
,1.076724
1.130117,1.582324
,1.015521
,1.208198
,1.056833
,0.949232
0.851251,1.475087
,1.208614
,1.214581
,1.11589
,1.038814
,0.864515
0.703338,0.948869
1.145916,1.598065
,1.398717
,0.907487
,0.816863
,1.323572
,1.00912
,0.850237
,0.780521
,1.332927
,0.910303
,1.113057
,1.154952
0.893677,1.345392
,1.23849
,0.83674
,1.154606
,1.029521
,1.392111
0.282353,1.14788
,0.685607
,0.682158
,1.391883
,1.32335
0.353308,0.857848
,1.088532
,0.865759
,0.817048
,0.760496
,1.278263
0.628315,0.787009
,1.314896
,1.130802
,0.501634
,0.884925
0.491974,0.656747
,1.139532
0.345665,0.775395
,0.457109
,0.720668
,0.760771
,0.934531
,1.497765
,0.537754
0.718933,1.469508
,1.259282
,0.913028
,0.63956
,0.87184
,1.416747
,1.017086
,1.239202
1.026225,0.86369
,0.887201
,0.959936
,0.745369
0.860966,1.04689
0.332321,1.195342
,1.214666
,0.980717
,1.212047
0.377815,1.126694
,1.114511
,0.419256
0.377388,0.878072
,0.984014
,1.028314
,1.393936
,1.177348
,1.032916
,1.015059
,1.111252
0.740178,0.75268
,1.419538
,0.614105
1.68302,1.24981
,0.420436
,0.944019
0.287661,0.735727
,1.067093
0.605257,0.852907
,0.988448
,0.666534
,0.617709
,0.576847
,0.341517
,0.561228
,0.696695
,0.633903
,0.875003
,1.26202
,0.554335
,0.811756
,1.266607
,1.098744
,1.02424
0.268143,0.715554
,0.385335
,1.153477
,1.034598
,1.129886
,0.607956
,0.935336
,1.056049
,1.056049
,0.54702
0.711948,0.868686
,1.292893
,0.208321
0.436115,1.186323
0.874084,1.497056
,0.598825
1.769222,1.336007
,0.485948
0.679995,0.927801
0.883359,0.934372
,1.237298
,1.407624
,0.714517
0.920156,0.845425
,0.92779
0.632247,0.75416
,0.939178
,1.381321
,0.542719
,1.317929
0.576395,0.955169
,1.035671
1.670514,1.237018
0.431913,1.29536
0.629167,0.787237
,0.91888
,1.321326
0.787024,0.837323
,0.738332
1.654935,1.222388
,1.158442
,0.747917
,0.613822
,0.412644
,1.136353
,0.856185
,0.436241
,0.486478
0.782423,0.834037
,0.841747
,0.631497
0.422842,0.805716
,0.835743
0.864829,1.487702
,0.522002
,1.23667
0.404878,0.749924
0.425402,0.580005
,1.288139
,0.905701
1.016292,0.857886
,0.941027
,0.927763
,0.514675
,0.613642
,0.511579
,0.797571
,0.857958
0.630054,1.379366
,0.821737
,0.650346
,0.444454
,0.982795
,1.329396
,0.448851
,0.948203
,0.599773
,1.099199
0.43271,0.815542
,0.840022
,1.025244
,1.034745
,0.897073
1.61424,1.180794
,1.083004
,0.535305
,0.786267
0.450175,0.609707
,0.510077
,0.626832
,0.845037
,0.758618
1.234795,1.688206
,0.954351
,0.665405
,0.72751
,0.836696
,1.266624
,0.967219
,0.509904
,0.545878
,0.237933
,0.577457
,1.049051
,0.604631
0.779063,0.829477
,0.628836
,0.602816
,1.407393
,0.941905
,0.803143
,0.739124
,0.664959
,0.888712
,0.529443
,0.704014
0.471958,0.237605
,0.764643
,0.521173
0.674234,0.644442
,0.835623
,0.662578
,0.79554
,0.547469
,1.278977
,1.227929
,0.789595
,0.633642
,0.615852
,1.016568
,0.70323
0.596352,1.097574
,0.889493
0.490857,0.726062
,0.919447
,0.732163
,0.743057
,0.894997
,0.380447
,0.652886
0.859776,0.786119
,0.376914
,0.513656
,0.61801
,0.354287
,0.173414
,0.342367
,0.490137
,0.224678
0.672452,1.060321
,0.62831
,0.48476
,1.200036
0.926473,0.897114
,0.811053
,0.839277
0.459273,1.208412
,0.79644
,0.709116
,0.470305
0.834099,0.676347
,1.124628
,0.68119
,0.846072
0.421355,0.810278
,0.499898
,0.32674
,0.519905
,0.426755
,0.545802
0.432699,0.813536
,0.776844
,0.793284
0.439499,0.582397
,0.915713
,0.619842
,0.8448
,1.130226
0.89901,0.825694
,0.969384
,0.308166
,0.390971
,0.747386
,0.949695
,0.934467
,0.718957
,1.292434
,0.895876
1.048154,0.60519
,0.83577
0.569236,0.891941
,0.848603
,0.446649
0.499395,0.621402
0.37476,0.725975
,0.326588
0.654136,0.549149
,0.744424
,0.679816
,0.842703
0.386055,1.249381
,0.427262
,0.485357
0.460305,0.487529
,0.728831
,0.697963
0.749848,1.372743
,0.604022
,0.835345
0.304121,0.733494
,0.687543
,0.927412
,0.87641
,1.037866
,0.256515
,0.305885
,0.634559
,0.478004
0.547871,0.630519
,0.587412
,0.939672
,0.767046
,0.275367
,0.272009
1.032355,0.589449
,0.684578
,0.796067
,0.922745
,0.648126
,0.491802
,0.263349
,0.748298
,1.220393
,1.029047
0.022937,0.332053
,0.412341
,0.202318
,0.834086
,0.445826
1.591082,1.158705
0.499969,1.250006
,1.38526
,0.741151
,0.544569
,1.098427
,0.910764
,0.526886
,0.92168
,0.863139
0.667027,0.853847
,0.822738
0.714516,0.608455
0.377794,0.612136
0.402794,0.636379
,0.708218
,0.366297
0.732534,0.704071
0.591801,0.756252
,0.555679
,0.921746
,0.571712
,0.382577
,0.4548
,1.030721
,0.432608
,0.544735
,1.199037
,0.360755
,1.136098
,0.659513
0.772292,1.017078
,0.372515
0.572658,0.961492
,0.770573
,0.476864
,0.840836
0.104385,0.455943
0.434312,0.819133
,0.640978
,0.917957
0.911527,0.881602
,0.599418
,1.313995
,0.856968
,0.597967
,0.839084
,0.640093
,0.836265
,0.758016
0.537226,0.47944
,0.669768
,0.641757
,0.50499
,0.310757
,0.386494
,0.509079
,0.396099
,0.564324
,0.367678
,1.074859
,0.770727
,0.536737
0.310869,0.568001
,0.674022
0.360669,0.807172
,0.720333
,0.643912
,0.503506
0.130271,0.591314
,0.402841
,0.630471
,0.835988
,0.972041
,0.435667
,0.340201
,0.7912
0.737673,0.894738
,0.452515
,0.453804
,1.168623
,0.505224
,0.505727
0.313793,0.663787
,0.658267
,0.682729
,0.578421
,0.304317
,1.076078
,0.353408
0.341379,0.846255
,0.701168
,0.549788
,0.11519
,1.043956
,0.633227
,0.901195
,0.582457
,0.292957
,0.798275
0.997147,0.922816
,0.482481
,0.343306
,0.645096
,0.286833
,0.671782
0.375153,0.395267
,0.593905
,0.512904
,0.52956
,0.807931
,0.97377
,0.045332
,0.547469
,0.651929
0.779974,0.682466
,0.84936
,0.56568
,0.298068
0.796388,0.767754
,0.4422
,0.897651
,0.458688
,0.415499
,0.890861
,0.213458
,0.639291
,0.662768
,0.227741
,0.465458
,0.370099
,0.608642
,0.916596
,0.577116
0.783861,0.941296
,0.758483
,0.445415
0.37478,0.575145
,0.624302
0.415309,0.611436
,0.910285
,0.720731
,0.726918
,0.568031
,0.554862
,0.813706
,0.887543
,0.528089
,0.286832
,0.35921
,0.7583
,0.750199
,0.937209
0.542114,0.700812
0.534409,0.877651
,0.573404
,0.502844
,0.537798
,0.689608
,0.756992
,0.633176
1.015352,0.987256
,0.537645
,0.8841
0.706016,0.867698
,0.421616
,0.38545
,1.090048
,0.541244
,0.446666
,0.60101
,0.42831
,0.861816
,0.296113
,0.637773
,0.720742
,0.370577
,0.445807
,0.567943
,0.654065
,0.472465
,1.058838
0.910674,0.881374
,0.517386
,0.828583
,0.495819
,0.487915
,0.79294
,0.498227
,0.844784
,0.410824
,0.70523
,0.839927
,0.508246
0.412508,0.569829
,0.637543
,1.248563
,0.626956
,0.494399
,0.45544
0.510968,0.889932
,0.577392
,0.074815
,0.854998
,0.710118
,0.780145
0.500177,0.821347
,0.472968
,0.801556
,0.607729
,0.540896
,0.492945
,0.845619
,0.829447
,0.494109
,0.422459
,0.326227
,0.925514
,0.593969
,0.669177
,0.573587
,0.469013
,0.930776
,0.721306
,0.404128
,0.240664
,0.286239
,0.730666
,0.662277
,1.145453
,0.427318
,1.063996
,0.945989
,0.393744
,0.735001
,0.647487
,0.268354
,0.422234
,0.11905
,0.337267
0.713206,0.958695
,1.231387
,0.494317
,0.499532
,0.894651
,0.222591
,0.396502
0.573639,0.953283
0.308064,1.1726
,0.496306
,0.350167
,0.486933
,0.546561
,0.394688
,0.817091
,0.956142
,0.729061
,1.130252
,0.502274
,0.327003
0.750809,0.800196
0.510697,0.675077
,0.72563
,1.00248
,0.638202
0.718399,1.342329
,0.308056
,0.542683
,0.441503
,0.120883
,0.922763
,0.541219
,0.586282
,0.99132
,0.523048
,0.661885
,0.589273
,0.552299
,0.469883
,1.026355
,0.326567
,0.746941
,0.409812
,0.785348
,0.338129
,0.668956
0.891224,0.816533
,1.128487
0.335467,0.63413
,0.509366
,0.559034
,0.038119
0.403156,0.41811
,0.852646
,0.544285
,0.323491
,1.136606
,0.878641
,0.698923
1.006206,0.931491
,0.418453
,0.599253
,0.548691
0.643615,0.599971
,0.762705
,0.20436
0.346828,0.690416
,0.198292
,0.755472
,0.461737
,0.500976
0.381381,0.401437
,0.601488
,0.568217
,0.358037
,0.646217
,0.534421
,0.768574
,-0.02481
,0.490533
,0.718895
,0.221114
,0.393177
,0.371862
,0.575466
,0.448974
,0.576775
,0.548573
,0.443381
0.413957,0.610473
-0.07115,0.422134
,0.585533
0.515685,0.859321
,0.539553
0.324623,0.526671
,0.574392
,0.829803
,0.344439
,0.257709
0.984839,0.826283
,0.564942
,0.953814
0.38656,0.621167
,0.268368
,0.618938
,0.296599
,0.558013
,0.854015
,0.596639
,0.341195
,0.533848
,0.36586
,0.49634
,0.356454
,0.323854
,0.189334
,0.651123
,0.762983
,0.618325
,0.416521
,0.639423
,0.931226
,0.336589
,0.726401
,0.380126
,0.176205
,0.760368
,0.668789
,0.386784
,0.520618
,0.546794
0.779121,0.682238
,0.303863
,0.501373
,0.743619
,0.600092
,0.482688
0.280691,0.626171
0.125334,0.385238
,0.770481
,0.469574
,0.789389
,0.477551
,0.170603
0.339459,0.436553
,0.275331
,0.407685
,0.472055
,0.507339
,0.614893
,0.497992
,0.298656
,0.652542
,0.248133
,0.507273
,0.648316
,0.931629
,0.467915
,0.34544
,0.468138
,0.641017
,0.534045
,0.548467
,0.740728
,0.547018
0.33889,0.68351
,0.374251
,0.661897
,0.543578
,0.79522
0.439533,0.819917
,0.384
,0.598458
,0.33722
,0.524274
,0.08015
,0.550934
0.0029,0.436406
,0.555432
,0.535207
,0.688424
,0.585479
,0.402106
,0.410879
0.516351,0.712958
,0.607664
,0.415382
,0.299709
-0.00095,0.433561
,0.529038
,0.226901
,0.661483
,0.6299
,0.841388
,0.394447
,0.357109
,0.0302
,0.622574
,0.518381
,0.185965
,0.403392
,0.555254
,0.706748
,0.334699
,1.16097
,0.540335
,1.277366
,0.546834
,0.548894
,0.794873
,0.667403
,0.753063
,0.462771
,0.628625
,0.584713
,0.870511
,0.350339
,0.400691
,0.583869
,0.357801
,0.611913
,0.669813
,0.278651
,0.569408
,0.429884
0.69292,0.596041
0.576461,0.519015
,0.358621
,0.435096
,0.83977
,0.512779
,0.408648
,0.719684
,0.624864
0.358585,0.667825
,0.7537
0.836014,0.761397
,0.415686
,0.315516
,0.420518
,0.404469
,0.388565
,0.22193
0.426965,0.625062
,0.669795
0.453889,0.837829
0.746459,0.932159
,0.536662
0.68431,0.641565
,0.417545
,0.414914
,0.56178
,0.439183
,0.437088
,0.482548
,0.331722
,0.486011
,0.817607
,0.584749
,0.478605
,0.632866
,0.72311
,0.456628
,0.518055
,0.649697
0.293202,0.591689
,0.354904
,0.483434
,0.24299
,0.21155
,0.713611
,0.252838
,0.996807
,0.191659
0.515757,0.836664
,0.41708
,0.467103
,0.354603
,0.728581
,0.598236
,0.640522
,0.517622
,0.778808
0.79492,0.697979
,0.39391
,0.465532
,0.610298
0.620456,0.577882
,0.591261
,0.707669
,0.831785
,0.309027
,1.016203
,0.367193
,0.253687
,0.415864
,0.121491
,0.229659
,0.815645
0.694021,1.081112
0.468431,0.611289
,0.852828
,0.601257
,0.57339
,0.122097
,0.754823
,0.155716
,0.740476
,0.588217
,0.364042
,0.250425
,0.401624
,0.855638
,0.469642
,0.805422
,0.3557
,0.254378
,0.692815
,0.705002
,0.382953
,0.37333
,0.250854
,0.468756
,0.432737
,0.313347
,0.578914
,0.456172
,0.421644
0.386487,0.428346
,0.46179
,0.551427
,0.646372
,0.91915
,0.397837
,0.750583
,0.651616
,0.371548
,0.328642
0.795296,0.84469
0.239373,0.497619
,0.235836
,0.591382
,0.407454
,0.120851
,0.150895
,0.860013
,0.367133
,0.569388
,0.659235
,0.442465
,0.419018
,0.575831
,0.415065
,0.508906
,0.463667
,0.32334
,0.717564
0.342137,0.371323
,0.137165
,0.636404
,0.46936
,0.418973
,0.429489
0.478468,0.634389
,0.193349
,1.175519
,0.41349
,0.623744
,0.435751
,0.81552
,0.332043
,0.186953
0.502324,0.58498
,0.676736
,0.481219
,0.184332
,0.469958
,0.362264
,0.197627
,0.752102
,0.764781
,0.517881
,0.348089
,0.351517
0.671624,0.5372
,0.611812
,0.454928
,0.101935
,0.337498
,0.42266
,0.412164
,0.627314
,0.376789
,0.903673
,0.450352
,0.326557
0.391875,0.550077
,0.314723
0.674598,0.616137
,0.64194
,0.839185
,0.313321
,1.0374
,0.468116
,0.754986
,0.658504
,0.245208
,0.187502
,0.118486
0.730881,0.917529
,0.570901
,0.540432
,0.446499
,0.687207
,0.618557
,0.436825
,0.473002
,0.396442
,0.483176
,0.405905
0.554481,0.697355
,0.872451
,0.486586
,0.904933
,0.706656
,0.851321
,0.562402
,0.379465
,0.393166
,0.521517
,0.421551
,0.475426
,0.206815
0.94838,0.790092
,0.728783
,0.279481
,0.443043
,0.555987
,0.489953
,0.565479
,0.32904
,1.070275
,0.448727
,0.314107
0.762663,0.606331
,0.745051
,0.345434
,0.202717
,0.405498
,0.497443
,0.764403
,0.349597
,1.353049
,0.603803
,0.554877
,0.401234
,0.417763
,0.901972
,0.423925
,0.457466
,0.214962
,0.485728
,0.825653
,0.891849
,0.398287
,0.968475
,1.063008
0.770297,0.820447
,0.588216
0.773928,0.935493
0.664835,0.568619
,0.66001
,0.288081
,0.482987
,0.394883
0.266788,0.450449
,0.543688
,0.499186
,0.240817
,0.699708
,0.508095
0.354728,0.513474
,0.193571
,0.170124
,0.451056
,0.545279
,0.240563
,0.095921
,0.535078
,0.52938
,0.279294
,0.367839
,0.886886
,0.448095
,0.856914
,0.364514
,0.459537
,0.955323
,0.367718
,0.484703
,0.551187
,0.445912
,0.181563
,0.4496
0.640397,0.722138
,0.870863
,0.708459
0.374166,0.683142
,0.111602
,0.4889
,0.539353
,0.437496
,0.866708
,0.389617
0.284268,0.388899
,0.660168
,0.521073
,0.567885
,0.315913
0.305208,0.903025
,0.431392
,0.706113
,0.693949
,0.302398
,0.44764
,0.531993
,0.457864
,0.612801
,0.591815
,0.317973
,0.779491
0.399499,0.784648
,0.295608
0.502766,0.368295
,0.411715
,-0.04912
,0.263766
,0.205116
0.405473,0.905494
,0.637415
,0.428667
,0.492604
,0.172301
,0.386399
,0.410236
,0.546938
,0.335563
,0.717873
0.600981,0.504936
,0.527846
,0.428401
,0.599214
,0.5426
,0.475486
,0.133281
0.380381,0.527289
,0.46671
,0.597634
,0.655551
,0.522263
,0.599926
,0.938218
,0.368949
,0.938073
,0.417556
,0.919589
,0.34842
,0.456067
,0.504869
,0.627668
,0.134054
,0.569548
,0.52744
0.304,0.602294
,0.522014
0.451391,0.295259
,0.379077
,0.446718
,0.784013
,0.57282
0.433609,0.631137
,0.418721
0.345057,0.526845
,0.85181
,0.251168
,0.408237
,0.249827
,0.289137
,0.353527
,0.714717
,0.37392
,0.454666
,0.50683
,0.57383
,0.453221
0.591834,0.753593
0.311002,0.179439
0.143967,0.301619
,0.337615
,0.330013
,0.569463
,0.586176
,0.367852
,0.813457
,0.61755
,0.512229
,0.602714
,0.500728
,0.662067
,0.361111
0.351456,0.655289
,0.246048
,0.338888
,0.230994
,0.216084
0.396648,0.825113
,0.312806
,0.531477
,0.407675
,0.33908
,0.297254
,0.332256
0.824473,0.795177
,-0.04819
,0.566702
,0.703243
,0.108007
,0.611888
,0.1293
,0.91477
,0.428578
,0.348443
,0.636905
,0.403272
,0.32544
0.798596,0.755184
,0.637303
,0.431922
,0.481287
,0.72818
,0.507387
,0.700276
,0.346389
,0.38195
,0.587926
,0.586665
,0.37364
,0.558898
,0.434194
,0.466311
,0.470566
,0.297802
,0.588627
,0.895193
,0.849103
,0.313684
,0.354733
,0.567991
,0.576361
,0.17839
,0.24559
,0.305171
,0.332173
0.138257,0.629979
,0.376248
,0.524747
,0.32907
0.563735,0.70671
,0.590827
,1.188886
,0.425508
,0.427816
0.454144,0.321273
,0.473401
,0.755781
,0.374754
,0.361048
,0.243167
,0.501375
0.400408,0.245541
,0.298019
,0.883804
,0.278378
,0.435765
,0.444194
,0.271671
,0.678775
,0.421517
,0.135096
,0.470369
,0.151163
,0.350879
,0.204283
,0.457654
,0.386713
,0.622336
,0.677369
,0.431364
,0.639581
,0.229619
,0.270213
,0.619723
,0.810884
,0.379398
,0.429796
,0.552921
,0.274759
,0.562749
,0.518208
,0.567396
,0.508426
,0.359339
0.2949,0.47837
,0.489464
,0.563436
,0.463316
,0.329549
,0.461646
,0.645178
,0.511766
,0.484581
,0.569036
,0.148463
-0.01929,0.443834
0.617516,0.185897
,0.652798
,0.223502
,0.61362
,0.321996
,0.411045
,0.514461
,0.688919
,0.664812
0.40805,0.551983
,0.551655
,0.264367
,0.611739
,0.135524
,0.306257
,0.493262
,0.56841
0.601056,0.333727
,0.585303
,0.435159
,0.495375
,0.353032
,0.689351
,0.458775
,0.463036
,0.552118
,0.696455
,0.76111
,0.49188
,0.58843
,0.674102
,0.674472
,0.393812
,0.67359
,0.435593
,0.340796
,0.472291
,0.828498
0.814396,0.770925
,0.31215
,0.179368
,0.217912
,0.423203
,0.235979
,0.4826
,0.628533
,0.516847
,0.693069
,0.657622
,0.872529
,0.544372
,1.313883
,0.775777
,0.618409
,0.25717
,0.456976
,0.394381
,0.559989
,1.227788
,0.498114
,0.355243
,0.358761
,0.329597
0.342336,0.599837
,0.367191
,0.522275
,0.61252
,0.620753
,0.459286
,0.443906
,0.920366
,0.637072
,0.547544
0.507374,0.529271
,0.244348
,0.636409
,0.004683
,0.479435
0.615512,0.958826
,0.485917
,0.466506
,0.295481
,0.534058
,0.46807
,0.237316
0.1976,0.354364
,0.527022
,0.379187
,0.324213
,0.212231
,0.536009
0.356999,0.746542
,0.43341
,0.473138
,0.466107
,0.218781
,0.55612
,0.82972
1.01546,0.940846
,0.370547
,0.464154
,0.339029
,0.759842
,0.205855
,0.411992
,0.711396
,0.598176
,0.615067
,-0.04121
,0.770386
,0.321797
,0.332485
0.562156,0.518253
,0.566856
,0.246381
,0.543735
0.285826,0.383808
,0.318775
,0.480753
,0.549828
,0.498478
,0.420455
,0.928359
,0.642767
,0.014406
,0.295298
,0.278363
,0.382974
,0.297723
,0.378102
0.219464,0.377576
,0.604573
0.276567,0.598298
,0.238735
,0.339067
,0.433279
,0.538909
,0.35839
,0.518395
,0.953913
,0.671251
,0.646967
,0.059445
,0.375073
,0.421605
,0.995522
,0.426295
,0.368843
,0.100283
0.588183,0.323074
0.331434,0.359592
,0.367606
,0.699362
,0.485945
,0.568853
,0.535901
,0.62575
,0.321346
,0.536603
,0.668094
,0.803631
,0.195191
,0.433565
,0.39765
,0.50461
,1.038672
,0.45451
0.664053,0.291865
,0.669623
,0.525131
,0.289684
,0.240932
,0.700923
,0.267693
,0.404
,0.42973
0.294361,0.435097
,0.173965
,0.375857
,0.334638
,0.556031
,0.268959
0.385963,0.39414
,0.016782
,0.49975
,0.414137
,0.284277
,0.464
,0.340135
,0.340872
,0.106807
,0.331991
,0.2376
,0.717606
,0.355419
,0.302841
,0.416593
,0.270011
0.336692,0.836478
,0.201385
,0.426573
,0.448922
,0.44902
,0.570373
,0.508184
,0.575585
,0.489842
,0.60544
,0.554856
,0.375613
,0.38758
,0.342216
,0.66617
,0.045336
,0.333054
0.336112,0.536875
,0.530341
,0.412838
,0.574027
,0.819037
0.597607,0.538746
,0.428023
,0.466219
,0.366268
,0.496739
,0.451552
,0.422174
0.362785,0.390147
,0.415189
,1.04227
,0.36004
,0.107375
,0.49566
,0.382627
,0.597733
,0.475206
,0.31171
,0.453793
,0.873396
,0.606012
,0.655484
,0.43566
,0.405526
,0.464275
,0.187327
,0.879871
,0.323268
,0.550591
,0.533996
,0.429639
,0.363265
,0.592294
,0.251815
,0.483544
,0.212343
,0.527699
,0.990072
,0.410824
,0.451251
,0.535478
,0.335753
,0.58782
,0.509213
0.118696,0.470056
0.303788,0.537214
,0.433361
,0.740142
,0.447809
,0.641747
,0.617748
,0.501875
,0.58911
,0.371036
,0.366794
,0.212118
,0.61402
0.718609,0.731889
,0.388539
,0.564069
,0.598299
0.364444,0.79263
,0.473507
,0.545957
0.464008,0.621158
,0.435637
,0.432425
,0.643637
,0.283734
,0.458885
,0.560797
0.692911,0.634167
,0.391463
,0.471569
,0.6568
,0.493373
,0.640097
,0.546247
,0.709672
,0.343526
,0.559884
0.485483,0.49946
,0.31677
,0.278613
,0.299989
,0.324748
,0.610399
,0.654479
0.689119,0.423409
-0.09794,0.213292
,0.568902
,0.37595
,0.741903
,0.205549
,0.402603
0.39577,0.899435
,0.375768
,0.51717
,0.46973
,0.117852
,0.3945
,0.330511
,0.050055
,0.566465
,0.599983
,0.395878
,0.66973
,0.402376
,0.305036
,0.212763
,0.42037
,0.396921
,0.140723
,1.031168
0.560817,0.427802
,0.358093
,0.663313
,0.501938
,0.518276
0.309686,0.757455
,0.605588
,0.597778
,0.713449
,0.525365
0.240572,0.213213
,0.459909
,0.40501
,0.610214
,0.33952
,0.319478
,0.328035
,0.340769
,0.367521
,0.450108
,0.408396
,0.272996
,0.609901
,0.437206
,0.311906
,0.451469
,0.503891
,0.461306
,0.630681
,0.386578
,0.602605
,0.878871
,0.664477
,0.223064
,0.546558
,0.312921
,0.358018
,0.626245
,0.85592
,0.506421
,0.396648
,0.36745
,0.960653
,0.642306
,0.372862
,0.302845
,0.623931
,0.615445
,0.677468
,0.546061
,0.398051
,0.238194
,0.798146
,0.355528
,0.163928
,0.355271
,0.468592
,0.353859
,0.73047
,0.523259
,0.568973
,0.263393
,0.489197
,0.464297
,0.567126
,0.110962
,0.611968
,0.378039
,0.341139
,0.4533
,0.391666
,0.457444
,0.519992
,0.520986
,0.442379
,0.374353
,0.601828
,0.517054
,0.298003
,0.599565
,0.584973
,0.644569
,0.67945
,0.209304
,0.494329
,0.377274
,0.496262
,0.454835
-0.0911,0.219673
,0.627629
,0.629733
,0.413716
0.355467,0.323037
,0.493475
0.171341,0.288729
,0.611243
,0.371422
,0.350406
,0.860868
,0.491704
,0.395288
0.491796,0.873925
,0.482021
,0.502011
,0.561932
,0.446815
,0.519722
,0.575792
,0.261087
,0.596098
,0.398011
,0.519046
,0.339103
,0.380482
,0.169063
,0.492623
,0.194615
0.268024,0.366537
,0.515182
,0.235581
,0.793467
,0.465183
,0.156281
,0.416175
,0.158579
,0.424433
,0.443974
,0.535586
,0.467583
,0.767203
,0.258542
,0.472789
,0.121084
,0.417204
,0.37062
,0.085413
,0.69418
,0.606749
,0.392314
,0.39429
,0.050646
,0.553503
,0.54645
,0.596197
,0.255451
,0.505517
,0.801443
0.918068,0.475829
,0.430424
,0.567898
,0.254978
,0.675893
,0.236829
,0.354502
,0.558863
,0.673609
,0.414537
,0.299288
,0.29376
,0.374654
,0.370871
,0.414197
,0.41674
,0.427856
,0.51644
,0.188639
,0.206389
,0.269472
,0.693812
-0.01327,0.297306
,0.317847
,0.438089
,0.680528
,0.484832
,0.425974
,0.580332
,0.950581
,0.464714
,0.712312
,0.438568
0.598737,0.168662
,0.924712
,0.520379
,0.631641
,0.481199
0.317459,0.625085
,0.576922
,0.700087
,0.364559
,0.378182
,0.361981
0.335992,0.569697
,0.400999
,0.320804
,0.71779
,0.391545
,0.50686
,0.452043
,0.202553
,0.457916
,0.453167
,0.475399
,0.502896
,0.403171
,0.176272
,0.531246
,0.312512
,0.218855
,0.268155
,0.337785
,0.485291
,0.569623
,0.415235
,0.218494
,0.334748
,0.306133
,0.606671
,0.381912
,0.672265
,0.707351
,0.36513
,0.579955
,0.524335
,0.733644
,0.303591
,0.690892
,0.334626
,0.832603
,0.625117
,0.430514
,0.554406
,0.471951
,0.424005
,0.542397
0.946153,0.503252
,0.877886
,0.371336
,0.550159
,0.612999
,0.244275
,0.381756
,0.341482
0.300071,0.557396
,0.609764
,0.20972
,0.468645
,0.6371
,0.52124
,0.411424
,0.300341
,0.407127
,0.36433
,0.210583
,0.535548
,0.681109
,0.022736
,0.542292
,0.454023
,0.327316
,0.513102
,0.545656
,0.318563
,0.128971
0.903275,0.861066
,0.021696
,0.310189
,0.430426
,0.616788
,0.730789
,0.207456
,0.554954
,0.419644
,0.331826
,0.465436
,0.52707
,0.123902
,0.830463
,0.474298
,0.433903
,0.52378
,0.585306
,0.650159
,0.432461
0.417534,0.460459
,0.008098
0.285009,0.519979
0.38748,0.58502
,0.879549
,0.584801
,0.517926
,0.25307
,0.216698
,0.06771
,0.496314
,0.588193
,0.136775
,0.128246
,0.70544
,0.530934
,0.631471
,0.386052
,0.856397
,0.530687
,0.344806
,0.550187
,0.190512
,0.539146
0.533564,0.577224
,0.310799
,0.430873
0.240204,0.396729
,0.153865
,0.515347
,0.081587
,0.165199
,0.203844
,0.319308
0.42442,0.391247
,0.454387
,0.408878
0.387661,0.56921
,0.371946
,0.394516
,0.277583
,0.147684
,0.362777
,0.606529
,0.457063
,0.418127
,0.425367
,0.387572
,0.393325
,0.641929
,0.747265
,0.041891
,0.331052
,0.389529
0.712395,0.668987
,0.059449
,0.593828
,0.442004
0.877373,0.434235
0.023321,0.328827
,0.521026
,0.409178
,0.623862
0.568675,0.509854
,0.620318
,0.314193
,0.553047
,0.744281
,0.558111
0.381167,0.54735
,0.480588
,0.465383
,0.128233
,0.200746
,0.379671
,0.400997
,0.317721
,0.461886
,0.172602
,0.611167
,0.739083
,0.460037
,0.532177
,0.057996
,0.283291
,0.272379
,0.335111
,0.192071
,0.50905
,0.443547
,0.499995
,0.396743
,0.473054
,0.268635
,0.264605
,0.48609
,0.452471
,0.302282
,0.40182
,0.572021
,0.407869
,0.742806
,0.414265
,0.477392
,0.548374
,0.427052
,0.957457
,0.536723
,0.401185
,0.322896
,0.27262
,0.109185
,0.205862
,0.162242
,0.291491
,0.55486
,0.186191
,0.423671
,0.58165
,0.299015
,0.394654
,0.40439
,0.457104
,0.089314
,0.559534
,0.673837
,0.451981
0.33498,0.344422
,0.415438
,0.568782
,0.544587
,0.490974
,0.287893
,0.441939
,0.459493
,0.563941
,0.500455
,0.118333
,0.589529
,0.232223
,0.349726
,0.482055
,0.571764
,0.408502
,0.35177
,0.481532
,0.518225
,0.307145
,0.534886
,0.481596
,0.638515
,0.278727
,0.343419
0.791507,0.685846
0.596465,0.329898
,0.310988
,0.427109
,0.315368
,0.285247
,0.336781
,0.316219
,0.537627
,0.267817
,0.67956
,0.451031
,0.357893
,0.084465
,0.387141
,0.380508
,0.448329
,0.713078
,0.318073
,0.391174
,0.566312
,0.323741
,0.201785
,0.449415
,0.296566
,0.296467
,0.347374
,0.259945
,0.447748
,0.260673
,0.112513
,0.630953
0.384289,0.527261
,0.574202
,0.613768
,0.320601
0.275014,0.379544
,0.494084
,0.347284
,0.310636
,0.348276
,0.369017
,0.616465
,0.502151
,0.232268
,0.515307
,0.365773
,0.167345
,0.448713
,0.274821
,0.355497
,0.176461
,0.132925
,0.618805
,0.351764
,0.672977
,0.472353
0.303345,0.50513
,0.17602
,0.510255
,0.452665
,0.465866
,0.465113
0.261436,0.366929
,0.190795
,0.363766
,0.154413
,0.49876
,0.196948
,0.322751
,0.439483
,0.87139
,0.348864
,0.295548
0.29468,0.338336
0.1185,0.378857
,0.34515
,0.443164
,0.5231
,0.173882
,0.233254
,0.433716
,0.581737
,0.398993
,0.48899
,0.366106
,0.3522
,0.318404
,0.65883
,0.612028
,0.402369
,0.625463
,0.317359
0.366937,0.336454
,0.649812
,0.439334
,0.449565
,0.465456
,0.393406
,0.735404
,0.793089
,0.219238
,1.178199
,0.63844
,0.408496
,0.407513
,0.558804
0.372572,0.573067
,0.038451
,0.246854
,0.490093
,0.281757
,0.002271
,0.74569
0.683657,0.624813
,0.180539
,0.662427
,0.543937
,0.495138
,0.35801
,0.430557
,0.432355
,0.995412
,0.425594
,0.410381
0.3648,0.511972
,0.384167
,0.237395
,0.133772
,0.578135
,0.360541
,0.384599
,0.294437
,0.476613
,0.479571
,0.34657
,0.555143
,0.226598
,0.371964
,0.429222
,0.248295
,0.358151
,0.58574
,0.340932
,0.576677
,0.421553
,0.479254
,0.296146
,0.414792
,0.466981
0.876702,0.718712
,0.380379
,0.487305
,0.33902
,0.827434
,0.413668
,0.38735
0.734385,0.980982
,0.270106
,0.419009
,0.451561
,0.44433
,0.511116
,0.441329
,0.473852
,0.315364
,0.721245
,0.737903
,0.433559
,0.627717
,0.705017
,0.586228
,0.336007
,0.336298
,0.329292
,0.330204
,0.426111
,0.580712
,0.310066
,0.279874
,0.529631
,0.26324
,0.649343
,0.403685
,0.433497
,0.423118
,0.470694
,0.475573
,0.374153
0.221352,0.363651
,0.106441
,0.219241
,0.258444
0.002197,0.3129
,0.498432
,0.267258
,0.431575
,0.329375
,0.555286
,0.456661
,0.407904
,0.224742
,0.260172
,0.424595
,0.482847
,0.412194
,0.205706
0.513465,0.454718
,0.418681
,0.089162
,0.694736
,0.365607
0.361835,0.328701
,0.438585
,0.507907
0.132945,0.483816
,0.563783
,0.258112
,0.250953
,0.342501
,0.776171
,0.454842
,0.291537
,0.608251
,0.891058
,0.603428
0.006423,0.468553
,0.35491
0.18837,0.4498
0.087328,0.348278
,0.178762
,0.195013
,0.665101
0.45544,0.496556
,0.440735
,0.071324
,0.691244
,0.432503
,0.036895
,0.32446
,0.416446
0.332123,0.30197
0.377563,0.405708
,0.381339
,0.471019
,0.602758
,0.339899
,0.203562
,0.416647
,0.320306
,0.171404
,0.554975
,0.439265
,0.577684
,0.635469
,0.253103
,0.53982
,0.034464
,0.368893
,0.230021
,0.786198
,0.473769
,0.302303
,0.537618
0.553572,0.932297
,0.987393
,0.476069
,0.537843
,0.564061
,0.503813
,-0.03592
,0.304601
0.742475,0.90389
,0.423671
,0.379931
,0.198582
,0.414952
,0.27071
,0.481124
,0.471306
,0.55921
,0.844965
,0.452108
,0.371534
,0.489213
0.386514,0.35515
,0.344964
,0.234105
,0.306748
,0.555919
,0.657537
,0.583279
,0.210098
,0.233877
,0.180612
,0.161942
,0.412967
,0.573837
,0.687216
0.37093,0.5723
,0.713783
,0.524319
,0.237753
,0.453604
,0.431821
0.24789,0.256982
,0.363837
,0.560688
,0.577796
,0.858404
,0.486859
,0.483907
,0.312782
,0.360428
,0.5352
,0.051427
,0.098215
,0.809587
,0.30379
,0.476378
,0.362775
,0.543584
,0.509688
,0.221566
,0.318189
,0.518825
,0.347064
,0.330784
,0.528248
0.287254,0.542505
,0.323238
,0.494286
,0.663265
,0.558344
,0.281789
,0.502734
,0.319181
,0.420473
,0.654413
,0.204574
,0.42794
,0.537977
,0.409199
,0.251784
,0.420602
,0.554309
,0.354463
,0.416845
,0.235215
,0.471995
,0.303846
,0.323995
,0.13971
,0.535446
,0.500701
,0.273213
,0.515341
,0.527683
,0.746893
,0.61901
,0.136447
,0.225672
,0.259999
,0.443866
,0.521345
,0.546973
,0.516281
,0.683938
,0.533609
,0.288605
,0.626291
,0.323084
,0.410192
,0.267662
,0.539213
,0.246505
,0.447526
0.576057,0.309484
,0.539336
,0.258546
,0.521071
,0.353437
,0.415757
,0.389485
,0.193922
,0.504282
,0.473093
0.251766,0.131992
,0.475816
,0.405761
,0.419983
,0.47836
,0.418848
,0.575683
,0.841664
,0.079333
,0.273404
,0.309743
,0.217204
,0.627419
,0.629036
,0.379733
,0.385305
,0.488651
,0.496759
,0.472971
,0.565394
,0.370885
,0.550842
,0.513789
,0.292822
,0.242609
,0.262142
,0.561119
0.354958,0.376554
,0.459271
,0.282022
0.364722,0.867322
,0.213402
,0.31283
,0.745653
,0.338238
,0.394665
,0.487449
,0.780486
,0.107252
,0.259744
,0.500252
,0.556065
,0.31479
,0.195447
,0.361435
,0.699786
0.83999,0.677104
,0.491243
,0.572191
,0.591323
,0.41472
,0.192051
,0.386413
,0.197668
0.690348,0.555529
,0.363025
,0.419088
,0.230585
,0.363175
,0.505865
,0.367928
,0.316664
,0.003005
,0.145253
,0.46017
,0.153949
,0.492332
,0.223138
,0.179267
,0.283557
,0.253891
,0.406508
0.488095,0.350769
,0.28585
,0.250262
,0.442553
,0.547566
,0.38774
,0.55138
,1.045957
,0.800519
,0.287808
,0.465881
,0.338977
,0.371347
,0.603284
,-0.05474
,0.5415
,-0.07102
,0.428109
,0.299981
,0.57925
,0.489659
,0.570424
,0.556046
,0.436725
,0.213457
,0.606036
,0.43148
,0.558087
,0.547355
,0.518313
,0.084247
,0.407747
0.212467,0.33147
,0.46621
,0.455784
,0.426382
,0.300564
-0.07537,0.36001
,0.525582
,0.033415
,0.548184
,0.230577
,0.259378
,0.576179
,0.648737
,0.378105
,0.363335
,0.375222
,0.418051
,0.706294
,0.522803
,0.254541
0.296511,0.498749
,0.402956
,0.387495
0.641221,0.269895
,0.226387
,0.333567
,0.51585
,0.445658
,0.277201
,0.203294
0.057827,0.363559
,1.237506
,0.397056
,0.385598
,0.366607
,0.400858
,0.498944
,0.353364
,0.466006
,0.599575
,0.141155
,0.339048
,0.312485
,0.661649
,0.35274
,0.319509
,0.461057
,0.419326
,0.542926
,0.319448
,0.890132
,0.411423
,0.479753
0.30924,0.337926
0.329779,0.344378
,0.442047
,0.401856
0.13606,0.440363
,0.15001
,0.525349
,0.283087
0.258574,0.687954
,0.388119
,0.511802
,0.343369
,0.403395
,0.293642
,0.251941
,0.326845
,0.253543
,0.37179
,0.301963
,0.331831
,0.361911
,0.650694
,0.403416
,0.353312
,0.311633
,0.212534
,0.588587
,0.219136
,0.487067
,0.168917
,0.548107
,0.25318
0.273622,0.45683
,0.160855
,0.305412
0.410578,0.077191
,0.39931
0.445491,0.308404
,0.730559
,0.303
,0.443904
,0.477053
,0.33744
,0.54123
,0.492342
,0.429265
,0.246796
,0.31017
,0.367624
,0.284982
0.538629,0.660978
0.045504,0.478771
,0.232803
,0.261734
,0.572818
,0.321261
,0.548171
,0.579931
,0.316799
,0.597281
,0.281586
,0.417478
,0.154796
,0.349984
,0.599044
,0.425727
,0.32976
,0.262409
,0.30729
,0.31845
,0.534125
,0.172884
,0.272513
,0.470137
,0.589994
,0.279806
,0.482597
,0.062369
,0.055173
,0.554
,0.651277
,0.259913
,0.259918
,0.534312
,0.171126
,0.288512
,0.313128
,0.268816
,0.458711
,0.30176
,0.490086
,0.4738
,0.197568
,0.734293
,0.356751
,0.567113
,0.248529
,0.682314
,0.534053
,0.556816
,0.394189
,0.180331
,0.354177
,0.116433
,0.44842
,0.179477
,0.504664
,0.36081
0.618814,0.63306
,0.265503
,0.248799
,0.494532
,0.574376
,0.419336
,0.374239
,0.518143
0.518818,0.593508
,0.357477
,0.383029
,0.34537
,0.332272
,0.250892
,0.504065
,0.485031
,0.469953
,0.415632
,0.650036
,0.191999
,0.220639
,0.419531
,0.318169
,0.403408
,0.478143
,0.454751
,0.060508
,0.681403
,0.472277
,0.303773
,0.432248
,0.63802
,0.414197
,-0.00476
,0.438704
,0.344136
,0.489183
,0.40245
,0.398128
,0.103464
,0.189077
,0.1623
,0.312551
,0.407757
,0.290738
,0.144191
,0.505864
,0.630079
,0.063815
,0.336526
0.323116,0.487842
,0.153407
,0.61098
,0.405556
,0.389934
,0.351894
,0.346184
,0.38306
,0.316487
,0.230706
,0.549157
,0.413845
0.654799,0.28251
,0.54207
,0.564594
,0.238089
,0.788715
,0.541109
,0.293071
,0.149422
,0.571367
,0.393928
,0.5151
,0.256693
,0.422205
0.156287,0.297938
,0.454044
,0.333541
,0.150861
0.396354,0.438172
,0.057645
,0.342997
,0.702311
,0.35131
,0.319019
,0.421526
,0.333864
,0.170866
,0.33379
,0.247345
0.854214,0.412147
,0.251707
,0.867033
,0.436985
,0.417603
,0.236407
,0.191815
,0.130846
,0.019028
,0.440909
,0.373347
,0.578792
,0.530744
,0.498177
,0.429983
,0.528606
,0.265871
,0.164439
,0.512411
,0.097279
,0.376726
,0.842384
,0.032692
,0.321449
0.313317,0.158101
,0.274408
,0.461969
,0.641977
,0.096171
,0.386957
,0.504786
,0.331566
,0.61551
,0.504461
,0.231532
,0.394862
,0.585272
0.273231,0.294746
,0.16698
,0.486305
,0.458501
,0.277359
,0.507974
,0.538455
,0.613633
,0.126121
,0.410373
,0.514436
,0.370789
,0.17884
,0.45134
,0.506435
,0.357134
,0.546141
,0.289969
,0.200142
,0.427059
0.262156,0.402614
,0.31967
,0.387562
,0.62806
,0.27207
0.26119,0.360156
,0.529613
,0.672068
,0.606098
,0.126952
,0.212706
,0.470069
,0.542987
,0.379333
,0.361872
,0.55434
,0.180978
,0.2861
,0.473997
,0.621666
,0.212042
,0.478849
,0.631153
,0.355345
,0.229603
,0.243049
,0.299718
,0.38552
,0.316192
,0.42329
,0.252977
,0.462852
,0.459445
,0.253212
,0.437096
,0.449595
,0.326792
,0.425592
,0.543373
,0.334174
,0.453016
,0.812675
,0.471642
,0.177675
,0.184456
,0.500551
0.03068,0.491295
,0.254005
,-0.07257
,0.152029
,0.395866
,0.541393
1.137033,0.695331
,0.805208
,0.126171
,0.147037
,0.444756
,0.399445
,0.322753
,0.321915
,0.387731
,0.372308
-0.06854,0.366391
,0.476462
,0.323432
,0.455834
,0.389799
,0.382362
0.365335,0.332863
,0.47369
,0.223343
,0.494308
,0.318513
,0.307108
,0.137158
,0.795313
,0.517328
,0.169982
,0.35019
,0.35764
,0.233665
,0.263883
,0.5123
,0.4002
,0.181642
0.418831,0.615576
,0.772998
,0.463267
,0.108155
,0.177776
,0.394304
,0.321521
,0.449399
,0.55249
,0.57481
,0.334081
,0.23762
,0.547982
,0.175573
,0.525127
,0.160798
,0.354028
,0.343771
,0.408388
,0.522761
,0.438264
,0.289854
,0.188941
0.539366,0.205565
,0.418496
,0.190322
,0.236659
,0.075418
,0.41946
,0.431599
0.584823,0.318514
,0.320698
,0.457927
,0.361771
,0.132835
,-0.01333
,0.387914
,0.722137
,0.475386
,0.315958
,0.146816
,0.514958
,0.431645
,0.225892
,0.10747
0.933647,0.490459
,0.35211
,0.394643
,0.438318
0.243378,0.385379
,0.354834
,0.315296
,0.311006
,0.44085
,0.367707
,0.501397
,0.36866
,0.505568
,0.386051
,0.234603
,0.422084
,0.090242
,0.28091
,0.211493
,0.409857
,0.776672
,0.340726
,0.285083
,0.149211
,0.401879
,0.260349
,0.300333
,0.530143
,0.397803
,0.490281
,0.403035
,0.387393
,0.443102
,0.071149
,0.430513
,0.028892
,0.26095
,0.641367
,0.28021
0.543407,0.338309
-0.04259,0.450008
,0.360409
,0.352877
,0.051829
,0.213611
,0.269204
,0.269746
,0.406028
,0.566561
,0.29951
0.608193,0.689655
,0.668838
,0.253928
,0.647172
,0.190814
,0.477243
0.228048,0.346786
0.121843,0.383913
,0.49346
,0.265217
,0.274198
,0.204349
,0.293329
,0.334757
,0.35142
,0.951373
,0.115565
,0.271527
,0.353554
,0.472429
,0.6961
,0.698705
,0.1719
,0.351543
,0.539995
,0.023265
0.071991,0.563969
0.732993,0.892891
,0.531069
,0.213824
,0.470586
,0.212301
0.398203,0.632551
,0.643682
,0.057565
,0.266113
,0.221592
0.379111,0.045356
,0.045965
,0.423986
,0.702947
,0.465779
,0.43086
,0.184469
,0.40303
,0.017774
,0.449372
0.374056,0.238388
,0.679054
,0.252767
,0.281427
,0.395556
,0.448948
,0.509842
,0.073205
,0.499662
,0.359876
,0.282244
,0.134985
,0.817754
,0.398611
,0.191453
,0.346385
,0.594066
,0.381544
,0.091017
,0.425014
,0.234094
,0.485099
,0.411304
,0.404613
,0.523147
0.268684,0.574108
,0.022149
,0.400065
,0.389176
0.197919,0.432539
,0.326304
,0.227883
,0.275483
,0.337839
,0.185099
,0.523114
,0.163398
,0.684036
,0.097965
,0.203175
,0.517992
,0.083912
,0.336423
,0.034819
,0.547964
,0.210059
,0.207356
,0.243854
,0.176581
,0.131828
,0.343519
,0.102284
,0.070322
,0.386851
,0.204001
0.339563,0.207312
,0.642618
0.222596,0.670014
,0.361141
0.404438,0.371066
,0.373303
0.515547,1.264636
,0.24554
,0.480578
,-0.028
,0.806253
,0.457502
,0.048848
,0.387684
,0.009548
,0.302078
,0.264091
,0.37012
,0.100812
,0.622699
,0.340683
,0.376578
,0.432464
,0.245614
,0.558722
,0.339527
,0.494706
,0.337025
,0.277102
,0.220582
,0.507084
,0.137693
,0.382756
,0.549327
,0.289712
,0.845403
,0.515776
0.365286,0.563355
,0.236704
,0.295518
,0.21372
,0.287952
,0.281368
,0.296124
,0.19973
,0.433111
,0.697457
,0.122558
0.61769,0.7007
,0.327709
0.508368,0.137138
,0.46122
,0.470868
,0.465591
,0.267495
,0.141497
,0.381295
,0.296357
,0.058623
,0.560248
,0.443723
,0.563579
,0.35929
,0.361718
,0.424378
,0.22192
,0.542237
,0.235374
,0.354577
,0.444238
,0.572264
,0.432678
,0.532001
,1.023812
0.433676,0.935532
,0.331653
,0.426765
,0.368029
,0.303351
,0.53004
,0.336219
,0.327983
,0.294055
,0.113756
,0.450275
,0.407223
,0.516474
,0.616201
,0.555912
,0.595925
,0.405487
,0.087706
,0.228963
,0.359979
,0.216772
,0.493018
,0.159899
,0.400583
,0.268382
,0.404128
,0.267252
,0.215516
,0.460314
,0.482178
,0.404126
,0.652712
,0.035942
,0.221127
0.581313,0.374405
,0.208647
,0.442185
,0.144906
,0.708888
0.670079,0.612197
,0.207671
,0.185179
,0.366819
,0.375386
,0.387683
,0.143107
,0.681693
,0.371792
,0.216434
,0.114218
,0.33847
,-0.02579
,0.108886
,0.584421
,0.1615
,0.526079
,0.506194
,0.370173
,-0.05814
,-0.00749
0.128583,0.234172
,0.655997
,0.286555
,0.492883
,0.137012
,0.338553
,0.340301
,0.495243
,0.438148
,0.329228
,0.344213
,0.408772
,0.394448
,0.436349
,0.104582
,0.275713
,0.225686
,0.574042
,0.585732
,0.463149
,0.369052
,0.709062
,0.445859
,0.501428
,0.56482
,0.406156
,0.401062
,0.300175
,0.264052
,0.391696
,0.516524
,0.277294
,0.426283
,0.496781
,0.601244
,0.291677
,-0.15607
,0.503062
,0.203087
,0.286654
,0.438806
,-0.07619
,0.463757
,0.40806
,0.304833
,0.413954
,0.334786
,0.160091
,0.235671
,0.308335
,0.445958
,0.39123
,0.392246
,0.518903
,0.076722
,0.416842
,0.298296
0.209162,0.089627
,0.402782
,0.330965
0.528342,0.395402
,0.179897
,0.234283
,0.225527
,0.071449
,0.361947
0.375072,0.418872
,0.253858
,0.059216
,0.420384
,0.42745
,0.756727
,0.317012
,0.480064
,0.269372
,0.429222
,0.335354
,0.303724
,0.345484
,0.006592
,0.425026
,0.448752
,0.491631
,0.222187
,0.272467
,0.329192
,0.252411
,0.563777
,0.35126
,0.330585
,0.139318
,0.303918
,0.395693
,0.127852
,0.26853
0.354983,0.653204
,0.376233
,0.250648
0.685584,0.579563
,0.48951
,0.328305
0.417384,0.61751
,0.251265
,0.388363
,0.278962
,0.454807
,0.029117
,0.327857
,0.298083
,0.326889
,0.411276
,0.405094
,0.157011
0.09085,0.352418
,0.475818
,0.34574
,0.658565
,0.536814
,0.260714
,0.830656
,0.332401
,0.540177
,0.622041
,0.172908
,0.298109
,0.036103
,0.578749
,0.498038
,0.300173
,0.424366
,0.398375
,0.395468
,0.122344
,0.377887
,0.388135
,0.347512
,0.126584
,0.404318
,0.405734
,0.367762
,0.68722
,0.50237
,0.082035
,0.454382
,0.136289
,0.324989
0.196769,0.455254
,0.372737
,0.248885
,0.375801
,0.54945
,0.387199
,0.151767
,0.605102
0.328465,0.774689
,0.488198
,0.521532
,0.141477
,0.270268
,0.251024
,0.181103
,0.183772
,0.356883
,-0.00797
,0.647082
,0.411371
,0.309544
,0.433978
,0.381282
,0.478253
,0.036047
,-0.03319
,0.347721
,0.213556
,0.310993
,0.234605
,0.379907
,0.335358
,0.383512
,0.531837
,0.438063
,0.027771
,0.365989
,0.283813
,0.38068
,-0.11126
,0.240985
,0.270986
,0.715804
,0.336344
,0.34769
,0.557337
,0.41418
,0.133159
,0.174962
,0.499217
,0.162194
0.084414,0.545334
,0.447065
,0.515287
,0.556128
,0.494391
0.290399,0.258685
,0.543978
,0.390444
,0.41581
,0.017822
,0.184927
,0.097292
,0.45729
,0.438035
,0.341201
,0.429554
,0.114034
,0.316563
,0.335037
,0.558714
,0.393644
,0.037895
,0.469454
,0.116825
,0.327529
,0.556144
,0.189362
,0.334451
,-0.06112
,0.565015
,0.219055
,0.272349
,0.480105
,0.566495
,0.686412
,0.352549
,0.556535
,0.284018
,0.173206
,0.806139
,0.021445
,0.309242
,-0.12696
,0.675426
,-0.0379
,0.282455
,0.454482
,0.39845
,0.110146
,0.443595
,0.508822
,0.723138
,0.472338
,0.50035
,0.142457
,0.043999
,0.43392
,0.151494
,0.298601
0.404024,0.60467
,0.397718
,0.179791
,0.497093
,0.395633
,0.10675
,0.269269
,0.216677
,0.342473
,0.469208
,0.235576
,0.338937
,0.448173
,0.481867
,0.280829
,0.550181
,0.523316
,0.327588
,0.659391
,0.064866
,0.330839
0.430094,0.096266
,0.308289
,0.47291
,0.519858
,0.459059
,0.324985
,0.037523
,0.031263
,0.349382
,0.769196
,0.339457
,0.252459
,0.588537
,0.381591
0.141191,0.288923
,0.257164
,0.52477
,0.312212
,0.432909
,0.494882
,0.620018
,0.236476
0.680413,0.583249
,0.460515
,0.227732
,0.45731
,0.403969
,0.104106
,0.280757
,0.118296
,0.177196
,0.413086
,0.510324
,0.298681
,0.335601
,0.115308
,0.142887
,0.240909
,0.250465
,0.245407
,0.051194
,-0.04099
,0.029789
,0.351016
,0.430436
,0.198411
,0.258366
,0.444001
,0.117229
,0.322337
,0.405189
,0.374212
,-0.06011
,0.109592
,0.544916
0.255032,0.226444
,0.367028
,0.558036
,0.081623
,0.53351
,0.611673
,0.320962
,0.382778
,0.324914
,0.401613
,0.145093
,0.305974
,0.107622
,0.534305
,0.782563
,0.482881
,0.321318
,0.34041
,0.254569
,0.195044
,0.145605
,0.386524
,0.361311
0.323674,0.469232
,0.238974
,0.217
,0.489128
,0.483852
,0.398027
,0.084332
,0.355995
,0.684489
,0.284791
,0.168785
,0.253726
,0.289714
,-0.02139
0.130892,0.01323
,0.105094
,0.381598
,0.314279
,0.584737
,0.370831
,0.66391
,0.060694
,0.274621
,0.156383
,0.110353
,0.308233
,0.428516
,0.251232
,-0.04001
,0.140297
,0.331563
,0.096856
,0.4748
,0.154948
,0.422698
,-0.04785
0.173902,0.147925
,0.178873
,0.08917
,0.373208
,0.47494
,0.236794
,0.285068
,0.346828
,0.397263
,0.014704
,0.220054
,0.109289
,0.485846
,0.107203
,0.484741
,0.244257
,0.103406
,0.126779
,0.263464
,0.187166
,0.39401
,0.193921
,0.46363
,0.443332
,0.415995
,0.465893
,0.54005
,0.271124
,0.184992
,0.300939
,0.151345
,0.407499
,0.123999
,0.43334
,0.575163
,-0.17305
,0.166533
,0.283444
,0.338535
,0.249005
,0.233474
,0.073209
,0.416527
,0.123488
,0.281707
,0.53714
0.353759,0.361657
0.511647,0.081221
,0.556213
,0.319138
,0.293896
,0.14759
,0.484378
,0.351744
,0.517539
,0.378071
0.592784,0.32636
,0.104961
,0.271453
,0.066865
,0.141676
,0.312474
,0.479357
,0.481967
,0.117809
,0.093289
,0.047163
,0.210422
,0.395276
0.419187,0.262776
,0.60764
,0.269005
,0.23605
,0.00807
,0.197514
0.370919,0.399633
,0.0944
,0.53034
,0.49538
,0.339396
,0.054391
,0.117279
,0.306866
,0.494554
,0.336183
,0.289883
,0.301675
0.119331,0.277968
,0.447198
,0.632898
,0.021962
,0.05778
,0.325417
,0.139619
,0.224463
,0.271854
,0.040657
,0.052496
,0.136505
,0.393325
,0.304978
,0.363725
,0.083083
,-0.03909
,0.038177
,0.094855
,0.274299
,0.364666
,0.745505
,0.087881
,0.131926
,0.266205
,0.065257
,0.146037
,0.143886
,-0.13565
,0.516744
,0.424784
,0.277823
,0.444716
,0.225877
,0.290978
,0.134801
0.539817,0.167552
,0.320016
,0.502418
,0.453522
,0.36184
,0.567718
,0.678717
0.201966,0.17206
,0.151977
,0.062203
,0.357924
,0.498156
,0.312093
,-0.21477
,0.096193
,0.413958
,0.200706
,0.099133
,0.27822
0.382063,0.478918
,0.01221
,0.418256
,0.079719
,0.565908
,0.41056
,0.266612
,0.184215
,0.204203
,0.453668
,0.493152
,0.395416
,0.556802
,0.532898
,0.369741
,0.310638
,0.283004
,0.389581
,0.501565
,0.427899
0.105628,0.367978
,0.343972
,0.403613
,0.109761
,0.571266
,0.166082
,-0.03681
,0.665981
,0.457152
,0.243578
0.640816,0.40651
,0.153854
,0.386985
,0.221332
,0.099601
,0.283894
,0.132247
,0.422382
,0.412653
,0.410524
,0.204067
,0.514436
,0.224019
,0.160223
,0.243786
,0.193722
,0.314999
,0.355808
,0.265272
,0.015597
,0.310904
,0.248832
,0.304094
,0.202891
,0.209254
,-0.02659
,0.478285
,0.407649
0.41252,0.578986
,0.43238
,0.430806
,0.104392
,0.273303
,0.224727
,0.155485
,0.511469
0.368313,0.034751
,0.19824
,0.396668
,0.572764
,0.183314
,0.407235
,0.114661
,-0.02814
,0.443468
,0.487222
,0.222633
,0.07954
,0.086408
,0.18717
,0.185181
,0.468128
,0.209201
,0.155499
,0.275261
,0.631821
,0.197902
,0.111391
,0.245698
0.514029,0.673389
,0.288583
,0.561253
,0.415919
,0.201491
,0.303513
,-0.01114
,0.018159
,0.116272
,-0.17719
-0.01114,0.10842
,-0.15113
,0.479565
,0.279613
,0.416145
,0.543747
,0.284469
,0.441422
,0.445511
,-0.05029
,0.31775
,0.480731
,0.01528
,0.352148
,0.431898
,0.186298
,0.392231
,0.444947
,0.052611
,0.306861
,0.181521
,0.235382
,0.474925
,0.471621
,0.357823
,0.226137
,-0.14935
,0.208174
,0.325732
,0.298874
0.228874,0.200241
,0.164104
,0.021371
,0.343221
,0.259081
0.64972,0.21838
,0.193108
,0.312111
,0.116587
,0.173121
,0.087158
,0.282429
,0.060614
,0.384425
,0.328734
,0.355721
,0.280919
,0.274151
,0.253176
,0.225025
,0.470181
,0.508739
,0.515109
,0.582734
,0.325096
,0.158604
,0.037319
0.160032,0.264586
,0.440684
,0.361267
,0.377256
,0.225451
,0.20419
,0.184078
,0.249229
,0.203711
,0.369119
,0.633196
0.467512,0.481846
0.52041,0.387283
,0.623469
,0.074114
,0.547935
,0.057575
,0.290741
,0.196832
,0.393963
,0.275309
,0.441535
,0.226181
,0.30595
0.274588,0.154864
,0.051405
,0.157726
,0.520395
,0.38589
,-0.10051
,0.134845
,-0.06959
,0.213939
,0.276939
,0.208774
,0.186631
0.247526,0.597777
,-0.04033
-0.01967,0.289689
,-0.12517
0.428684,0.273821
,0.349157
,0.447336
,0.549057
,0.219409
,0.364641
,0.407382
,0.567659
,0.623063
,0.625716
,0.680993
,0.205381
,0.417904
,0.48286
,0.5703
,0.587535
,-0.1266
,0.50804
,0.538455
,0.653413
,
,
,
,
,
,0.36015
,0.579652
,0.387472
,0.055771
,0.119345
,0.502963
,0.223181
,0.400228
,0.6051
,0.474884
,0.44207
,0.7112
,0.389893
,0.350382
,0.453243
,0.1318
,0.414041
,0.254829
,0.33601
,-0.10914
,-0.02733
,-0.00862
,-0.00245
,0.970084
,1.031791
,0.99175
,1.018165
,1.022305
,1.119688
,0.395112
,0.402756
,0.177704
,0.350634
,0.689349
,0.320846
,0.380152
,0.50225
,0.282954
,0.527611
,0.349586
,0.629241
,0.816476
,0.283637
,0.824454
,0.771256
,0.558592
,0.622275
,0.735894
,0.751635
,0.841776
0.755829,0.59995
0.795914,0.352517
0.134976,0.444776
0.51236,0.306196
0.522227,0.316022
0.771451,0.636705
0.361853,0.618911
0.699888,0.656195
0.459051,0.778607
0.26612,0.310463
0.409261,0.452297
0.475528,0.518307
0.475633,0.59668
0.530843,0.651816
0.559775,0.680709
0.645825,0.766775
0.655079,0.77613
0.43709,0.511699
0.539012,0.612221
0.54524,0.618391
0.564027,0.638862
0.243426,0.84151
0.254225,0.852115
0.285691,0.883951
0.644114,0.80275
0.373773,
0.282594,
0.432737,
0.455717,
0.41841,
,0.066342
,0.144951
,0.278696
0.659539,0.424839
0.740643,0.506015
0.283565,0.252304
0.126165,0.284349
0.624139,0.527025
0.883799,0.788121
0.137727,0.019611
0.389921,0.625727
0.367222,0.232007
0.589414,0.672421
0.498608,0.52024
0.510735,0.533831
0.523608,0.544483
0.611671,0.634166
0.313534,0.814389
0.507473,1.007432
0.45231,0.608186
0.471005,0.629018
0.359263,0.386007
0.845167,1.031149
0.949846,1.137031
0.800566,0.694522
0.80982,0.703876
0.253977,0.263065
,0.448714
,0.470803
,0.512397
,0.527027
,0.626017
,0.731899
,0.540069
,0.19864
,0.222883
,0.312566
,0.770073
,0.747984
,0.811666
,0.839089
,0.925286
,0.168126
,0.280409
,0.420486
,0.5081
,0.549694
,0.295982
,0.374934
,0.582645
,0.341966
,0.241151
,0.259182
,0.214688
,0.234939
,0.243969
,0.494568
,
,
,
,
,
,
,
,0.571682
,0.281409
,0.303498
,0.345092
,0.474452
,0.548061
,0.298863
,0.130693
,0.383365
,0.55663
,0.335264
,0.536502
,0.445397
,0.467485
,0.622927
,0.36289
,0.467785
,0.572702
,0.674639
,
,
,
,
,0.384363
,0.42291
,0.828169
,0.081778
,0.145461
,0.364963
,0.848226
,0.725078
,0.199671
,0.47729
,0.56664
,0.656322
,0.215184
,0.225789
,0.257625
,0.276699
,
,
,
,
,
,
,0.123807
,0.165394
,0.122691
,0.361057
,0.369056
,0.434997
,0.507745
,0.52068
,0.544591
,0.646148
,0.537
,0.6463
,0.419929
,0.492121
,0.016059
,0.184964
,0.638756
,0.464311
,0.57857
,0.671113
,0.354453
,0.284564
,0.43212
,0.46027
,0.540088
,0.212238
,0.446919
,0.302602
,0.508192
,0.56328
,0.528246
,0.342747
,0.612779
,0.245908
,0.400423
,0.331452
,0.337833
,0.405003
,0.407848
,0.450213
,0.471199
,0.260991
,0.474202
,0.480396
,0.461821
,0.493063
,-0.38152
,-0.04695
,0.496112
,0.515813
,0.036414
,0.135031
,0.618745
,0.530823
,0.639218
,0.555346
,0.377627
,0.384008
,0.401278
,0.496388
,0.610022
,0.616403
,0.637944
,0.686418
,0.349136
,0.454358
,0.602146
,0.128607
,0.492135
,0.573316
,0.311324
,0.129373
,0.397674
,0.515937
,0.431429
,0.622471
,-0.12239
,0.046514
,0.064844
,0.146019
,0.455725
,0.459865
,0.557247
,0.634261
,0.643292
,0.647851
,0.748186
,0.457665
,0.444675
,0.451055
,0.743315
,0.379335
,0.371639
,0.231945
,0.498954
,0.575674
,0.50651
,0.385013
,0.466821
,0.485534
,0.681633
,0.60525
,0.917722
,0.985516
,0.746645
,0.422069
,0.958454
,0.205913
,0.208193
,0.344602
,0.381448
,0.658027
,0.504885
,0.282404
,0.246617
,0.328426
,0.347139
,0.353309
,0.368903
,0.464857
,0.37719
,0.470372
,0.474311
,0.437508
,0.226054
,0.241371
,0.296648
,0.546605
,0.4876
,0.450536
,0.656973
,0.364496
,0.401903
,0.383052
,0.336764
,0.407772
,0.484553
,0.519773
,0.530532
,
,
,
,
,
,
,0.402085
,0.475817
,0.557167
,0.810387
,0.489061
,0.31486
,0.401848
,0.515773
,0.663882
,0.413824
,0.349671
,0.139515
,0.069047
,0.111787
,0.127103
,0.18238
,0.785533
,0.67193
,0.251968
,0.698985
,0.449201
,0.261723
,0.362058
,0.183056
,0.209471
,0.229172
,0.356991
,0.433772
,0.479752
,0.413328
,1.000891
,0.852914
,1.030444
,0.05769
,0.551883
,0.174601
,0.364425
,0.453099
,0.083693
,0.111566
,0.294257
,0.19784
,0.172482
,0.497464
,0.5293
,0.456838
,0.387871
,0.44191
,0.48789
,0.373043
,0.190683
,0.196874
,0.499979
,0.257884
,0.268546
,0.272047
,0.348852
,0.398801
,0.185656
,0.162147
,0.260098
,0.090077
,0.181037
,0.213394
,-0.0292
,0.077494
,0.469201
,0.052925
,0.493746
,0.503203
,-0.28161
,-0.20361
,-0.15749
,-0.07567
,0.25754
,0.268145
,0.319055
,0.305629
,0.635197
,0.506098