LDLR-FL BEAN mu_Z,AlphaMissense
-5.97012,0.996
-5.83798,0.9745
-5.61268,0.9825
-5.57486,0.9634
-5.38348,0.9697
-5.16872,0.9751
-5.0482,0.9924
-5.04677,0.9888
-5.04559,0.9995
-4.94964,0.6444
-4.93341,0.977
-4.91709,0.9915
-4.8956,0.9951
-4.82153,0.9932
-4.78904,0.9769
-4.71609,0.9956
-4.66149,0.9969
-4.65304,0.9885
-4.6503,0.9981
-4.63574,0.7352
-4.53352,0.9121
-4.5116,0.9958
-4.48557,0.9905
-4.47384,0.9978
-4.36094,0.9968
-4.33658,0.9954
-4.31992,0.7191
-4.28408,0.9866
-4.22066,0.9775
-4.19383,0.992
-4.16706,0.9879
-4.12157,0.9875
-4.08139,0.9979
-4.06174,0.9762
-4.0595,0.9873
-4.03762,0.4273
-4.02942,0.9896
-4.00276,0.9748
-3.95441,0.9774
-3.93379,0.9912
-3.92152,0.9977
-3.91352,0.9981
-3.87009,0.9875
-3.84601,0.9968
-3.83322,0.6622
-3.8203,0.9877
-3.80743,0.9868
-3.76015,0.9679
-3.76009,0.9863
-3.71658,0.9928
-3.70221,0.9818
-3.66805,0.8624
-3.65973,0.9659
-3.63571,0.9946
-3.62346,0.7925
-3.60758,0.9943
-3.5822,0.9981
-3.57431,0.9827
-3.5679,0.9887
-3.56611,0.9735
-3.56478,0.1088
-3.55298,0.9804
-3.55189,0.9977
-3.53525,0.1375
-3.52317,0.9765
-3.52163,0.6803
-3.5119,0.9952
-3.50696,0.4098
-3.50611,0.0991
-3.49356,0.9937
-3.45093,0.9972
-3.42106,0.9477
-3.41489,0.9515
-3.40961,0.9994
-3.39108,0.9616
-3.38954,0.9887
-3.36496,0.989
-3.36378,0.7261
-3.35567,0.9205
-3.34758,0.9893
-3.3358,0.7986
-3.33122,0.8096
-3.32114,0.0698
-3.30009,0.8655
-3.29979,0.9975
-3.28589,0.8211
-3.27378,0.999
-3.25846,0.9953
-3.25278,0.999
-3.2282,0.997
-3.21774,0.9849
-3.18965,0.984
-3.17749,0.9653
-3.17709,0.9849
-3.17692,0.9611
-3.17191,0.9991
-3.16633,0.8807
-3.15796,0.9932
-3.15358,0.9947
-3.14812,0.7823
-3.14734,0.9968
-3.10088,0.1821
-3.09638,0.9853
-3.07685,0.9982
-3.0716,0.9968
-3.06845,0.9981
-3.06143,0.9951
-3.06119,0.1143
-3.04245,0.9971
-3.04159,0.9926
-3.02559,0.9926
-3.0205,0.9874
-2.99343,0.1515
-2.98618,0.9891
-2.98254,0.9671
-2.9824,0.9258
-2.98177,0.994
-2.97784,0.9978
-2.97691,0.9857
-2.97443,0.9731
-2.9586,0.705
-2.94924,0.994
-2.94279,0.203
-2.93539,0.982
-2.93263,0.2578
-2.92932,0.959
-2.92514,0.6588
-2.91885,0.895
-2.90718,0.558
-2.89693,0.3092
-2.88561,0.9433
-2.87892,0.7719
-2.87129,0.5149
-2.86819,0.9825
-2.85215,0.8837
-2.8321,0.2692
-2.82869,0.9819
-2.82605,0.0988
-2.82096,0.9987
-2.82059,0.9894
-2.81884,0.6876
-2.81725,0.5187
-2.81398,0.9751
-2.80763,0.9946
-2.80185,0.2997
-2.79405,0.9972
-2.79242,0.2788
-2.78821,0.9967
-2.78635,0.9831
-2.78532,0.0585
-2.7831,0.9786
-2.7825,0.9903
-2.77764,0.0892
-2.77258,0.9975
-2.76846,0.9769
-2.75633,0.994
-2.72486,0.9794
-2.71664,0.9577
-2.715,0.497
-2.7056,0.9998
-2.70539,0.9701
-2.70482,0.999
-2.70021,0.8963
-2.69479,0.9944
-2.6743,0.9824
-2.6592,0.9952
-2.65543,0.9784
-2.64576,0.9698
-2.6185,0.0623
-2.59789,0.9994
-2.59458,0.9356
-2.59105,0.9495
-2.59086,0.9669
-2.58939,0.1279
-2.58126,0.971
-2.5693,0.986
-2.56414,0.9877
-2.56286,0.9806
-2.56283,0.9765
-2.55472,0.9897
-2.55302,0.9836
-2.55255,0.9676
-2.55115,0.3799
-2.52898,0.7793
-2.52466,0.9909
-2.51762,0.9884
-2.49167,0.992
-2.48414,0.1388
-2.48152,0.9917
-2.48106,0.8969
-2.47554,0.9732
-2.4717,0.1831
-2.46826,0.9642
-2.45837,0.9871
-2.45334,0.1306
-2.45152,0.986
-2.42153,0.7032
-2.41174,0.7264
-2.40867,0.9896
-2.39399,0.9965
-2.39343,0.8692
-2.3808,0.9941
-2.37382,0.5221
-2.34818,0.6889
-2.34817,0.9373
-2.34533,0.9358
-2.34363,0.9709
-2.33976,0.9738
-2.33813,0.9988
-2.33267,0.804
-2.30673,0.1285
-2.30455,0.9687
-2.29795,0.9409
-2.28923,0.9974
-2.28167,0.0635
-2.28028,0.991
-2.27836,0.9639
-2.26872,0.9907
-2.26798,0.7277
-2.26792,0.6707
-2.26676,0.9966
-2.26511,0.9986
-2.26504,0.9225
-2.25728,0.9692
-2.25616,0.9933
-2.25614,0.2182
-2.24905,0.8313
-2.24865,0.9576
-2.24839,0.9885
-2.24734,0.7215
-2.23908,0.9704
-2.23904,0.954
-2.23887,0.991
-2.22241,0.9811
-2.21556,0.6458
-2.2152,0.9977
-2.21447,0.2485
-2.214,0.993
-2.20224,0.9532
-2.19572,0.9872
-2.19425,0.7237
-2.18796,0.1051
-2.17831,0.3504
-2.17309,0.7787
-2.16942,0.9802
-2.16035,0.99
-2.15659,0.7366
-2.15445,0.5467
-2.14215,0.9944
-2.14081,0.997
-2.13799,0.9903
-2.13547,0.5214
-2.13349,0.6933
-2.13088,0.8668
-2.1307,0.9641
-2.12891,0.8582
-2.12196,0.3506
-2.11891,0.3402
-2.10751,0.3234
-2.09894,0.9939
-2.09709,0.9981
-2.09582,0.8789
-2.09089,0.9766
-2.08579,0.9961
-2.08029,0.9861
-2.07872,0.44
-2.07418,0.232
-2.07184,0.9744
-2.06064,0.9918
-2.05465,0.9891
-2.05378,0.7667
-2.03601,0.998
-2.03428,0.9047
-2.03217,0.9827
-2.02337,0.9922
-2.02088,0.9385
-2.00704,0.8214
-2.00545,0.9871
-1.99441,0.07
-1.98118,0.99
-1.97999,0.9806
-1.97959,0.6201
-1.97819,0.2389
-1.97766,0.9836
-1.97699,0.1698
-1.96206,0.1816
-1.96166,0.7216
-1.95244,0.9675
-1.95102,0.0692
-1.9473,0.884
-1.94339,0.1808
-1.94276,0.3783
-1.9386,0.998
-1.9364,0.9944
-1.93582,0.9875
-1.93213,0.9332
-1.92669,0.9811
-1.92667,0.9518
-1.91663,0.9723
-1.9165,0.2589
-1.91364,0.686
-1.91316,0.9762
-1.91294,0.2746
-1.90305,0.9982
-1.89768,0.9004
-1.89098,0.7197
-1.88692,0.25
-1.88395,0.9629
-1.88217,0.1609
-1.87983,0.1967
-1.87832,0.2875
-1.87819,0.2277
-1.87327,0.996
-1.86515,0.4937
-1.86412,0.9785
-1.86162,0.8229
-1.85694,0.985
-1.85529,0.8749
-1.85338,0.9966
-1.84703,0.9988
-1.83988,0.8909
-1.8335,0.5357
-1.83194,0.9924
-1.83176,0.9997
-1.8314,0.967
-1.82981,0.1282
-1.82875,0.9906
-1.82773,0.906
-1.82498,0.9795
-1.82353,0.921
-1.82237,0.1411
-1.82019,0.9809
-1.80533,0.9974
-1.7951,0.8088
-1.79445,0.1356
-1.7941,0.3739
-1.7775,0.8099
-1.77238,0.932
-1.76736,0.9971
-1.76701,0.9202
-1.76692,0.1419
-1.76095,0.8828
-1.76083,0.3398
-1.75744,0.8568
-1.75356,0.7903
-1.7505,0.7921
-1.75021,0.9802
-1.74915,0.9939
-1.74891,0.9824
-1.74814,0.8912
-1.74162,0.366
-1.73788,0.957
-1.73354,0.943
-1.73041,0.3118
-1.7291,0.1175
-1.72816,0.0929
-1.72176,0.9932
-1.71752,0.9732
-1.71682,0.9346
-1.71066,0.9825
-1.71045,0.9929
-1.70666,0.4972
-1.70585,0.1083
-1.70396,0.181
-1.70134,0.9698
-1.70026,0.5786
-1.69344,0.9499
-1.69261,0.9966
-1.68949,0.2499
-1.68348,0.2306
-1.67811,0.0939
-1.67451,0.1518
-1.67061,0.9985
-1.66781,0.9907
-1.66618,0.4421
-1.66616,0.8554
-1.66456,0.0826
-1.66447,0.6708
-1.66257,0.3367
-1.66058,0.9735
-1.65859,0.9992
-1.65034,0.9849
-1.64804,0.9984
-1.6467,0.5677
-1.64423,0.9996
-1.64109,0.9914
-1.64053,0.4678
-1.63997,0.6101
-1.63911,0.8749
-1.6362,0.999
-1.63583,0.6346
-1.63502,0.9926
-1.62863,0.1964
-1.62758,0.6172
-1.62586,0.088
-1.62577,0.2859
-1.62308,0.9969
-1.623,0.9587
-1.61938,0.8008
-1.61903,0.1297
-1.61535,0.092
-1.61496,0.2952
-1.61441,0.9837
-1.61024,0.9146
-1.61,0.8487
-1.60758,0.2841
-1.60694,0.3688
-1.59868,0.0902
-1.59551,0.9989
-1.59401,0.6908
-1.59009,0.6251
-1.59001,0.9778
-1.58529,0.9361
-1.58379,0.3026
-1.58375,0.1313
-1.58253,0.4303
-1.58232,0.0731
-1.57643,0.1079
-1.57587,0.947
-1.57297,0.9824
-1.57251,0.985
-1.56285,0.9937
-1.55632,0.5214
-1.55473,0.8983
-1.55391,0.1061
-1.55141,0.9878
-1.54972,0.9813
-1.54933,0.9984
-1.54871,0.8916
-1.53844,0.9793
-1.53479,0.966
-1.53354,0.9994
-1.53141,0.9474
-1.52957,0.6604
-1.52872,0.0975
-1.52781,0.9937
-1.52743,0.9855
-1.52218,0.9786
-1.51975,0.261
-1.50977,0.9685
-1.50078,0.9965
-1.4999,0.669
-1.49298,0.4821
-1.49234,0.9897
-1.49121,0.3289
-1.48635,0.3255
-1.48032,0.8799
-1.47931,0.9635
-1.47879,0.0991
-1.47427,0.9666
-1.47042,0.2681
-1.46754,0.9752
-1.4636,0.9961
-1.46316,0.0806
-1.46264,0.7173
-1.46111,0.5309
-1.46079,0.9001
-1.46061,0.9929
-1.45979,0.5367
-1.45896,0.2102
-1.4538,0.8756
-1.4505,0.612
-1.44736,0.1452
-1.44571,0.0643
-1.44343,0.3622
-1.44099,0.7246
-1.44075,0.1403
-1.43498,0.9704
-1.42729,0.073
-1.42623,0.1025
-1.42615,0.9929
-1.42107,0.9687
-1.41995,0.2983
-1.41944,0.9989
-1.4122,0.2454
-1.40871,0.9909
-1.40741,0.1173
-1.40726,0.1737
-1.40483,0.8266
-1.40394,0.9961
-1.40193,0.0578
-1.40024,0.3054
-1.39996,0.999
-1.39467,0.1999
-1.39273,0.9949
-1.38809,0.2279
-1.38409,0.8098
-1.38341,0.2529
-1.37704,0.1515
-1.3765,0.9974
-1.37508,0.9893
-1.37403,0.0913
-1.37388,0.8475
-1.37231,0.9763
-1.37206,0.983
-1.36918,0.9919
-1.36766,0.174
-1.36704,0.7281
-1.36641,0.9982
-1.34926,0.2483
-1.34575,0.9798
-1.34239,0.9543
-1.33754,0.1671
-1.33669,0.5203
-1.33427,0.065
-1.33065,0.3502
-1.33001,0.1379
-1.32798,0.1077
-1.32743,0.9865
-1.32731,0.5657
-1.32564,0.3722
-1.32479,0.998
-1.32366,0.9845
-1.31702,0.9576
-1.31331,0.1751
-1.31166,0.8895
-1.30866,0.1336
-1.30572,0.3872
-1.29978,0.1374
-1.2997,0.985
-1.29845,0.4315
-1.29339,0.9715
-1.28776,0.1798
-1.28617,0.9875
-1.28315,0.9955
-1.28136,0.783
-1.27838,0.2838
-1.27618,0.2424
-1.27617,0.2574
-1.27522,0.891
-1.27451,0.9835
-1.27212,0.9968
-1.26934,0.9591
-1.26792,0.1568
-1.2678,0.3335
-1.26715,0.9856
-1.26428,0.9959
-1.26422,0.9926
-1.26362,0.121
-1.25976,0.1469
-1.25454,0.9977
-1.2537,0.927
-1.25307,0.9144
-1.25051,0.9851
-1.25012,0.0859
-1.24944,0.9736
-1.2488,0.9871
-1.2483,0.9997
-1.24352,0.9308
-1.24011,0.9652
-1.23528,0.0818
-1.23501,0.8738
-1.23444,0.602
-1.23009,0.2063
-1.229,0.9881
-1.228,0.1724
-1.2266,0.0424
-1.22622,0.9015
-1.22566,0.9137
-1.2209,0.7682
-1.22044,0.9933
-1.21988,0.9817
-1.21794,0.0782
-1.21784,0.9717
-1.21664,0.127
-1.21373,0.197
-1.21346,0.9657
-1.21249,0.0659
-1.21097,0.9975
-1.20419,0.9886
-1.20246,0.9785
-1.2007,0.9606
-1.20017,0.2679
-1.19743,0.3282
-1.19307,0.2267
-1.19184,0.7622
-1.19023,0.9977
-1.18976,0.9866
-1.1897,0.0871
-1.18839,0.7751
-1.18369,0.1923
-1.17928,0.1028
-1.17915,0.9937
-1.17658,0.6777
-1.16967,0.0812
-1.16658,0.0872
-1.16623,0.9767
-1.16597,0.9719
-1.16564,0.9961
-1.16439,0.0771
-1.16365,0.3888
-1.16222,0.9947
-1.16115,0.9992
-1.16046,0.9995
-1.15846,0.351
-1.15649,0.7453
-1.15559,0.9873
-1.15535,0.1154
-1.15505,0.9667
-1.15292,0.9961
-1.15287,0.1003
-1.15006,0.7124
-1.14869,0.998
-1.14388,0.9973
-1.1436,0.0914
-1.14107,0.124
-1.13929,0.9842
-1.13893,0.2689
-1.13881,0.996
-1.13517,0.8848
-1.1337,0.9976
-1.12839,0.1335
-1.12817,0.1314
-1.12693,0.9244
-1.12338,0.9576
-1.12086,0.1705
-1.11998,0.0763
-1.11502,0.0988
-1.1148,0.1721
-1.11263,0.9731
-1.10623,0.1849
-1.10451,0.1121
-1.10393,0.1713
-1.10389,0.9947
-1.10008,0.1242
-1.09889,0.2315
-1.09809,0.9968
-1.09751,0.0907
-1.09707,0.9979
-1.0911,0.188
-1.09073,0.898
-1.08967,0.1036
-1.08856,0.2497
-1.08804,0.9892
-1.08693,0.9168
-1.08667,0.1672
-1.08478,0.9979
-1.08456,0.9636
-1.08139,0.2676
-1.07932,0.971
-1.07683,0.9537
-1.07618,0.9426
-1.07603,0.9526
-1.07361,0.0888
-1.07144,0.8653
-1.068,0.1611
-1.06401,0.1524
-1.06329,0.1394
-1.063,0.6511
-1.06293,0.9972
-1.06001,0.3165
-1.0591,0.6486
-1.05512,0.882
-1.05435,0.121
-1.05293,0.1124
-1.05283,0.6085
-1.04998,0.9673
-1.04885,0.0745
-1.04823,0.9831
-1.04718,0.1063
-1.04646,0.9992
-1.04539,0.9958
-1.04268,0.1578
-1.04206,0.0575
-1.04169,0.8322
-1.04111,0.9973
-1.04044,0.8614
-1.03976,0.1974
-1.03907,0.1129
-1.03666,0.1511
-1.03545,0.1002
-1.03132,0.413
-1.03089,0.9819
-1.03031,0.392
-1.02997,0.2258
-1.02732,0.9786
-1.02644,0.929
-1.0242,0.9722
-1.02382,0.9985
-1.02358,0.982
-1.01964,0.849
-1.01736,0.2565
-1.01728,0.9691
-1.01684,0.6696
-1.01684,0.0705
-1.01646,0.2802
-1.01584,0.069
-1.01481,0.8886
-1.0148,0.1334
-1.00783,0.3073
-1.00396,0.2367
-0.99821,0.2599
-0.99799,0.9333
-0.99747,0.0789
-0.99388,0.9975
-0.99342,0.2911
-0.99241,0.9899
-0.9918,0.0713
-0.99071,0.559
-0.98993,0.9865
-0.98884,0.0779
-0.98369,0.2114
-0.98335,0.9951
-0.98287,0.8718
-0.9827,0.9875
-0.9796,0.999
-0.97835,0.4847
-0.97724,0.7031
-0.97589,0.0983
-0.9753,0.0754
-0.9716,0.4962
-0.96862,0.2598
-0.96762,0.3359
-0.96492,0.67
-0.96112,0.9752
-0.95928,0.8131
-0.95617,0.9994
-0.95281,0.1149
-0.95181,0.8578
-0.94974,0.9973
-0.94584,0.9982
-0.94268,0.8154
-0.94262,0.0782
-0.94161,0.2962
-0.94125,0.0902
-0.94106,0.6159
-0.94079,0.5907
-0.94022,0.1429
-0.93894,0.717
-0.93522,0.8879
-0.93105,0.9666
-0.92988,0.9245
-0.92761,0.1606
-0.92668,0.1234
-0.92584,0.8503
-0.92545,0.1767
-0.92368,0.8321
-0.92333,0.8394
-0.92123,0.8956
-0.9203,0.4812
-0.91898,0.9874
-0.91791,0.9913
-0.91787,0.5144
-0.91647,0.1592
-0.9148,0.5255
-0.91201,0.9186
-0.90994,0.9847
-0.90563,0.0897
-0.90036,0.2798
-0.89958,0.1077
-0.8987,0.9603
-0.89718,0.0916
-0.89419,0.5604
-0.89395,0.242
-0.89293,0.0575
-0.8917,0.3785
-0.89111,0.4686
-0.89104,0.1298
-0.89005,0.8001
-0.88947,0.1034
-0.88911,0.4052
-0.8885,0.4205
-0.88692,0.0602
-0.88687,0.286
-0.88614,0.1282
-0.88537,0.1071
-0.88463,0.9971
-0.88265,0.8696
-0.88259,0.1467
-0.88098,0.6904
-0.87845,0.1008
-0.87699,0.8731
-0.87541,0.0937
-0.87397,0.8711
-0.87346,0.344
-0.87311,0.999
-0.87102,0.2147
-0.86994,0.9968
-0.86669,0.8486
-0.86637,0.3825
-0.86383,0.1051
-0.86345,0.4612
-0.86156,0.1623
-0.85926,0.0993
-0.85724,0.2149
-0.85465,0.1033
-0.85386,0.6671
-0.85381,0.2723
-0.85239,0.8269
-0.85138,0.5639
-0.85018,0.9805
-0.85008,0.939
-0.84947,0.2087
-0.84765,0.1267
-0.84701,0.1263
-0.84514,0.139
-0.84492,0.1105
-0.84328,0.3306
-0.84294,0.5973
-0.84264,0.1221
-0.84085,0.1194
-0.84056,0.1243
-0.84019,0.3004
-0.83767,0.3073
-0.83659,0.218
-0.83635,0.1183
-0.83584,0.9009
-0.8344,0.1382
-0.82935,0.7497
-0.82928,0.1531
-0.82895,0.8108
-0.82776,0.1356
-0.82425,0.691
-0.82396,0.9743
-0.82394,0.9934
-0.8234,0.0883
-0.82288,0.6603
-0.82279,0.1111
-0.82268,0.1304
-0.82258,0.1494
-0.82232,0.9967
-0.82066,0.9843
-0.82063,0.246
-0.82003,0.901
-0.8199,0.4414
-0.81913,0.1068
-0.81876,0.7975
-0.81876,0.184
-0.81825,0.1254
-0.81786,0.9896
-0.81703,0.8254
-0.81474,0.8783
-0.81107,0.1618
-0.80729,0.7276
-0.80711,0.9968
-0.80221,0.1379
-0.80132,0.9959
-0.79616,0.9773
-0.79583,0.2016
-0.79544,0.7745
-0.79516,0.4286
-0.79456,0.1008
-0.79384,0.5159
-0.7938,0.9979
-0.79026,0.9727
-0.78875,0.9975
-0.78814,0.0665
-0.78735,0.1277
-0.78649,0.8565
-0.78552,0.8337
-0.77981,0.0829
-0.77784,0.9886
-0.77772,0.9488
-0.77647,0.0663
-0.77328,0.9777
-0.77073,0.9815
-0.76924,0.1007
-0.76831,0.0993
-0.76783,0.2081
-0.76507,0.7636
-0.76098,0.7601
-0.76077,0.0978
-0.76021,0.5319
-0.75995,0.9928
-0.75667,0.1327
-0.75549,0.9809
-0.75472,0.2812
-0.75252,0.9985
-0.75224,0.99
-0.74572,0.1623
-0.74363,0.9937
-0.7428,0.1744
-0.74157,0.9578
-0.74147,0.1608
-0.73898,0.1279
-0.7362,0.9975
-0.73616,0.9894
-0.73602,0.9862
-0.73521,0.2391
-0.73382,0.1432
-0.73276,0.1004
-0.73202,0.1596
-0.73039,0.9918
-0.72887,0.9873
-0.72858,0.139
-0.7282,0.1218
-0.72736,0.9952
-0.72713,0.1714
-0.72677,0.1836
-0.72605,0.9996
-0.72465,0.3451
-0.72032,0.9968
-0.7198,0.1924
-0.71944,0.2373
-0.718,0.1292
-0.71788,0.1341
-0.71743,0.1454
-0.71488,0.9946
-0.71461,0.4838
-0.71304,0.3118
-0.71281,0.2177
-0.71171,0.9771
-0.71112,0.9906
-0.70743,0.1588
-0.70621,0.0905
-0.70506,0.7936
-0.70086,0.9956
-0.69951,0.9699
-0.69867,0.6037
-0.69782,0.5656
-0.69754,0.0639
-0.69655,0.9846
-0.69639,0.1289
-0.69472,0.4044
-0.69423,0.9935
-0.69366,0.0802
-0.69324,0.2414
-0.69318,0.9593
-0.6899,0.9798
-0.68883,0.7391
-0.68603,0.9014
-0.68346,0.9987
-0.67777,0.1412
-0.67498,0.1901
-0.67433,0.9963
-0.67244,0.2393
-0.67236,0.9951
-0.67221,0.9588
-0.66851,0.3329
-0.66838,0.9955
-0.66684,0.9404
-0.66575,0.7934
-0.66539,0.8739
-0.66496,0.9364
-0.66441,0.0695
-0.66318,0.2897
-0.66054,0.7765
-0.65863,0.9871
-0.65672,0.8251
-0.65625,0.3844
-0.6562,0.0794
-0.65424,0.9961
-0.65392,0.2769
-0.65356,0.6364
-0.65137,0.7442
-0.65029,0.1212
-0.64997,0.6097
-0.6499,0.1688
-0.64811,0.1763
-0.64662,0.1699
-0.64587,0.1377
-0.64533,0.8835
-0.64515,0.0873
-0.64431,0.1643
-0.64393,0.4953
-0.64302,0.6877
-0.64053,0.9806
-0.64037,0.9275
-0.63869,0.5392
-0.63658,0.173
-0.63557,0.9938
-0.63483,0.997
-0.63263,0.2964
-0.63212,0.1205
-0.63076,0.923
-0.62979,0.3839
-0.62653,0.1527
-0.62579,0.474
-0.62547,0.0734
-0.62514,0.1905
-0.62144,0.4257
-0.6202,0.8834
-0.61989,0.0879
-0.61905,0.8992
-0.61896,0.9892
-0.61828,0.9487
-0.61739,0.1896
-0.61692,0.3399
-0.61626,0.9988
-0.61547,0.3838
-0.61545,0.9961
-0.61465,0.9273
-0.61274,0.6086
-0.6113,0.0746
-0.61021,0.9964
-0.60906,0.5692
-0.6066,0.9823
-0.60591,0.0991
-0.60539,0.7342
-0.6053,0.2226
-0.60525,0.1683
-0.60477,0.2109
-0.60178,0.9642
-0.60107,0.1053
-0.60082,0.0792
-0.60039,0.464
-0.60037,0.3196
-0.60024,0.3729
-0.59866,0.1571
-0.59836,0.9971
-0.59723,0.1574
-0.59611,0.9732
-0.59505,0.0801
-0.59411,0.9928
-0.59256,0.3392
-0.59096,0.2382
-0.59003,0.0757
-0.5893,0.35
-0.58923,0.1704
-0.58715,0.0834
-0.5865,0.5046
-0.58585,0.9929
-0.58482,0.9906
-0.58337,0.1224
-0.58333,0.124
-0.57961,0.9767
-0.57543,0.9952
-0.57518,0.9979
-0.57493,0.6657
-0.57474,0.4824
-0.57245,0.4213
-0.57199,0.9574
-0.57197,0.9974
-0.56835,0.9893
-0.56821,0.1846
-0.56769,0.362
-0.56768,0.0946
-0.5652,0.1044
-0.5652,0.9995
-0.56495,0.8975
-0.56422,0.935
-0.56206,0.2085
-0.56155,0.9826
-0.55844,0.888
-0.55817,0.2846
-0.55103,0.2102
-0.5495,0.9759
-0.5483,0.2175
-0.54796,0.1884
-0.54716,0.5474
-0.54613,0.5901
-0.54531,0.5346
-0.54375,0.8964
-0.54292,0.0638
-0.54043,0.188
-0.54032,0.9881
-0.53937,0.3122
-0.53825,0.3782
-0.53675,0.1601
-0.53668,0.1012
-0.53662,0.2259
-0.53653,0.0619
-0.53562,0.9511
-0.53443,0.9052
-0.53434,0.6301
-0.53246,0.2356
-0.52913,0.2236
-0.52823,0.149
-0.52819,0.3561
-0.52727,0.3601
-0.5249,0.9851
-0.52438,0.4651
-0.52349,0.9987
-0.52142,0.5192
-0.52136,0.6054
-0.52131,0.143
-0.51918,
-0.51687,0.2055
-0.51682,0.1422
-0.51475,0.5696
-0.51443,0.0894
-0.51312,0.9954
-0.51216,0.3152
-0.51178,0.0826
-0.51099,0.9046
-0.51011,0.0675
-0.51,0.9889
-0.50624,0.8319
-0.50534,0.6699
-0.50484,0.6339
-0.50468,0.9007
-0.50275,0.2662
-0.50129,0.6599
-0.50064,0.2268
-0.50004,0.9983
-0.49908,0.9648
-0.49586,0.9363
-0.49541,0.4592
-0.49513,0.9538
-0.49432,0.991
-0.49374,0.9112
-0.49265,0.9922
-0.48805,0.6967
-0.48802,0.0639
-0.48797,0.1035
-0.48532,0.9843
-0.48443,0.9728
-0.4835,0.1446
-0.48309,0.9913
-0.48288,0.133
-0.47989,0.2277
-0.47965,0.0868
-0.47832,0.3318
-0.47487,0.166
-0.47391,0.9985
-0.4712,0.3671
-0.46913,0.1116
-0.46737,0.0957
-0.46733,0.3739
-0.46719,0.074
-0.467,0.1425
-0.46692,0.7271
-0.46468,0.2899
-0.46141,0.803
-0.45873,0.1423
-0.45835,0.1377
-0.45828,0.898
-0.45808,0.1765
-0.45559,0.1401
-0.45317,0.2846
-0.45311,0.1181
-0.45276,0.1218
-0.45247,0.8333
-0.45128,0.8522
-0.44921,0.5907
-0.44895,0.1941
-0.44891,0.189
-0.44874,0.0747
-0.44835,0.4817
-0.44589,0.1251
-0.44302,0.4618
-0.43511,0.7103
-0.43417,0.15
-0.43337,0.1558
-0.43328,0.5784
-0.43316,0.9869
-0.43266,0.1258
-0.43266,0.0888
-0.43249,0.5188
-0.43224,0.9857
-0.42979,0.9508
-0.4279,0.0826
-0.42759,0.1034
-0.42723,0.208
-0.4267,0.9691
-0.42629,0.2383
-0.42587,0.9748
-0.42405,0.9661
-0.42177,0.1431
-0.42129,0.9972
-0.42075,0.1199
-0.42074,0.9926
-0.42059,0.937
-0.41962,0.118
-0.41954,0.2834
-0.41947,0.2022
-0.41842,0.1292
-0.41788,0.9737
-0.41745,0.9714
-0.41591,0.0746
-0.41449,0.1937
-0.41234,0.076
-0.41133,0.9179
-0.41115,0.1322
-0.41032,0.3211
-0.40984,0.1728
-0.40901,0.9479
-0.40777,0.9725
-0.40755,0.9777
-0.40302,0.9976
-0.4029,0.1721
-0.40123,0.1231
-0.40064,0.2059
-0.40053,0.2908
-0.39733,0.1497
-0.39673,0.9597
-0.39644,0.1837
-0.39613,0.9669
-0.39339,0.9653
-0.39266,0.7451
-0.39192,0.6152
-0.38815,0.4714
-0.3875,0.9954
-0.38737,0.0836
-0.38582,0.9994
-0.38306,0.0911
-0.38282,0.1005
-0.38251,0.0988
-0.38221,0.3921
-0.3816,0.0816
-0.3815,0.3017
-0.38063,0.9987
-0.37981,0.2362
-0.3785,0.4339
-0.3784,0.2773
-0.37692,0.22
-0.37468,0.0812
-0.37417,0.9732
-0.37121,0.1272
-0.37033,0.2078
-0.36856,0.1625
-0.3682,0.1652
-0.36793,0.4772
-0.36789,0.5153
-0.36761,0.1005
-0.3674,0.0918
-0.36713,0.2752
-0.36708,0.092
-0.36687,0.9947
-0.36499,0.9844
-0.36468,0.1607
-0.36448,0.1736
-0.36401,0.1602
-0.36378,0.1262
-0.36337,0.1283
-0.36299,0.0814
-0.36288,0.1098
-0.3625,0.1475
-0.36091,0.2143
-0.36055,0.1746
-0.3602,0.2647
-0.36013,0.995
-0.35777,0.8996
-0.35558,0.0974
-0.35499,0.2236
-0.35401,0.1124
-0.35294,0.1302
-0.35153,0.9915
-0.35132,0.377
-0.35127,0.0815
-0.35115,0.1701
-0.35094,0.9776
-0.3499,0.1575
-0.34779,0.9928
-0.34725,0.5766
-0.34702,0.8403
-0.347,0.2939
-0.34696,0.6228
-0.34657,0.9973
-0.34648,0.1228
-0.34426,0.9831
-0.34319,0.986
-0.34263,0.6949
-0.34172,0.5282
-0.34122,0.9949
-0.34061,0.4018
-0.34055,0.8339
-0.34013,0.245
-0.34007,0.7929
-0.33865,0.1137
-0.33669,0.1076
-0.33633,0.9748
-0.33308,0.9533
-0.33165,0.2558
-0.33127,0.9941
-0.33118,0.9694
-0.32959,0.5498
-0.32842,0.1174
-0.32819,0.4657
-0.32736,0.116
-0.3273,0.1223
-0.32517,0.1114
-0.32503,0.9656
-0.32419,0.9903
-0.32283,0.0717
-0.32193,0.6856
-0.31939,0.9968
-0.31797,0.9918
-0.31719,0.4272
-0.3153,0.2666
-0.31312,0.9687
-0.31288,0.1891
-0.31065,0.7743
-0.30978,0.9685
-0.30902,0.2187
-0.30556,0.1228
-0.3051,0.9557
-0.30446,0.9943
-0.30304,0.9818
-0.303,0.1324
-0.30265,0.3047
-0.3023,0.1059
-0.30229,0.1464
-0.30134,0.0653
-0.29996,0.9949
-0.29913,0.716
-0.29822,0.6072
-0.29707,0.3003
-0.29545,0.9986
-0.29475,0.1101
-0.29442,0.3329
-0.29415,0.2402
-0.29393,0.1209
-0.29157,0.9804
-0.2893,0.8386
-0.28868,0.1603
-0.28839,0.9512
-0.28778,0.2429
-0.28632,0.1543
-0.28482,0.8882
-0.28455,0.5271
-0.28316,0.518
-0.2831,0.6941
-0.28256,0.9742
-0.28239,0.9896
-0.28219,0.7473
-0.28159,0.0984
-0.2759,0.0799
-0.27465,0.1035
-0.27427,0.0755
-0.27416,0.6766
-0.27338,0.1507
-0.27325,0.0622
-0.27247,0.9903
-0.27152,0.8773
-0.2699,0.9314
-0.26901,0.082
-0.26892,0.7223
-0.26777,0.2119
-0.26679,0.6465
-0.26596,0.3719
-0.26243,0.9912
-0.26198,0.9763
-0.25871,0.1261
-0.25807,0.0723
-0.25803,0.6965
-0.25549,0.2415
-0.25546,0.9935
-0.25426,0.9973
-0.25246,0.1401
-0.25207,0.1848
-0.2513,0.5998
-0.24988,0.0648
-0.24978,0.6666
-0.24603,0.7982
-0.24406,0.6889
-0.24206,0.7706
-0.24126,0.1241
-0.24125,0.6797
-0.24085,0.9449
-0.24028,0.9694
-0.23926,0.1242
-0.23906,0.1082
-0.23867,0.2464
-0.23861,0.9729
-0.23824,0.127
-0.23788,0.9599
-0.23314,0.2334
-0.23293,0.5825
-0.23198,0.1597
-0.23187,0.9558
-0.23041,0.4163
-0.22987,0.2311
-0.22948,0.9909
-0.22806,0.4131
-0.22576,0.9738
-0.22559,0.1559
-0.22414,0.1058
-0.22387,0.7035
-0.22337,0.9663
-0.22334,0.9364
-0.21936,0.1187
-0.2192,0.7883
-0.21737,0.9896
-0.21723,0.0976
-0.2163,0.9869
-0.21592,0.1914
-0.21577,0.2338
-0.2157,0.7111
-0.21479,0.9535
-0.21338,0.1515
-0.21115,0.9814
-0.21047,0.9988
-0.21014,0.3642
-0.20916,0.4361
-0.20877,0.6151
-0.20846,0.994
-0.20827,0.8909
-0.20687,0.1442
-0.20672,0.1163
-0.20633,0.1732
-0.20497,0.9979
-0.20497,0.1077
-0.20306,0.1069
-0.20301,0.3481
-0.20286,0.2812
-0.20241,0.9975
-0.20116,0.1713
-0.198,0.9272
-0.19736,0.6467
-0.19699,0.9757
-0.19593,0.9192
-0.19466,0.9265
-0.19451,0.9694
-0.19385,0.992
-0.1936,0.2024
-0.1934,0.162
-0.19115,0.9968
-0.18974,0.0985
-0.18648,0.6957
-0.18617,0.9989
-0.18513,0.9992
-0.18375,0.2011
-0.18336,
-0.18305,0.8761
-0.18281,0.7569
-0.1813,0.2566
-0.17925,0.2757
-0.17652,0.175
-0.17312,0.1326
-0.17281,0.0873
-0.17208,0.2595
-0.1718,0.9229
-0.171,0.936
-0.16992,0.9948
-0.16989,0.1316
-0.16946,0.6184
-0.16945,0.0842
-0.1693,0.3278
-0.16762,0.0755
-0.16552,0.1041
-0.16155,0.2532
-0.16021,0.3539
-0.15779,0.7866
-0.15739,0.1059
-0.15647,0.308
-0.15637,0.9917
-0.15611,0.1076
-0.15567,0.1031
-0.15551,0.1276
-0.1542,0.9834
-0.1536,0.2893
-0.15295,0.9953
-0.1518,0.1679
-0.15124,0.3172
-0.15074,0.9647
-0.15013,0.9887
-0.1495,0.0814
-0.14923,0.1747
-0.14658,0.8707
-0.14629,0.9497
-0.14406,0.9938
-0.14332,0.2536
-0.14329,0.0949
-0.14043,0.1038
-0.14,0.216
-0.1386,0.8957
-0.1382,0.9645
-0.13549,0.8754
-0.13546,0.1673
-0.13414,0.6454
-0.13264,0.1165
-0.13235,0.8229
-0.13093,0.0995
-0.1297,0.1127
-0.12897,0.9976
-0.12648,0.9405
-0.12533,0.0877
-0.12292,0.3199
-0.12286,0.121
-0.12284,0.2162
-0.12173,0.1055
-0.12153,0.1598
-0.12068,0.665
-0.12059,0.1429
-0.11999,0.9231
-0.11376,0.2582
-0.11355,0.0634
-0.113,0.3252
-0.11083,0.6909
-0.10944,0.0757
-0.10932,0.1971
-0.10754,0.4718
-0.10714,0.2198
-0.10677,0.1303
-0.10361,0.1002
-0.10315,0.0674
-0.10311,0.7053
-0.1031,0.9613
-0.1023,0.1091
-0.09897,0.6858
-0.09837,0.9334
-0.09684,0.9235
-0.09576,0.5805
-0.09429,0.4036
-0.09395,0.0927
-0.09349,0.1435
-0.09348,0.1396
-0.09304,0.9951
-0.09202,0.8335
-0.09144,0.9799
-0.08925,0.5473
-0.0875,0.986
-0.08643,0.5351
-0.08494,0.0825
-0.08466,0.4021
-0.08453,0.1009
-0.08344,0.9793
-0.08196,0.2314
-0.08192,0.7657
-0.07876,0.9838
-0.07774,0.8797
-0.07723,0.864
-0.07666,0.836
-0.07656,0.5399
-0.07534,0.4688
-0.07456,0.0648
-0.07449,0.1429
-0.07446,0.9893
-0.07421,0.2501
-0.0715,0.9913
-0.07033,0.5049
-0.0699,0.9129
-0.06986,0.1221
-0.06806,0.1503
-0.06753,0.1573
-0.06379,0.1026
-0.06375,0.1472
-0.06367,0.1378
-0.06229,0.2522
-0.06191,0.1339
-0.06042,0.074
-0.0604,0.2978
-0.06019,0.3056
-0.05888,0.4907
-0.05858,0.7789
-0.05833,0.4189
-0.05781,0.1383
-0.05778,0.182
-0.05772,0.0666
-0.05717,0.2862
-0.05709,0.1534
-0.05631,0.1854
-0.05615,0.0941
-0.05507,0.0756
-0.05412,0.1317
-0.05365,0.4923
-0.05358,0.3905
-0.0532,0.1514
-0.05307,0.0807
-0.05251,0.1182
-0.05167,0.9746
-0.0511,0.3033
-0.05063,0.0704
-0.0499,0.6959
-0.04965,0.0922
-0.04963,0.854
-0.04661,0.0908
-0.0458,0.8413
-0.04486,0.1651
-0.0436,0.9318
-0.04317,0.995
-0.04282,0.1733
-0.04211,0.1559
-0.03855,0.1363
-0.03641,0.9935
-0.03557,0.0796
-0.03549,0.1852
-0.03506,0.182
-0.03363,0.3223
-0.0321,0.4925
-0.03048,0.9749
-0.0296,0.2983
-0.02632,0.9952
-0.02594,0.3431
-0.02269,0.9978
-0.02024,0.9814
-0.01994,0.3116
-0.01936,0.1206
-0.01876,0.1177
-0.01798,0.5503
-0.01663,0.3657
-0.01617,0.9895
-0.01603,0.0743
-0.01592,0.1238
-0.01573,0.9672
-0.01477,0.2236
-0.0147,0.7242
-0.0127,0.1481
-0.01248,0.4571
-0.01243,0.1496
-0.00973,0.4882
-0.00905,0.9469
-0.00816,0.5559
-0.00763,0.2052
-0.00628,0.1586
-0.00608,0.1444
-0.00598,0.5268
-0.00569,0.8368
-0.0056,0.9849
-0.00281,0.9499
-0.002,0.2752
-0.00102,0.2113
-0.00064,0.1262
-0.00036,0.1696
0.001686,0.1247
0.002548,0.7754
0.002915,0.3036
0.003717,0.9799
0.003753,0.9937
0.005218,0.3628
0.005912,0.1189
0.006397,0.2126
0.006687,0.9953
0.007223,0.6769
0.007345,0.6391
0.007415,0.0595
0.009486,0.0999
0.01073,0.8749
0.011169,0.1283
0.01163,0.1878
0.011869,0.4771
0.013521,0.978
0.014343,0.179
0.014357,0.8152
0.016316,0.2134
0.016376,0.2245
0.021577,0.1722
0.021771,0.1893
0.022116,0.9555
0.022449,0.1224
0.023502,0.1238
0.025031,0.6873
0.026099,0.4348
0.026196,0.9995
0.029705,0.7355
0.029839,0.7615
0.029952,0.885
0.030834,0.0812
0.031639,0.4784
0.032025,0.2164
0.032266,0.4424
0.032274,0.0775
0.032302,0.9918
0.032805,0.2762
0.0332,0.0926
0.033427,0.9971
0.035538,0.1407
0.036442,0.9694
0.038945,0.8651
0.039728,0.6362
0.039877,0.123
0.039958,0.0776
0.04011,0.847
0.040731,0.4919
0.041713,0.0714
0.041811,0.4668
0.041944,0.1331
0.043244,0.39
0.043496,0.9716
0.04352,0.9997
0.045856,0.1186
0.046939,0.4105
0.047296,0.9858
0.047606,0.8011
0.048283,0.0976
0.048758,0.9127
0.04892,0.1615
0.049844,0.089
0.051479,0.6311
0.052249,0.2538
0.052786,0.0684
0.052863,0.077
0.057364,0.1764
0.060199,0.2237
0.060791,0.1411
0.062581,0.9985
0.06488,0.4536
0.065005,0.1491
0.066003,0.4937
0.067093,0.6584
0.067767,0.0629
0.068998,0.8537
0.071538,0.303
0.071797,0.076
0.072062,0.9956
0.072085,0.9949
0.072341,0.2238
0.072884,0.9877
0.074839,0.1298
0.075145,0.8183
0.07627,0.1979
0.076729,0.0804
0.076807,0.7991
0.07703,0.8281
0.079365,0.1679
0.079586,0.1604
0.080185,0.6391
0.080341,0.2661
0.081114,0.1839
0.081153,0.1088
0.082027,0.2893
0.082118,0.299
0.082219,0.7337
0.083996,0.0746
0.085447,0.0911
0.085603,0.8328
0.087204,0.0781
0.087476,0.9409
0.088991,0.3023
0.090242,0.8586
0.090677,0.1232
0.091236,0.9397
0.09249,0.0982
0.092534,0.7645
0.092777,0.2445
0.093475,0.856
0.094757,0.9361
0.096229,0.9447
0.09725,0.1139
0.099719,0.2466
0.100531,0.8928
0.100921,0.0731
0.101236,0.9985
0.105135,0.8895
0.106285,0.4447
0.106666,0.1013
0.107528,0.7295
0.108212,0.9982
0.109485,0.4194
0.109995,0.9843
0.111697,0.9723
0.112197,0.9932
0.113194,0.9756
0.113688,0.9913
0.113966,0.1567
0.114355,0.5074
0.114573,0.1054
0.114653,0.996
0.115033,0.1008
0.115778,0.937
0.117042,0.1718
0.11819,0.1242
0.119696,0.3913
0.119851,0.9759
0.121189,0.995
0.122955,0.1182
0.12311,0.4482
0.124663,0.8098
0.124907,0.4882
0.12653,0.0718
0.12728,0.0995
0.128053,0.8994
0.129186,0.1423
0.129273,0.7235
0.129813,0.0992
0.130413,0.2509
0.131032,0.9996
0.131325,0.6688
0.133619,0.4514
0.133763,0.089
0.134136,0.9908
0.13477,0.145
0.134793,0.979
0.135926,0.7244
0.136487,0.5877
0.139441,0.1981
0.140946,0.206
0.141047,0.7512
0.14265,0.1155
0.144569,0.9869
0.144882,0.6974
0.145388,0.6572
0.145424,0.2019
0.145528,0.1361
0.147527,0.1636
0.147825,0.8268
0.148914,0.1143
0.1503,0.3165
0.150725,0.2401
0.151199,0.2031
0.151756,0.7779
0.152345,0.9514
0.154594,0.0726
0.155139,0.9971
0.155752,0.2894
0.156049,0.0937
0.156585,0.1575
0.156745,0.877
0.156937,0.5475
0.15828,0.2735
0.158281,0.2035
0.158428,0.2054
0.158543,0.7703
0.158601,0.9744
0.159805,0.5834
0.160471,0.066
0.160843,0.7989
0.161506,0.1094
0.162021,0.9977
0.162172,0.0972
0.162175,0.7084
0.163869,0.1278
0.164387,0.1147
0.16714,0.1718
0.168938,0.1777
0.170337,0.6131
0.170463,0.8474
0.170892,0.0771
0.172464,0.4633
0.17249,0.074
0.173578,0.9977
0.173948,0.2119
0.175635,0.7238
0.175818,0.9858
0.176041,0.8917
0.176806,0.0765
0.177397,0.9739
0.177927,0.1269
0.178196,0.6279
0.179127,0.2201
0.180102,0.0763
0.180184,0.1723
0.183457,0.084
0.184481,0.9833
0.184502,0.5875
0.18551,0.4563
0.185894,0.0906
0.187039,0.4657
0.187525,0.0837
0.18831,0.9601
0.188907,0.0681
0.189377,0.2928
0.189685,0.9891
0.191282,0.7321
0.191865,0.9936
0.194959,0.4827
0.195262,0.8617
0.195845,0.0944
0.196404,0.1182
0.196791,0.9655
0.196966,0.9883
0.196974,0.6426
0.198093,0.1929
0.19961,0.9496
0.200959,0.0989
0.201376,0.1108
0.201627,0.0927
0.202332,0.4048
0.203424,0.4773
0.203463,0.2037
0.203883,0.1143
0.203897,0.1013
0.205066,0.2258
0.206367,0.9091
0.208001,0.2725
0.210804,0.0835
0.212378,0.966
0.213384,0.9384
0.216465,0.2158
0.218441,0.0898
0.220127,0.155
0.220848,0.9987
0.22122,0.9935
0.22162,0.8923
0.221773,0.0899
0.223173,0.554
0.223666,0.2253
0.224159,0.1935
0.225625,0.2936
0.227222,0.8603
0.229054,0.1693
0.229231,0.2815
0.230251,0.9996
0.2305,0.144
0.231275,0.2392
0.2341,0.3148
0.234525,0.2455
0.234823,0.8516
0.234862,0.8609
0.2351,0.9985
0.235339,0.1685
0.235579,0.8848
0.236541,0.2683
0.237617,0.3948
0.238496,0.313
0.238672,0.998
0.240798,0.4865
0.241212,0.1295
0.243239,0.5161
0.2435,0.1319
0.243901,0.0982
0.244286,0.0907
0.244306,0.4565
0.244972,0.6328
0.246788,0.0735
0.248056,0.1588
0.250029,0.9431
0.250344,0.0941
0.250645,0.0716
0.251853,0.9559
0.251854,0.5214
0.25194,0.2135
0.25288,0.9664
0.253343,0.3275
0.253757,0.7082
0.253997,0.0758
0.254046,0.3705
0.254396,0.9912
0.254652,0.6935
0.256384,0.0995
0.257548,0.5668
0.257669,0.1529
0.25928,0.9959
0.25963,0.0757
0.25988,0.6335
0.260114,0.1446
0.260875,0.8133
0.260913,0.9791
0.261147,0.1072
0.261633,0.9743
0.26275,0.5087
0.263189,0.7943
0.263529,0.8129
0.266095,0.5869
0.266382,0.153
0.26811,0.9973
0.26815,0.5791
0.268421,0.2729
0.269307,0.9847
0.269739,0.9985
0.270992,0.9707
0.271079,0.1521
0.271666,0.4918
0.272302,0.0799
0.273035,0.3194
0.273691,0.1418
0.275621,0.0696
0.276068,0.1062
0.276068,0.0913
0.27671,0.8816
0.277438,0.0774
0.277893,0.1594
0.278292,0.2446
0.278426,0.0798
0.278979,0.9798
0.279018,0.9692
0.279206,0.5435
0.280067,0.0848
0.281613,0.9976
0.282038,0.7917
0.282422,0.1292
0.284942,0.9977
0.285141,0.8226
0.287657,0.5822
0.287996,0.1122
0.287999,0.9972
0.288223,0.1763
0.288683,0.9211
0.289578,0.4857
0.289603,0.1024
0.289862,0.173
0.289971,0.9203
0.29088,0.0818
0.291279,0.9145
0.293206,0.1271
0.2938,0.1127
0.293881,0.3921
0.295384,0.2419
0.295493,0.12
0.296109,0.6805
0.296408,0.1428
0.297676,0.2207
0.297925,0.8624
0.299353,0.0831
0.300553,0.1531
0.300667,0.9205
0.301242,
0.301405,0.0653
0.303045,0.1257
0.303347,0.1631
0.304831,0.1084
0.305031,0.2307
0.305348,0.2991
0.306182,0.2461
0.306197,0.0797
0.306414,0.9803
0.306414,0.4469
0.307003,0.9648
0.307048,0.4178
0.307205,0.9151
0.308625,0.898
0.308899,0.8238
0.308906,0.4839
0.310354,0.1022
0.311538,0.0847
0.31215,0.2695
0.312249,0.0803
0.31295,0.2473
0.313707,0.2626
0.314129,0.53
0.314607,0.1177
0.315623,0.3326
0.316108,0.2335
0.317577,0.1647
0.317988,0.1143
0.318431,0.3815
0.319669,0.1209
0.320047,0.8125
0.323326,0.1939
0.323396,0.1634
0.323657,0.9899
0.32491,0.9754
0.325462,0.8693
0.326338,0.4368
0.326489,0.0986
0.326996,0.9618
0.327696,0.0917
0.329047,0.0865
0.329111,0.8729
0.331098,0.1332
0.331148,0.4537
0.331574,0.6042
0.332149,0.9948
0.333887,0.078
0.334233,0.9596
0.33431,0.954
0.335553,0.9334
0.335613,0.0841
0.335937,0.8812
0.336064,0.9906
0.337707,0.4324
0.338819,0.9958
0.339572,0.5978
0.339888,0.7545
0.340787,0.9844
0.34112,0.1831
0.341225,0.1056
0.34169,0.9934
0.341828,0.2068
0.342001,0.9892
0.34222,0.1042
0.343386,0.113
0.344647,0.0782
0.344707,0.4
0.345034,0.1422
0.34731,0.0827
0.347753,0.3369
0.348417,0.9484
0.34873,0.9893
0.348871,0.9932
0.349863,0.8854
0.352283,0.0949
0.353525,0.0969
0.354064,0.2353
0.354204,0.1149
0.354468,0.973
0.354713,0.1087
0.355516,0.0855
0.35649,0.2635
0.357968,0.8516
0.360834,0.3706
0.361675,0.9922
0.361837,0.1122
0.362495,0.3102
0.36295,0.2196
0.363828,0.9974
0.36472,0.534
0.364891,0.964
0.364944,0.9224
0.36517,0.9489
0.365272,0.3299
0.365292,0.1555
0.36576,0.326
0.366117,0.0838
0.367627,0.7927
0.368458,0.1016
0.368505,0.1169
0.369072,0.9899
0.36965,0.8441
0.370813,0.0661
0.370854,0.1389
0.373187,0.0717
0.374659,0.1334
0.37545,0.1585
0.375489,0.2252
0.375895,0.9558
0.376314,0.1992
0.378986,0.6125
0.379226,0.883
0.38217,0.4902
0.382864,0.1704
0.384832,0.0888
0.384986,0.0896
0.385024,0.9822
0.386901,0.0758
0.387248,0.826
0.388174,0.1768
0.390532,0.1152
0.391229,0.6622
0.392194,0.3414
0.392246,0.5874
0.392566,0.1735
0.394417,0.9387
0.39453,0.9995
0.395232,0.1824
0.396632,0.1222
0.39688,0.9188
0.398039,0.0656
0.398138,0.1184
0.398481,0.9078
0.39866,0.1223
0.399048,0.2201
0.399188,0.0985
0.399448,0.4605
0.400472,0.4163
0.401609,0.0921
0.401994,0.1175
0.402732,0.9929
0.403111,0.1672
0.403654,0.1409
0.404263,0.1748
0.405087,0.997
0.406069,0.9815
0.406069,0.4228
0.406495,0.9629
0.40879,0.0921
0.408928,0.0941
0.409313,0.1149
0.409938,0.1503
0.41018,0.2278
0.410795,0.087
0.415641,0.9062
0.416225,0.1417
0.416857,0.1125
0.417372,0.0853
0.417749,0.9521
0.419238,0.9321
0.419337,0.9396
0.421754,0.1932
0.422699,0.9929
0.423582,0.101
0.424004,0.7692
0.42446,0.1118
0.425457,0.6118
0.425473,0.0583
0.425575,0.265
0.427864,0.9502
0.428198,0.0884
0.428921,0.2008
0.430054,0.1876
0.430475,0.074
0.431584,0.2547
0.432868,0.1734
0.434702,0.377
0.434944,0.3057
0.436127,0.96
0.436254,0.0956
0.436398,0.1896
0.436652,0.1368
0.437015,0.9908
0.437587,0.984
0.438925,0.1373
0.439587,0.0883
0.44164,0.8006
0.441669,0.9945
0.44171,0.0908
0.442097,0.1312
0.44278,0.9973
0.443323,0.4154
0.443615,0.5981
0.445105,0.9977
0.445221,0.9826
0.44883,0.2865
0.451899,0.0932
0.452028,0.9747
0.453195,0.9971
0.455948,0.2088
0.456212,0.456
0.457981,0.1098
0.458038,0.6074
0.45833,0.1086
0.458619,0.9583
0.459482,0.7346
0.46046,0.9947
0.461813,0.1371
0.462096,0.9965
0.462158,0.0777
0.462449,0.093
0.462544,0.1798
0.463016,0.6432
0.464079,0.1039
0.464414,0.7885
0.466957,0.9617
0.467289,0.7159
0.467379,0.5689
0.46738,0.252
0.469544,0.1161
0.469576,0.1532
0.470602,0.4351
0.470701,0.7038
0.47084,0.5506
0.472039,0.7105
0.472936,0.1931
0.473527,0.7168
0.473852,0.8994
0.474193,0.7877
0.474792,0.3052
0.47538,0.0752
0.476189,0.9743
0.476549,0.9829
0.477739,0.1283
0.479274,0.661
0.480126,0.9977
0.480493,0.2647
0.481125,0.1714
0.481618,0.9977
0.483091,0.1209
0.484012,0.1191
0.485112,0.12
0.485174,0.9964
0.485653,0.1563
0.486265,0.996
0.487326,0.514
0.488662,0.813
0.488666,0.996
0.489264,0.087
0.490313,0.2289
0.49033,0.3063
0.490353,0.1366
0.490677,0.8586
0.491149,0.7791
0.491344,0.4083
0.492218,0.9906
0.49333,0.1178
0.493911,0.1165
0.495057,0.9981
0.495164,0.1117
0.496541,0.9983
0.496542,0.0833
0.496932,0.123
0.496957,0.8326
0.496999,0.8008
0.498249,0.1505
0.498458,0.9625
0.498486,0.9985
0.499027,0.1165
0.499846,0.062
0.500062,0.2579
0.501575,0.1157
0.501853,0.3268
0.502547,0.1761
0.5027,0.1824
0.504751,0.0777
0.505261,0.5028
0.505711,0.0749
0.50604,0.9229
0.50758,0.7034
0.508115,0.8965
0.508193,0.3873
0.508287,0.0742
0.508783,0.7334
0.510467,0.9685
0.510737,0.8919
0.51144,0.2885
0.512293,0.621
0.513531,0.9807
0.513551,0.16
0.51487,0.37
0.515259,0.1283
0.51587,0.6264
0.518313,0.9707
0.522406,0.9771
0.522557,0.1956
0.52295,0.2689
0.524453,0.492
0.525927,0.4604
0.526533,0.7674
0.526791,0.0873
0.527032,0.4611
0.527817,0.2235
0.52798,0.7729
0.528598,0.9009
0.530904,0.2746
0.531667,0.9979
0.533357,0.7811
0.533387,0.3997
0.533562,0.1519
0.533998,0.6696
0.53536,0.5277
0.535778,0.1097
0.53601,0.9921
0.540099,0.1227
0.540244,0.9856
0.54042,0.4642
0.540641,0.4241
0.541731,0.9951
0.541925,0.6289
0.542509,0.178
0.542745,0.5558
0.544207,0.4795
0.54534,0.2761
0.545506,0.5165
0.546186,0.9467
0.548495,0.7106
0.549432,0.9733
0.549968,0.9898
0.551094,0.5705
0.551161,0.1867
0.55152,0.9919
0.553279,0.0801
0.553522,0.1367
0.555791,0.3733
0.555968,0.2777
0.556546,0.9956
0.5572,0.3228
0.559044,0.2002
0.56037,0.2321
0.560415,0.0807
0.560805,0.0824
0.561847,0.9581
0.561867,0.5333
0.562193,0.9848
0.56241,0.3683
0.562502,0.2422
0.562602,0.1136
0.564127,0.1066
0.564237,0.1643
0.564374,0.5481
0.564762,0.9858
0.569339,0.9841
0.571432,0.0827
0.571618,0.6681
0.57171,0.7049
0.573282,0.1063
0.573703,0.1226
0.578377,0.9513
0.578473,0.0774
0.57922,0.7424
0.579882,0.4585
0.580029,0.1703
0.580524,0.1143
0.581214,0.208
0.581516,0.528
0.582215,0.1183
0.584192,0.0878
0.584581,0.9652
0.585074,0.9719
0.585404,0.0858
0.586406,0.1895
0.587777,0.219
0.587927,0.1051
0.589162,0.2737
0.590573,0.8782
0.591334,0.3061
0.591564,0.1669
0.592015,0.2965
0.592174,0.3027
0.594025,0.7107
0.594159,0.0935
0.594326,0.0724
0.594823,0.1748
0.594928,0.299
0.596884,0.1377
0.597003,0.2594
0.597395,0.8323
0.598045,0.2059
0.598281,0.1297
0.598655,0.0797
0.599443,0.5156
0.600758,0.1323
0.601647,0.1455
0.60201,0.1045
0.602469,0.4818
0.602659,0.1747
0.602881,0.9842
0.60293,0.4767
0.604568,0.1027
0.607675,0.9984
0.609043,0.0728
0.609547,0.9733
0.609736,0.1027
0.609907,0.2107
0.610093,0.9499
0.611164,0.6502
0.611382,0.2939
0.613471,0.9869
0.613975,0.9776
0.61482,0.1871
0.615488,0.9096
0.615822,0.1821
0.616158,0.1158
0.616291,0.09
0.619377,0.9821
0.619759,0.9709
0.620502,0.5823
0.620979,0.7062
0.621863,0.1671
0.623009,0.7213
0.623035,0.4177
0.623305,0.9945
0.624622,0.1696
0.625029,0.5683
0.625165,0.9979
0.62599,0.5746
0.626229,0.6266
0.627156,0.2786
0.628646,0.2192
0.629139,0.1068
0.629311,0.069
0.629475,0.4279
0.629824,0.195
0.630961,0.9988
0.631135,0.3571
0.631982,0.4804
0.632802,0.0863
0.634666,0.1014
0.636149,0.2955
0.636816,0.3268
0.63727,0.8515
0.637499,0.1054
0.639835,0.1928
0.63998,0.998
0.640303,0.4377
0.640933,0.5487
0.641068,0.9939
0.641076,0.1744
0.641579,0.2608
0.641943,0.2562
0.64395,0.9803
0.644013,0.5461
0.645518,0.3838
0.646612,0.0874
0.647518,0.6995
0.648997,0.3916
0.649343,0.9044
0.650218,0.3202
0.652888,0.1562
0.654794,0.1344
0.655006,0.2725
0.655229,0.1637
0.656237,0.1577
0.656647,0.1142
0.65724,0.1549
0.657543,0.8599
0.657862,0.1191
0.658695,0.1062
0.661672,0.3576
0.662226,0.0977
0.663556,0.841
0.664944,0.0622
0.667207,0.2378
0.667343,0.0795
0.668568,0.108
0.670551,0.3159
0.67074,0.119
0.671068,0.1029
0.67241,0.6629
0.67391,0.3957
0.674426,0.4575
0.674667,0.0726
0.674824,0.1468
0.675309,0.1273
0.676747,0.9455
0.67735,0.9225
0.67852,0.505
0.678792,0.202
0.679559,0.4524
0.680878,0.1623
0.683577,0.2994
0.684225,0.0866
0.684947,0.1311
0.685453,0.9495
0.685456,0.1364
0.686534,0.1212
0.686832,0.8085
0.688639,0.1835
0.690481,0.0935
0.690501,0.1959
0.69085,0.4154
0.691637,0.6508
0.692915,0.2801
0.693466,
0.693473,0.3827
0.694136,0.1093
0.694431,0.0938
0.694528,0.1795
0.694828,0.2713
0.695485,0.2266
0.695594,0.0703
0.69571,0.9975
0.695724,0.3873
0.697769,0.0664
0.697949,0.699
0.69851,0.0868
0.698624,0.1046
0.700505,0.9906
0.700513,0.1576
0.700554,0.2428
0.700557,0.9144
0.703663,0.2432
0.705747,0.0839
0.705933,0.1965
0.707703,0.2695
0.707917,0.2333
0.709472,0.0985
0.710936,0.1485
0.712703,0.2527
0.71366,0.6994
0.713931,0.4483
0.71435,0.6373
0.714528,0.1159
0.715552,0.1796
0.716193,0.6467
0.716261,0.6867
0.716554,0.4287
0.71738,0.2949
0.718046,0.1032
0.718174,0.3707
0.718525,0.076
0.718536,0.2314
0.718542,0.587
0.718548,0.0905
0.719592,0.1165
0.719923,0.9864
0.720267,0.9975
0.720346,0.9937
0.723822,0.1169
0.724207,0.5466
0.724667,0.1221
0.725411,0.1254
0.726364,0.8171
0.726674,0.3991
0.72921,0.7449
0.729495,0.0837
0.732063,0.5867
0.73302,0.1569
0.734419,0.481
0.734979,0.5269
0.734987,0.2662
0.738581,0.1014
0.738988,0.1022
0.739137,0.9544
0.739458,0.0701
0.739976,0.9952
0.741231,0.3264
0.743038,0.9881
0.743423,0.1487
0.743965,0.269
0.744394,0.1515
0.745656,0.2531
0.746369,0.1562
0.74645,0.1567
0.74681,0.9476
0.747335,0.9908
0.747673,0.6788
0.75036,0.284
0.750503,0.408
0.750847,0.565
0.751967,0.4108
0.752569,0.0931
0.752591,0.1706
0.75287,0.1644
0.753024,0.9827
0.75371,0.9964
0.756405,0.4479
0.756918,0.1139
0.757183,0.9866
0.758949,0.0885
0.759185,0.163
0.760176,0.3652
0.760372,0.2893
0.761829,
0.763019,0.1798
0.763713,0.9097
0.763987,0.9786
0.765013,0.095
0.765659,0.181
0.766175,0.0533
0.767702,0.074
0.768904,0.8983
0.76931,0.9815
0.770622,0.0932
0.772751,0.0804
0.773581,0.6642
0.773646,0.1151
0.773743,0.189
0.774763,0.3703
0.776659,0.998
0.779125,0.874
0.779605,0.2306
0.77975,0.1681
0.780252,0.079
0.781139,0.9039
0.781583,0.8781
0.78215,0.0899
0.78221,0.0965
0.783118,0.0752
0.784281,0.199
0.784311,0.1583
0.787173,0.985
0.787655,0.2166
0.788804,0.4158
0.790371,0.9962
0.790942,0.2772
0.794921,0.9379
0.796314,0.0842
0.79852,0.1628
0.798972,0.0825
0.799116,0.2142
0.799242,0.0931
0.799919,0.0861
0.800443,0.3747
0.801076,0.0624
0.801109,0.566
0.801149,0.9627
0.80134,0.9973
0.801659,0.112
0.802528,0.0951
0.802996,0.2351
0.803173,0.1042
0.803227,0.7783
0.803626,0.7811
0.803716,0.1882
0.805352,0.5561
0.805373,0.1672
0.805924,0.1414
0.806066,0.9545
0.807614,0.2784
0.808159,0.0846
0.80893,0.8653
0.81077,0.9025
0.810965,0.1255
0.81138,0.1239
0.812172,0.9869
0.812378,0.0838
0.813814,0.9737
0.814154,0.4097
0.815022,0.2586
0.816737,0.1588
0.81951,0.2087
0.819608,0.1269
0.820375,0.9687
0.82056,0.0733
0.822995,0.9416
0.824212,0.7206
0.825659,0.9952
0.826449,0.3055
0.829238,0.0674
0.82991,0.0829
0.830455,0.8658
0.830482,0.2338
0.830852,0.1723
0.830914,0.1066
0.831472,0.1214
0.83197,0.1581
0.833346,0.9651
0.833634,0.6926
0.833667,0.1571
0.833759,0.1146
0.8341,0.2171
0.834478,0.1244
0.834489,0.1917
0.834743,0.8019
0.836105,0.8654
0.836467,0.1289
0.836609,0.1039
0.83797,0.2036
0.838081,0.766
0.83831,0.0855
0.83893,0.0853
0.83946,0.3604
0.841269,0.5011
0.842502,0.0785
0.843903,0.1608
0.845876,0.1412
0.846729,0.1817
0.846807,0.6571
0.847399,0.9779
0.847427,0.0405
0.847473,0.0527
0.847705,0.1816
0.848985,0.0872
0.849535,0.2029
0.852887,0.8715
0.853187,0.1431
0.853345,0.9949
0.853458,0.2698
0.855147,0.2389
0.856177,0.2196
0.857183,0.222
0.857786,0.0696
0.857896,0.8469
0.85923,0.0755
0.860233,0.5532
0.861076,0.2395
0.861636,0.402
0.863625,0.1436
0.864624,0.0882
0.864638,0.8973
0.865033,0.6446
0.865421,0.2006
0.866125,0.064
0.866132,0.6745
0.86808,0.2187
0.868243,0.1635
0.868348,0.6755
0.868426,0.1095
0.86888,0.2439
0.869643,0.0984
0.870497,0.7538
0.87165,0.9791
0.872849,0.8159
0.873097,0.9618
0.873452,0.9956
0.873885,0.1106
0.874676,0.9954
0.875119,0.3247
0.875124,0.0776
0.87568,0.8136
0.875697,0.7166
0.878458,0.8741
0.878465,0.1743
0.880186,0.9947
0.881021,0.9914
0.881599,0.9868
0.881869,0.55
0.882326,0.3632
0.882677,0.2949
0.884619,0.9769
0.884845,0.3425
0.886926,0.3168
0.891079,0.9816
0.892478,0.6657
0.893634,0.0972
0.894043,0.1021
0.895989,0.9919
0.896908,0.9925
0.900269,0.9521
0.901425,0.6055
0.904152,0.8927
0.904391,0.1599
0.90519,0.0799
0.906453,0.1235
0.906712,
0.908232,0.2951
0.910455,0.885
0.911329,0.8477
0.911377,0.1266
0.911472,0.7449
0.912285,0.1214
0.914302,0.9079
0.914339,0.1495
0.91736,0.1589
0.917367,0.9941
0.918049,0.5105
0.919487,0.9943
0.919644,0.9987
0.92026,0.24
0.921499,0.9143
0.922505,0.1753
0.923219,0.4428
0.923359,0.1275
0.924008,0.9968
0.924097,0.8747
0.925929,0.404
0.927834,0.9
0.928466,0.1195
0.930277,0.3019
0.930295,0.0847
0.930954,0.9836
0.931524,0.1183
0.932501,0.0674
0.932631,0.1948
0.933498,0.9781
0.934226,0.641
0.935267,0.0762
0.935548,0.2462
0.935759,0.982
0.935814,0.5082
0.936019,0.8138
0.937235,0.9881
0.939784,0.0984
0.939909,0.1163
0.940181,0.1949
0.941174,0.1141
0.941339,0.2393
0.94148,0.3675
0.94183,0.1963
0.942002,0.0874
0.942196,0.1062
0.943636,0.419
0.944982,0.1137
0.945054,0.0828
0.945739,0.5779
0.945837,0.1056
0.946718,0.188
0.9468,0.3157
0.950967,0.8825
0.9512,0.1048
0.95254,0.0726
0.953049,0.6632
0.953176,0.3025
0.953504,0.3422
0.953907,0.1764
0.954185,0.1465
0.954782,0.8332
0.956104,0.2878
0.956611,0.9935
0.956797,0.1105
0.957486,0.2233
0.957507,0.2966
0.957612,0.1037
0.95834,0.0663
0.958772,0.0578
0.958875,0.0878
0.959289,0.5216
0.960987,0.0738
0.962122,0.5413
0.962273,0.1848
0.962842,0.1292
0.965571,0.1315
0.966283,0.3756
0.966902,0.1309
0.96722,0.8993
0.968232,0.1098
0.971049,0.9339
0.971943,0.4081
0.973387,0.2415
0.974332,0.2054
0.975433,0.2087
0.976482,0.9351
0.976671,0.0647
0.977265,0.0849
0.977988,0.2025
0.979722,0.3491
0.980248,0.9892
0.981845,0.9822
0.983208,0.9981
0.984654,0.1178
0.986662,0.9884
0.989175,0.1436
0.989266,0.8741
0.99117,0.5135
0.992405,0.1959
0.992563,0.2317
0.993531,0.1301
0.994267,0.1097
0.994436,0.9657
0.995064,0.0802
0.995179,0.1057
0.998457,0.1281
1.000594,0.4407
1.001246,0.6931
1.002809,0.3262
1.007541,0.0799
1.008018,0.7506
1.009671,0.0856
1.010023,0.4494
1.010445,0.1261
1.010947,0.4317
1.01324,0.1013
1.013594,0.2098
1.014498,0.0976
1.014552,0.9723
1.015448,0.1557
1.016037,0.9925
1.016132,0.2175
1.016572,0.282
1.016654,0.1182
1.017589,0.4019
1.017702,0.155
1.018053,0.6156
1.019277,0.9843
1.019839,0.3703
1.021061,0.9978
1.021264,0.956
1.022238,0.8103
1.023861,0.5718
1.02445,0.2075
1.024648,0.1133
1.025289,0.164
1.026986,0.1955
1.028426,0.3301
1.028664,0.6234
1.029423,0.9641
1.029823,0.3291
1.031487,0.2209
1.031792,0.0975
1.032287,0.1484
1.0325,0.149
1.03316,0.0989
1.033752,0.1311
1.035423,0.8023
1.038388,0.156
1.039452,0.6738
1.039713,0.9797
1.039868,0.4443
1.040847,0.0826
1.042436,0.219
1.042524,0.6371
1.043607,0.0866
1.044313,
1.045547,0.9576
1.046195,0.9308
1.047045,0.2242
1.04938,0.8602
1.04955,0.2394
1.050747,0.1085
1.052261,0.5071
1.052392,0.2638
1.053831,0.4386
1.055231,0.7659
1.055517,0.0999
1.059757,0.2985
1.060083,0.8586
1.06025,0.0776
1.060786,0.9916
1.060992,0.1822
1.061817,0.1939
1.062103,0.6225
1.06246,0.0878
1.064052,0.0694
1.065035,0.3165
1.065427,0.9902
1.065751,0.982
1.066111,0.1034
1.066328,0.9643
1.067025,0.9847
1.067228,0.1936
1.068573,0.2441
1.071574,0.0957
1.072487,0.088
1.073002,0.1984
1.074278,0.2681
1.074316,0.3686
1.075478,0.5319
1.076047,0.0968
1.077584,0.4456
1.078506,0.9628
1.078963,0.3591
1.080615,0.9957
1.080751,0.0742
1.081845,0.5858
1.082493,0.9657
1.083073,0.3548
1.083833,0.2542
1.084661,0.2266
1.086,0.1211
1.089096,0.239
1.090612,0.8724
1.092953,0.0967
1.09372,0.1691
1.095576,0.4017
1.096989,0.7097
1.097365,0.8344
1.099374,0.3801
1.099927,0.2008
1.102568,0.3752
1.103283,0.7714
1.103806,0.5549
1.105376,0.9927
1.105486,0.9377
1.105629,0.4055
1.106827,0.066
1.107348,0.127
1.107675,0.9654
1.109617,0.1699
1.110375,0.9996
1.110419,0.1987
1.110732,0.0906
1.110826,0.0858
1.111046,0.433
1.111268,0.9887
1.112454,0.9875
1.113224,0.2197
1.113852,0.1189
1.114622,0.9862
1.114695,0.2527
1.115755,0.1318
1.116438,0.9858
1.11691,0.1634
1.121252,0.3218
1.12186,0.0734
1.124251,0.6011
1.124375,0.2775
1.124696,0.0877
1.12489,0.5762
1.125712,0.9947
1.126037,0.894
1.126216,0.9138
1.128793,0.2101
1.129184,0.956
1.130157,0.1901
1.130981,0.1662
1.132893,0.0952
1.133252,0.9796
1.134813,0.3151
1.135111,0.9891
1.135971,0.0785
1.137146,0.1644
1.138107,0.9974
1.139805,0.2593
1.14023,0.1375
1.140576,0.7859
1.140897,0.3526
1.141086,0.2159
1.141246,0.2303
1.14145,0.2924
1.145466,0.1058
1.145622,0.9816
1.145812,0.8738
1.147563,0.4657
1.150613,0.9274
1.154258,0.1308
1.154288,0.1475
1.154567,0.1031
1.154569,0.0871
1.155437,0.3247
1.155559,0.3854
1.156035,0.7393
1.156673,0.2156
1.158588,0.1946
1.159435,0.9895
1.160341,0.1594
1.162763,0.7475
1.16554,0.068
1.165685,0.3839
1.16597,0.0788
1.166973,0.0613
1.167537,0.088
1.16981,0.9991
1.171347,0.087
1.172041,0.1192
1.173857,0.2263
1.174072,0.1331
1.174738,0.9843
1.177155,0.1216
1.1779,0.3066
1.178933,0.3245
1.179885,0.3204
1.181006,0.3321
1.18123,0.1098
1.181428,0.9806
1.181751,0.9642
1.181842,0.3373
1.1821,0.1106
1.182356,0.9909
1.184485,0.0903
1.18585,0.1318
1.186354,0.1786
1.186857,0.9475
1.187473,0.0961
1.188478,0.2603
1.189134,0.1272
1.191459,0.1389
1.191684,0.2023
1.192565,0.1057
1.192891,0.1022
1.194552,0.9502
1.194565,0.1713
1.194871,0.7498
1.197389,0.4229
1.197644,0.8881
1.198627,0.0753
1.200024,0.4438
1.200824,0.9796
1.200896,0.276
1.200896,0.1355
1.201104,0.1157
1.203071,0.3202
1.203656,0.1335
1.204407,0.1489
1.2077,0.5615
1.207802,0.9762
1.210076,0.1489
1.210433,0.4894
1.21107,0.8501
1.214517,0.7327
1.216641,0.6156
1.217341,0.786
1.218794,0.8946
1.219357,0.0747
1.221656,0.267
1.222107,0.6219
1.222228,0.9339
1.223719,0.0826
1.225542,0.0945
1.225947,0.9963
1.226918,0.0664
1.229461,0.1315
1.229603,0.1222
1.23008,0.3744
1.231329,0.1133
1.231519,0.1235
1.231802,0.1605
1.233472,0.6412
1.235902,0.0908
1.240392,0.2774
1.240423,0.1403
1.241407,0.4135
1.243761,0.3932
1.243867,0.963
1.244677,0.2906
1.245385,0.7194
1.245422,0.1188
1.246295,0.936
1.246742,0.145
1.247161,0.1551
1.247165,0.1454
1.247411,0.5767
1.247791,0.0928
1.248004,0.1007
1.248112,0.1878
1.248858,0.1368
1.248892,0.1952
1.251928,0.7453
1.251938,0.777
1.252365,0.0635
1.252621,0.9301
1.256016,0.8337
1.256762,0.2468
1.256847,0.9901
1.257687,0.9299
1.258076,0.0846
1.261468,0.729
1.261868,0.1068
1.262404,0.1718
1.263733,0.9793
1.268397,0.0859
1.269752,0.1421
1.272782,0.456
1.273669,0.0964
1.273724,0.5607
1.275606,0.8916
1.27625,0.1243
1.276326,0.4593
1.278212,0.5103
1.278518,0.1741
1.280082,0.0934
1.280319,0.1347
1.28053,0.9924
1.281209,0.0951
1.28311,0.8059
1.286431,0.2929
1.28779,0.43
1.288282,0.7827
1.289336,0.9782
1.289409,0.2733
1.289648,0.9944
1.289676,0.4598
1.292265,0.9967
1.29373,0.2373
1.295909,0.6614
1.297052,0.995
1.298649,0.1015
1.298789,0.4595
1.300547,0.0919
1.301382,0.5778
1.304244,0.1195
1.306068,0.461
1.306562,0.566
1.306878,0.9519
1.307765,0.2528
1.308326,0.2212
1.311016,0.6869
1.311955,0.3289
1.313087,0.1212
1.313087,0.1107
1.313766,0.2992
1.313852,0.277
1.314173,0.13
1.314746,0.5611
1.315742,0.0855
1.316682,0.9981
1.316963,0.1159
1.318211,0.7886
1.319672,0.0843
1.320003,0.9488
1.320777,0.1445
1.321161,0.0936
1.321672,0.0732
1.322787,0.2264
1.32419,0.1666
1.324515,0.1305
1.325086,0.148
1.325774,0.258
1.326131,0.1224
1.328919,0.1698
1.329384,0.1416
1.329788,0.806
1.330719,0.4542
1.331445,0.6007
1.332535,0.1249
1.332751,0.9544
1.333615,0.1582
1.334282,0.1845
1.335049,0.0758
1.337407,0.9431
1.338028,0.0821
1.338109,0.1244
1.344575,0.12
1.347236,0.2941
1.347404,0.1138
1.348718,0.1196
1.350637,0.0851
1.352613,0.105
1.353525,0.2437
1.353773,0.1485
1.354525,0.9916
1.35512,0.4998
1.357292,0.7642
1.357871,0.6618
1.357939,0.9235
1.35845,0.4016
1.359051,0.0669
1.359137,0.6144
1.359926,0.1393
1.361081,0.8135
1.362484,0.0979
1.363305,0.071
1.365575,0.1454
1.367696,0.9893
1.368006,0.1046
1.369367,0.8962
1.369582,0.3271
1.369856,0.3249
1.369882,0.1962
1.371016,0.2055
1.371275,0.4511
1.3717,0.9113
1.372088,0.8571
1.372943,0.1292
1.373125,0.7474
1.374201,0.0894
1.374263,0.0699
1.37435,0.2087
1.376463,0.1905
1.376921,0.3408
1.378072,0.2718
1.378441,0.0781
1.380067,0.0585
1.380514,0.3021
1.380639,0.254
1.380794,0.4118
1.380892,0.1363
1.38136,0.9901
1.382441,0.0783
1.382799,0.8359
1.382814,0.9539
1.385703,0.1197
1.38664,0.3332
1.387448,0.8696
1.390075,0.7686
1.390785,0.2643
1.392296,0.9367
1.395971,0.116
1.396154,0.0903
1.396216,0.2777
1.397915,0.1438
1.398388,0.871
1.399076,0.491
1.399428,0.0819
1.401251,0.1499
1.402782,0.149
1.404167,0.9975
1.407022,0.1898
1.407511,0.1092
1.413044,0.4097
1.413853,0.4824
1.415949,0.572
1.418104,0.1791
1.418922,0.248
1.420588,0.1349
1.422321,0.2699
1.423713,0.2451
1.424686,0.3914
1.425155,0.1965
1.42664,0.0691
1.427032,0.1231
1.427604,0.3628
1.428566,0.6067
1.428988,0.494
1.432523,0.1817
1.433867,0.149
1.43432,0.5241
1.434524,0.1691
1.435879,0.994
1.436066,0.159
1.439363,0.22
1.440243,0.2434
1.440464,0.2172
1.440703,0.5476
1.441258,0.4473
1.442895,0.1067
1.442953,0.0949
1.444554,0.1508
1.444797,0.1281
1.445664,0.9067
1.448419,0.388
1.451033,0.1179
1.453006,0.0952
1.453333,0.9389
1.453437,0.2817
1.454511,0.9816
1.45508,0.8626
1.456166,0.3249
1.460979,0.6013
1.461155,0.996
1.461872,0.4722
1.461882,0.9981
1.462654,0.1282
1.464696,0.1696
1.465697,0.0825
1.465776,0.7973
1.466006,0.9457
1.46802,0.9985
1.468406,0.9929
1.47234,0.1601
1.474507,0.9908
1.477051,0.8958
1.47864,0.9235
1.48043,0.7312
1.481676,0.9933
1.482184,0.9621
1.48606,0.3575
1.486787,0.9142
1.487086,0.5764
1.489814,0.9668
1.490726,0.7478
1.494079,0.3198
1.494232,0.1925
1.495043,0.1489
1.496384,0.5025
1.496813,0.0675
1.498702,0.0782
1.499039,0.1055
1.499758,0.0793
1.499899,0.9677
1.500366,0.1028
1.502226,0.2214
1.503429,0.0906
1.50351,0.0792
1.503905,0.2159
1.507293,0.1593
1.508012,0.2418
1.508199,0.178
1.50822,0.1057
1.509024,0.1226
1.509196,0.0719
1.511715,0.9753
1.511777,0.087
1.512407,0.9829
1.512932,0.8836
1.514156,0.1954
1.515329,0.1247
1.515337,0.3352
1.517466,0.2725
1.519153,0.9822
1.519178,0.413
1.519372,0.7602
1.521301,0.5295
1.521566,0.9466
1.521781,0.1244
1.522658,0.1504
1.523338,0.8882
1.526993,0.0724
1.528112,0.1589
1.528772,0.1179
1.528899,0.875
1.529301,0.2587
1.529606,0.2546
1.529658,0.2161
1.529704,0.6646
1.530482,0.2961
1.531039,0.1066
1.532818,0.0918
1.533311,0.0842
1.533504,0.3334
1.534468,0.9952
1.535398,0.1144
1.536634,0.9826
1.537628,0.9785
1.538448,0.8296
1.54187,0.9862
1.54237,0.125
1.544128,0.1544
1.546115,0.7952
1.549803,0.1619
1.555033,0.0973
1.555752,0.8995
1.555877,0.0766
1.556367,0.0617
1.557742,0.0932
1.557775,0.1582
1.558424,0.8398
1.558507,0.137
1.558753,0.8609
1.560117,0.1596
1.560906,0.2346
1.561145,0.2132
1.565701,0.2108
1.567722,0.4533
1.567784,0.0826
1.568767,0.2488
1.570834,0.0739
1.570892,0.1403
1.571716,0.3936
1.572274,0.5655
1.575763,0.7491
1.576351,0.2954
1.578821,0.1786
1.581431,0.9985
1.581904,0.9951
1.582444,0.6826
1.583125,0.0852
1.584132,0.0726
1.586869,0.9957
1.587168,0.3211
1.588855,0.1101
1.589218,0.0796
1.593047,0.302
1.593182,0.2937
1.59353,0.0648
1.594909,0.0987
1.595101,0.997
1.595146,
1.596242,0.1123
1.598237,0.669
1.599465,0.2888
1.599995,0.0677
1.601186,0.1294
1.602138,0.4624
1.602959,0.5838
1.604319,0.1667
1.60465,0.9976
1.605007,0.9863
1.606699,0.9003
1.609952,0.3534
1.61028,0.2976
1.610343,0.5603
1.613016,0.0849
1.61387,0.41
1.615647,0.0859
1.616567,0.4427
1.617463,0.1563
1.620517,0.3121
1.620583,0.1965
1.621686,0.6594
1.623011,0.1045
1.623491,0.1378
1.623599,0.0826
1.623742,0.0726
1.623762,0.405
1.624561,0.9967
1.62486,0.1149
1.626844,0.5243
1.62812,0.9599
1.628138,0.998
1.628518,0.1321
1.629681,0.1255
1.63071,0.1306
1.631173,0.7107
1.633545,0.054
1.633986,0.0746
1.634841,0.9687
1.635405,0.1514
1.637379,0.3469
1.637582,0.1652
1.637874,0.2058
1.641603,0.0769
1.643666,0.1016
1.647575,0.9871
1.649688,0.1629
1.65007,0.1399
1.650751,0.3234
1.653078,0.9479
1.653331,0.1946
1.653447,0.1212
1.653583,0.0964
1.654008,0.1364
1.654981,0.1307
1.656273,0.9735
1.656803,0.1549
1.658066,0.4609
1.65843,0.0904
1.662321,0.8803
1.662448,0.6063
1.663205,0.4697
1.663714,0.1126
1.666396,0.1143
1.670995,0.1369
1.6721,0.2601
1.672758,0.9975
1.673614,0.0784
1.674448,0.1027
1.675356,0.1887
1.676544,0.0855
1.678176,0.1178
1.678911,0.073
1.687502,0.4606
1.688001,0.124
1.688007,0.1209
1.688628,0.6358
1.690795,0.7234
1.692147,0.1524
1.692191,0.1022
1.692979,0.0781
1.694979,0.4009
1.695081,0.0841
1.695162,0.1471
1.695423,0.2151
1.696816,0.063
1.700097,0.1961
1.70036,0.9753
1.701616,0.2242
1.701642,0.1039
1.702269,0.0839
1.704195,0.6073
1.704761,0.0945
1.70696,0.2537
1.708149,0.1802
1.712241,0.0717
1.712307,
1.712888,0.2594
1.71398,0.9136
1.717187,0.2353
1.717725,0.0775
1.71831,0.3942
1.719869,0.3318
1.720181,0.1244
1.722813,0.0674
1.72349,0.9737
1.72366,0.133
1.723675,0.1357
1.724657,0.6178
1.724809,0.0703
1.727529,0.9887
1.727887,0.1151
1.728661,0.0907
1.730638,0.6937
1.733208,0.2188
1.733836,0.2514
1.735141,0.1409
1.736234,0.2545
1.736974,0.0779
1.739205,0.201
1.741015,0.998
1.74129,0.1834
1.741561,0.6874
1.743228,0.0795
1.74422,0.2463
1.746819,0.1063
1.747562,0.1059
1.748173,0.0748
1.748812,0.0819
1.749414,0.7657
1.749682,0.1409
1.751588,0.3285
1.753018,0.1241
1.755233,0.2265
1.75578,0.3102
1.756651,0.1063
1.758488,0.0602
1.758527,0.99
1.759926,0.1651
1.760379,0.5796
1.768508,0.1543
1.769129,0.9676
1.769354,0.9876
1.769656,0.771
1.771393,0.0899
1.773184,0.1948
1.773469,0.3237
1.775306,0.2995
1.775901,0.1075
1.780682,0.3304
1.781267,0.1138
1.782246,0.0879
1.783257,0.0749
1.785485,0.1819
1.785529,0.1477
1.787225,0.0871
1.787287,0.9788
1.78821,0.1119
1.791172,0.9975
1.793207,0.9955
1.794131,0.735
1.794149,0.3021
1.794851,0.0622
1.79837,0.2559
1.800031,0.082
1.800082,0.5927
1.800416,0.19
1.800848,0.6505
1.800886,0.5467
1.803053,0.2698
1.803101,0.9126
1.806559,0.1282
1.806867,0.1856
1.808199,0.1552
1.808254,0.1806
1.810466,0.8093
1.811832,0.1891
1.812526,0.0814
1.812551,0.9674
1.818934,0.9944
1.821457,0.0595
1.823553,0.2803
1.823633,0.1089
1.823643,0.1336
1.825594,0.1032
1.825797,0.1794
1.829437,0.1362
1.831454,0.4228
1.83255,0.225
1.83391,0.9928
1.833958,0.0838
1.834057,0.9891
1.834342,0.6461
1.834525,0.2466
1.83744,0.7843
1.839473,0.7178
1.840685,0.9974
1.841875,0.3296
1.842012,0.0785
1.843405,0.4771
1.844608,0.4067
1.844637,0.075
1.845292,0.2875
1.846653,0.9976
1.847594,0.2355
1.847832,0.0888
1.848661,0.5597
1.850856,0.3045
1.854245,0.1933
1.858215,0.9484
1.858661,0.0997
1.861618,0.6734
1.862638,0.1324
1.862919,0.1005
1.863797,0.9781
1.864751,0.9985
1.865046,0.4738
1.865077,0.1025
1.868124,0.1396
1.869008,0.1362
1.873803,0.1183
1.874304,0.8487
1.875207,0.1576
1.875479,0.1642
1.875506,0.0841
1.881084,0.0678
1.881091,0.4026
1.883553,0.1855
1.883873,0.2474
1.884686,0.1202
1.885825,0.1082
1.885995,0.2551
1.8861,0.8261
1.886239,0.1436
1.889633,0.1397
1.889655,0.2313
1.894536,0.75
1.894552,0.1803
1.8947,0.1534
1.8982,0.8483
1.89878,0.6627
1.89949,0.2507
1.899691,0.145
1.901601,0.0762
1.90196,0.1302
1.902362,0.0923
1.903405,0.4696
1.904505,0.2216
1.905001,0.1068
1.908313,0.1446
1.909059,0.2701
1.910529,0.9454
1.912442,0.0908
1.916851,0.9978
1.917057,0.9574
1.926503,0.1558
1.928787,0.6029
1.929,0.174
1.930262,0.1039
1.930476,0.3018
1.932076,0.0974
1.932598,0.2884
1.932991,0.1396
1.933682,0.1376
1.936341,0.1635
1.93681,0.1626
1.938364,0.1749
1.941582,0.0998
1.942754,0.5698
1.948166,0.0988
1.950309,0.1457
1.951719,0.2097
1.952545,0.9702
1.95642,0.1452
1.960179,0.7036
1.964312,0.1109
1.9679,0.0907
1.968044,0.5861
1.974052,0.4455
1.97476,0.1194
1.976294,0.9594
1.977495,0.198
1.978575,0.1564
1.978659,0.1196
1.982391,0.9587
1.984114,0.1301
1.987041,0.1014
1.993051,0.1372
1.99357,0.1358
1.999591,0.9959
2.000141,0.2948
2.000955,0.1134
2.002533,0.1313
2.002855,0.1363
2.00497,0.9427
2.006531,0.2122
2.00926,0.1172
2.009496,0.9971
2.010599,0.1639
2.012465,0.2694
2.012716,0.5884
2.013336,0.058
2.015215,0.3076
2.017246,0.2443
2.017389,0.3018
2.020211,0.8709
2.021498,0.1072
2.022189,0.8201
2.026431,0.8998
2.028228,0.0943
2.033191,0.3102
2.033718,0.2564
2.03457,0.2603
2.034767,0.987
2.037084,0.9269
2.037334,0.9528
2.040118,0.0433
2.052982,0.4664
2.054483,0.0863
2.055779,0.7777
2.058463,0.1454
2.060196,0.087
2.0664,0.1342
2.071754,0.9052
2.076805,0.7132
2.079664,0.5532
2.080549,0.9571
2.082552,0.2454
2.088598,0.1163
2.091744,0.5572
2.092071,0.0847
2.092433,0.0823
2.098927,0.2617
2.099542,0.0796
2.104209,0.0876
2.110231,0.0998
2.11056,0.1505
2.110576,0.1241
2.112283,0.1218
2.114831,0.1711
2.116077,0.098
2.116406,0.0782
2.118562,0.0977
2.122612,0.9113
2.124348,0.1086
2.131,0.1083
2.132164,0.8711
2.132686,0.5977
2.134531,0.1246
2.137919,0.2407
2.140417,0.6098
2.1409,0.1573
2.141522,0.2486
2.14421,0.1851
2.144354,0.4601
2.150209,0.9605
2.152398,0.2173
2.152581,0.9822
2.159815,0.4272
2.159834,0.3659
2.160243,0.1192
2.160284,0.4428
2.161722,0.2855
2.166542,0.0971
2.167073,0.0962
2.16932,0.2275
2.175343,0.0755
2.178719,0.0684
2.17933,0.1457
2.182921,0.1622
2.192707,0.1787
2.19479,0.0721
2.19878,0.5711
2.200213,0.0945
2.200587,0.4152
2.20316,0.2511
2.207811,0.653
2.208374,0.4304
2.213752,0.9349
2.213758,0.2178
2.215474,0.9928
2.218807,0.1856
2.219381,0.6327
2.225581,0.0779
2.227066,0.5386
2.228154,0.3158
2.231314,0.3141
2.233023,0.1762
2.236106,0.1004
2.248617,0.1566
2.249622,0.0997
2.251513,0.1811
2.25278,0.0709
2.257066,0.1352
2.259486,0.0846
2.261611,0.0682
2.264226,0.9202
2.268163,0.0989
2.268637,0.1947
2.269776,0.3885
2.272319,0.1309
2.277001,0.8126
2.277481,0.9052
2.280963,0.0857
2.286052,
2.293052,0.0804
2.294238,0.113
2.296581,0.1472
2.296778,0.1516
2.297837,0.4229
2.300095,0.1088
2.303766,0.2113
2.303839,0.5524
2.306027,0.4013
2.309145,0.9938
2.31521,0.3423
2.320978,0.1279
2.323192,0.9262
2.323502,0.0994
2.327807,0.0871
2.330863,0.9277
2.331399,0.0682
2.331893,0.8536
2.337137,0.1119
2.338207,0.9814
2.344408,0.1676
2.344841,0.1521
2.346723,0.6251
2.346726,0.1695
2.350346,0.2354
2.352126,0.4789
2.357215,0.1766
2.358523,0.1194
2.367369,0.0885
2.370025,0.0846
2.371521,0.1847
2.376243,0.3
2.379378,0.0864
2.380167,0.403
2.38121,0.8349
2.382079,0.2414
2.382647,0.1015
2.384164,0.1173
2.385003,0.6498
2.385655,0.5056
2.387265,0.156
2.387621,0.0607
2.388693,0.3119
2.391137,0.1534
2.392206,0.0848
2.392693,
2.394756,0.4586
2.397858,0.1008
2.400574,0.1955
2.408482,0.1224
2.409882,0.612
2.418762,0.9741
2.424076,0.4831
2.428339,0.1877
2.430376,0.4328
2.431716,0.2229
2.442215,0.2185
2.443813,0.3933
2.447636,0.2014
2.453055,0.1064
2.460113,0.1786
2.463181,0.0767
2.464619,0.9963
2.466257,0.5296
2.467213,
2.470107,0.7857
2.471567,0.1353
2.473875,0.0981
2.473961,0.2952
2.478665,0.1414
2.481399,0.2447
2.481629,0.2422
2.484193,
2.488809,0.4902
2.48888,0.0731
2.492096,0.1078
2.493655,0.3086
2.496753,0.5797
2.501494,0.129
2.506464,0.2099
2.511953,0.1392
2.513066,0.1194
2.516346,0.9679
2.520439,0.0735
2.520724,0.3819
2.52437,0.0751
2.534134,0.1309
2.544038,0.103
2.54589,0.8202
2.546481,0.7034
2.55079,0.192
2.565972,0.8619
2.57714,0.1494
2.577387,0.1878
2.57819,0.9807
2.589832,0.1341
2.590067,0.9387
2.591355,0.9922
2.592309,0.1154
2.592388,0.5262
2.595453,0.0953
2.597188,0.2309
2.598876,0.1157
2.599271,0.089
2.602783,0.0934
2.610271,0.07
2.610875,0.0552
2.62057,0.0848
2.627595,0.9732
2.627796,0.2352
2.630032,0.1138
2.640055,0.0849
2.645369,0.9976
2.65035,0.5564
2.654553,0.0992
2.655211,
2.660143,0.9964
2.663074,0.173
2.663732,0.7435
2.6669,0.1409
2.670261,0.1716
2.672748,0.1629
2.677185,0.2456
2.683018,0.0805
2.693973,0.1356
2.695669,0.187
2.721222,0.3111
2.722631,0.9793
2.735797,0.6615
2.740963,0.1388
2.756668,0.6487
2.764682,0.2327
2.766803,0.3065
2.769708,0.2735
2.772375,0.0915
2.782493,0.0865
2.789298,0.1129
2.798945,0.0883
2.800314,0.6711
2.801717,0.1379
2.807277,0.9065
2.809341,0.6043
2.810136,0.5538
2.813711,0.9773
2.816572,0.1029
2.821627,0.1025
2.82281,0.9716
2.850606,0.1551
2.850731,0.9986
2.866768,0.1781
2.867553,0.1426
2.871867,0.8304
2.872549,0.0765
2.875986,0.2466
2.885628,0.1116
2.894971,0.1102
2.901893,0.8832
2.902329,0.9856
2.906435,0.1109
2.91754,0.1341
2.920104,0.9584
2.927633,0.5652
2.928031,0.536
2.936812,0.1005
2.943109,0.107
2.94366,0.1444
2.94983,0.1316
2.951947,0.1715
2.960442,0.09
2.967671,0.081
2.971626,0.4056
2.97498,0.9941
2.984288,0.3727
2.9922,0.1317
2.995068,0.251
3.010819,0.4194
3.023793,0.1032
3.046023,0.735
3.058561,0.1007
3.064734,0.1733
3.067671,0.6318
3.07421,0.1978
3.080905,0.2712
3.083415,0.1903
3.11645,0.2315
3.123742,0.2834
3.129841,0.3662
3.130609,0.9322
3.131906,0.996
3.149977,0.2206
3.153588,0.1808
3.153972,0.7049
3.159608,0.7915
3.178806,0.1328
3.186963,0.1105
3.197824,0.2627
3.200167,0.2316
3.201364,0.2123
3.211275,0.2725
3.212913,0.1688
3.220521,0.087
3.251097,0.0938
3.257835,0.4562
3.283055,0.2181
3.286204,0.9588
3.321242,0.945
3.32787,0.1755
3.378254,0.9993
3.39949,0.0687
3.446047,0.1613
3.462364,0.763
3.479937,0.0809
3.55821,0.0792
3.584719,0.0856
3.58757,0.647
3.644936,0.2384
3.655312,0.8104
3.711472,0.31
3.724134,0.4133
3.772085,0.5861
3.779845,0.0805
3.781241,0.1416
3.810693,0.8732
3.862611,0.2441
4.109491,0.1439
4.180941,0.3521
4.182369,0.2357
4.192545,0.1492
4.192711,0.3876
4.215297,0.2215
4.74002,0.1571
5.591945,0.1958
5.827563,0.1546
6.190803,0.4944
7.913073,0.169
,0.5075
,0.0919
,0.8973
,0.5213
,0.9887
,0.9348
,0.9592
,0.9972
,0.9819
,0.6204
,0.1615
,0.6804
,0.3756
,0.0983
,0.0846
,0.0971
,0.6003
,0.0828
,0.0884
,0.2648
,0.0968
,0.1373
,0.0844
,0.1638
,0.0845
,0.6669
,0.1173
,0.4254
,0.0904
,0.0722
,0.0826
,0.0888
,0.223
,0.1262
,0.1374
,0.0775
,0.3631
,0.3977
,0.3891
,0.5091
,0.2901
,0.375
,0.1483
,0.4119
,0.1275
,0.0983
,0.2863
,0.1257
,0.1245
,0.211
,0.2287
,0.0854
,0.1674
,0.0941
,0.1505
,0.9764
,0.9829
,0.082
,0.2135
,0.2531
,0.4135
,0.0759
,0.9597
,0.997
,0.7686
,0.1531
,0.641
,0.4832
,0.9728
,0.9896
,0.097
,0.1298
,0.0936
,0.1369
,0.1237
,0.2253
,0.2378
,0.3928
,0.2146
,0.3979
,0.5593
,0.9729
,0.9718
,0.2402
,0.9947
,0.5609
,0.2132
,0.1921
,0.1411
,0.9558
,0.9794
,0.4117
,0.9992
,0.7782
,0.9982
,0.9987
,0.9865
,0.9949
,0.998
,0.2478
,0.9814
,0.0754
,0.1861
,0.7439
,0.9615
,0.5374
,0.9933
,0.2011
,0.1175
,0.2461
,0.258
,0.9913
,0.9985
,0.9917
,0.9987
,0.988
,0.0691
,0.2263
,0.1573
,0.3538
,0.1279
,0.2108
,0.2315
,0.9748
,0.1098
,0.1711
,0.088
,0.1899
,0.1712
,0.139
,0.0919
,0.0804
,0.1985
,0.2454
,0.0863
,0.122
,0.9427
,0.9925
,0.0995
,0.4945
,0.2154
,0.8893
,0.3317
,0.7186
,0.541
,0.9833
,0.9907
,0.994
,0.658
,0.5128
,0.3646
,0.9897
,0.9985
,0.9983
,0.9902
,0.4276
,0.9986
,0.9885
,0.9997
,0.9964
,0.9956
,0.9994
,0.243
,0.9319
,0.9998
,0.989
,0.9958
,0.9852
,0.9817
,0.9756
,0.1497
,0.2527
,0.9416
,0.9988
,0.2378
,0.997
,0.2203
,0.0565
,0.9696
,0.0968
,0.0942
,0.1648
,0.2015
,0.4046
,0.2191
,0.0737
,0.1129
,0.9897
,0.9963
,0.9926
,0.292
,0.9893
,0.9875
,0.9969
,0.9961
,0.9223
,0.8098
,0.9989
,0.9988
,0.1851
,0.9818
,0.9628
,0.9851
,0.7457
,0.9892
,0.9917
,0.9981
,0.0893
,0.1561
,0.2204
,0.2314
,0.535
,0.995
,0.9989
,0.9981
,0.69
,0.9335
,0.1798
,0.279
,0.8164
,0.161
,0.202
,0.1755
,0.4432
,0.1249
,0.1528
,0.1764
,0.1259
,0.0696
,0.1035
,0.1927
,0.0696
,0.3257
,0.7354
,0.445
,0.8836
,0.754
,0.7783
,0.9849
,0.4026
,0.6169
,0.4868
,0.1497
,0.5783
,0.9617
,0.1108
,0.6357
,0.8283
,0.8821
,0.8717
,0.8976
,0.5185
,0.0739
,0.1298
,0.1249
,0.8497
,0.6253
,0.9933
,0.7687
,0.9965
,0.1033
,0.3104
,0.9583
,0.4654
,0.9965
,0.9933
,0.9699
,0.8225
,0.2943
,0.0907
,0.28
,0.2059
,0.9693
,0.0977
,0.2398
,0.1284
,0.9924
,0.9977
,0.743
,0.6584
,0.1772
,0.0555
,0.0859
,0.2119
,0.1996
,0.156
,0.5032
,0.4426
,0.1544
,0.125
,0.3461
,0.9952
,0.8686
,0.9594
,0.6973
,0.0936
,0.3854
,0.2104
,0.9901
,0.7987
,0.96
,0.9306
,0.9134
,0.112
,0.2239
,0.4195
,0.1407
,0.2587
,0.2073
,0.8289
,0.1196
,0.1116
,0.1056
,0.8514
,0.1385
,0.8748
,0.0933
,0.9089
,0.1681
,0.232
,0.1477
,0.1388
,0.4539
,0.1949
,0.7422
,0.939
,0.882
,0.13
,0.7447
,0.9802
,0.8491
,0.7045
,0.9953
,0.9918
,0.9723
,0.9277
,0.0678
,0.0798
,0.1753
,0.1568
,0.189
,0.4685
,0.4187
,0.5804
,0.2011
,0.9259
,0.959
,0.9522
,0.8388
,0.9764
,0.2687
,0.9716
,0.9697
,0.9301
,0.2755
,0.4879
,0.9207
,0.9348
,0.9392
,0.9602
,0.9914
,0.9947
,0.9946
,0.9686
,0.8664
,0.1813
,0.2125
,0.5057
,0.6354
,0.0636
,0.105
,0.8722
,0.1803
,0.596
,0.8323
,0.8248
,0.9076
,0.5475
,0.7775
,0.7919
,0.1503
,0.8022
,0.9882
,0.1574
,0.8049
,0.1619
,0.1011
,0.2083
,0.1232
,0.1695
,0.1396
,0.166
,0.9988
,0.9945
,0.9943
,0.146
,0.9889
,0.0679
,0.5052
,0.1308
,0.0668
,0.1034
,0.8416
,0.0861
,0.0781
,0.1495
,0.1351
,0.0821
,0.1093
,0.1204
,0.1039
,0.0722
,0.1294
,0.0909
,0.133
,0.1217
,0.0873
,0.18
,0.0845
,0.4336
,0.1727
,0.1155
,0.1799
,0.3641
,0.1252
,0.2335
,0.0744
,0.6103
,0.2524
,0.1512
,0.1467
,0.1989
,0.1206
,0.144
,0.3714
,0.1754
,0.1123
,0.2259